file_name,pitch_mean,rms_mean,zcr_mean,zcr_std,mfcc_mean_1,mfcc_mean_2,mfcc_mean_3,mfcc_mean_4,mfcc_mean_5,mfcc_mean_6,mfcc_mean_7,mfcc_mean_8,mfcc_mean_9,mfcc_mean_10,mfcc_mean_11,mfcc_mean_12,mfcc_mean_13,mfcc_std_1,mfcc_std_2,mfcc_std_3,mfcc_std_4,mfcc_std_5,mfcc_std_6,mfcc_std_7,mfcc_std_8,mfcc_std_9,mfcc_std_10,mfcc_std_11,mfcc_std_12,mfcc_std_13,mel_spec_mean_1,mel_spec_mean_2,mel_spec_mean_3,mel_spec_mean_4,mel_spec_mean_5,mel_spec_mean_6,mel_spec_mean_7,mel_spec_mean_8,mel_spec_mean_9,mel_spec_mean_10,mel_spec_mean_11,mel_spec_mean_12,mel_spec_mean_13,mel_spec_mean_14,mel_spec_mean_15,mel_spec_mean_16,mel_spec_mean_17,mel_spec_mean_18,mel_spec_mean_19,mel_spec_mean_20,mel_spec_mean_21,mel_spec_mean_22,mel_spec_mean_23,mel_spec_mean_24,mel_spec_mean_25,mel_spec_mean_26,mel_spec_mean_27,mel_spec_mean_28,mel_spec_mean_29,mel_spec_mean_30,mel_spec_mean_31,mel_spec_mean_32,mel_spec_mean_33,mel_spec_mean_34,mel_spec_mean_35,mel_spec_mean_36,mel_spec_mean_37,mel_spec_mean_38,mel_spec_mean_39,mel_spec_mean_40,mel_spec_mean_41,mel_spec_mean_42,mel_spec_mean_43,mel_spec_mean_44,mel_spec_mean_45,mel_spec_mean_46,mel_spec_mean_47,mel_spec_mean_48,mel_spec_mean_49,mel_spec_mean_50,mel_spec_mean_51,mel_spec_mean_52,mel_spec_mean_53,mel_spec_mean_54,mel_spec_mean_55,mel_spec_mean_56,mel_spec_mean_57,mel_spec_mean_58,mel_spec_mean_59,mel_spec_mean_60,mel_spec_mean_61,mel_spec_mean_62,mel_spec_mean_63,mel_spec_mean_64,mel_spec_mean_65,mel_spec_mean_66,mel_spec_mean_67,mel_spec_mean_68,mel_spec_mean_69,mel_spec_mean_70,mel_spec_mean_71,mel_spec_mean_72,mel_spec_mean_73,mel_spec_mean_74,mel_spec_mean_75,mel_spec_mean_76,mel_spec_mean_77,mel_spec_mean_78,mel_spec_mean_79,mel_spec_mean_80,mel_spec_mean_81,mel_spec_mean_82,mel_spec_mean_83,mel_spec_mean_84,mel_spec_mean_85,mel_spec_mean_86,mel_spec_mean_87,mel_spec_mean_88,mel_spec_mean_89,mel_spec_mean_90,mel_spec_mean_91,mel_spec_mean_92,mel_spec_mean_93,mel_spec_mean_94,mel_spec_mean_95,mel_spec_mean_96,mel_spec_mean_97,mel_spec_mean_98,mel_spec_mean_99,mel_spec_mean_100,mel_spec_mean_101,mel_spec_mean_102,mel_spec_mean_103,mel_spec_mean_104,mel_spec_mean_105,mel_spec_mean_106,mel_spec_mean_107,mel_spec_mean_108,mel_spec_mean_109,mel_spec_mean_110,mel_spec_mean_111,mel_spec_mean_112,mel_spec_mean_113,mel_spec_mean_114,mel_spec_mean_115,mel_spec_mean_116,mel_spec_mean_117,mel_spec_mean_118,mel_spec_mean_119,mel_spec_mean_120,mel_spec_mean_121,mel_spec_mean_122,mel_spec_mean_123,mel_spec_mean_124,mel_spec_mean_125,mel_spec_mean_126,mel_spec_mean_127,mel_spec_mean_128,mel_spec_std_1,mel_spec_std_2,mel_spec_std_3,mel_spec_std_4,mel_spec_std_5,mel_spec_std_6,mel_spec_std_7,mel_spec_std_8,mel_spec_std_9,mel_spec_std_10,mel_spec_std_11,mel_spec_std_12,mel_spec_std_13,mel_spec_std_14,mel_spec_std_15,mel_spec_std_16,mel_spec_std_17,mel_spec_std_18,mel_spec_std_19,mel_spec_std_20,mel_spec_std_21,mel_spec_std_22,mel_spec_std_23,mel_spec_std_24,mel_spec_std_25,mel_spec_std_26,mel_spec_std_27,mel_spec_std_28,mel_spec_std_29,mel_spec_std_30,mel_spec_std_31,mel_spec_std_32,mel_spec_std_33,mel_spec_std_34,mel_spec_std_35,mel_spec_std_36,mel_spec_std_37,mel_spec_std_38,mel_spec_std_39,mel_spec_std_40,mel_spec_std_41,mel_spec_std_42,mel_spec_std_43,mel_spec_std_44,mel_spec_std_45,mel_spec_std_46,mel_spec_std_47,mel_spec_std_48,mel_spec_std_49,mel_spec_std_50,mel_spec_std_51,mel_spec_std_52,mel_spec_std_53,mel_spec_std_54,mel_spec_std_55,mel_spec_std_56,mel_spec_std_57,mel_spec_std_58,mel_spec_std_59,mel_spec_std_60,mel_spec_std_61,mel_spec_std_62,mel_spec_std_63,mel_spec_std_64,mel_spec_std_65,mel_spec_std_66,mel_spec_std_67,mel_spec_std_68,mel_spec_std_69,mel_spec_std_70,mel_spec_std_71,mel_spec_std_72,mel_spec_std_73,mel_spec_std_74,mel_spec_std_75,mel_spec_std_76,mel_spec_std_77,mel_spec_std_78,mel_spec_std_79,mel_spec_std_80,mel_spec_std_81,mel_spec_std_82,mel_spec_std_83,mel_spec_std_84,mel_spec_std_85,mel_spec_std_86,mel_spec_std_87,mel_spec_std_88,mel_spec_std_89,mel_spec_std_90,mel_spec_std_91,mel_spec_std_92,mel_spec_std_93,mel_spec_std_94,mel_spec_std_95,mel_spec_std_96,mel_spec_std_97,mel_spec_std_98,mel_spec_std_99,mel_spec_std_100,mel_spec_std_101,mel_spec_std_102,mel_spec_std_103,mel_spec_std_104,mel_spec_std_105,mel_spec_std_106,mel_spec_std_107,mel_spec_std_108,mel_spec_std_109,mel_spec_std_110,mel_spec_std_111,mel_spec_std_112,mel_spec_std_113,mel_spec_std_114,mel_spec_std_115,mel_spec_std_116,mel_spec_std_117,mel_spec_std_118,mel_spec_std_119,mel_spec_std_120,mel_spec_std_121,mel_spec_std_122,mel_spec_std_123,mel_spec_std_124,mel_spec_std_125,mel_spec_std_126,mel_spec_std_127,mel_spec_std_128,chroma_mean_1,chroma_mean_2,chroma_mean_3,chroma_mean_4,chroma_mean_5,chroma_mean_6,chroma_mean_7,chroma_mean_8,chroma_mean_9,chroma_mean_10,chroma_mean_11,chroma_mean_12,chroma_std_1,chroma_std_2,chroma_std_3,chroma_std_4,chroma_std_5,chroma_std_6,chroma_std_7,chroma_std_8,chroma_std_9,chroma_std_10,chroma_std_11,chroma_std_12,spectral_contrast_mean_1,spectral_contrast_mean_2,spectral_contrast_mean_3,spectral_contrast_mean_4,spectral_contrast_mean_5,spectral_contrast_mean_6,spectral_contrast_mean_7,spectral_contrast_std_1,spectral_contrast_std_2,spectral_contrast_std_3,spectral_contrast_std_4,spectral_contrast_std_5,spectral_contrast_std_6,spectral_contrast_std_7,label
voice001.wav,20.491024,0.12794428,0.125412909,0.026057552,-208.28873,208.91142,-124.08019,11.07888,-21.998215,-23.562008,39.57338,-23.457628,-10.577692,15.480663,3.469402,-5.0540657,-30.088848,57.280834,26.601397,16.46425,8.400363,5.4657145,5.1151776,6.472501,4.9003644,3.6187873,5.8608737,3.99926,4.320279,4.783486,0.004017766,0.00729025,0.01868117,4.4611626,20.145695,0.64669,0.19877604,0.13192639,4.670743,7.608864,0.16696036,0.040417887,0.07323174,6.8150797,7.492992,0.13461187,0.026741717,0.44824097,8.26052,4.2828646,0.14384729,0.07278686,4.66972,26.573912,9.841004,0.36731398,0.26118836,16.14852,46.240826,14.205591,1.2339917,2.1656327,35.508938,64.9897,18.328545,2.4795148,4.714,21.843004,11.843632,1.8817915,0.42511514,4.0906043,14.008889,6.8861856,1.3946339,1.3589027,6.632811,4.735803,2.792154,3.4403372,22.005352,25.489262,9.992626,16.056479,27.061157,11.2153845,1.2553375,1.3210381,0.98919946,0.28208524,0.22343612,0.21289575,0.060309596,0.08504459,0.061846584,0.038970347,0.07118625,0.04550179,0.02636981,0.037486993,0.027023956,0.031321455,0.062068336,0.12562384,0.12465048,0.24411759,0.2025846,0.59697473,1.1030377,1.1444702,0.8535764,0.21360718,0.0972404,0.046411764,0.032083925,0.024189664,0.013295163,0.011367321,0.00673248,0.010750962,0.01724387,0.022231463,0.011647997,0.006012847,0.002227015,0.003809912,0.008779757,0.007387828,0.000620888,1.49E-06,6.29E-08,4.23E-08,3.11E-08,2.41E-08,1.94E-08,1.60E-08,1.35E-08,1.16E-08,1.01E-08,8.93E-09,7.94E-09,7.12E-09,6.44E-09,5.86E-09,5.37E-09,4.96E-09,4.60E-09,4.29E-09,4.02E-09,3.79E-09,3.60E-09,3.43E-09,3.29E-09,3.17E-09,3.08E-09,3.00E-09,2.95E-09,2.92E-09,0.019526187,0.020578297,0.08428605,1.3227527,8.477237,0.61951643,0.13504526,0.0946535,2.4193115,2.3656604,0.33791503,0.05893565,0.15329388,3.0264227,5.7567067,0.25966015,0.05912255,0.633818,3.2052104,3.5124655,0.3557476,0.0952849,5.5242333,10.988976,11.003412,0.9629906,0.5936962,15.982987,26.263857,18.595814,4.24186,5.6982956,32.61395,54.950397,26.174013,8.806524,9.440073,21.343252,9.391875,2.5577867,0.64299554,5.500819,12.128194,6.0748158,2.2396905,2.9398289,7.278647,3.1879284,4.3665276,6.0830116,20.476767,22.193615,12.638481,23.44515,22.809181,13.546973,2.010465,1.1288861,0.83703727,0.38943654,0.18126391,0.19318695,0.058263347,0.065761335,0.047650535,0.033128638,0.04149227,0.04642195,0.0191171,0.031315517,0.020544894,0.019707616,0.04150394,0.08718921,0.07469447,0.19380978,0.13016194,0.5551591,0.79844296,0.5131066,0.7679416,0.1389632,0.0629894,0.019034097,0.019470584,0.016040334,0.007277709,0.008434155,0.006811667,0.013297203,0.011308115,0.015034162,0.010003597,0.006717681,0.002085469,0.004542487,0.011862058,0.010077934,0.000797708,2.44E-06,7.63E-07,5.14E-07,3.77E-07,2.92E-07,2.35E-07,1.95E-07,1.64E-07,1.41E-07,1.23E-07,1.08E-07,9.63E-08,8.64E-08,7.81E-08,7.11E-08,6.52E-08,6.01E-08,5.58E-08,5.20E-08,4.88E-08,4.60E-08,4.36E-08,4.16E-08,3.99E-08,3.85E-08,3.73E-08,3.64E-08,3.58E-08,3.54E-08,0.17422122,0.26456562,0.35417375,0.52885544,0.7760536,0.86242306,0.16738026,0.60240674,0.52526945,0.30560803,0.34928358,0.15175618,0.077212475,0.12223317,0.11087572,0.17630999,0.20054992,0.17616846,0.11825339,0.22503065,0.32560828,0.17889266,0.13699798,0.08052088,28.11231579,22.15161803,25.44481893,24.27583343,23.18341643,69.66511087,17.81276025,4.552389451,3.544690132,4.104367865,3.139800492,2.305998763,8.197814013,2.547749121,hyperkinetic dysphonia
voice002.wav,10.269477,0.28560966,0.110171324,0.014616544,-200.41217,169.38994,-104.05475,4.4162087,-34.944233,-30.447397,23.01738,-30.051338,-8.866405,10.334086,4.527415,3.7847342,-34.777355,48.656723,22.173931,17.34155,10.351502,6.2877717,7.345437,4.753325,5.3466353,3.4109545,4.2849765,3.765014,3.083178,6.001016,0.002829238,0.001692946,0.004994675,0.014562485,17.594421,17.063168,0.04531488,0.021658167,0.018969165,6.2809787,69.81262,4.8961124,0.007313102,0.002775936,0.045312062,40.497437,38.194942,0.13744459,0.0436567,0.0631141,20.936811,170.29344,15.555174,0.26957121,0.2893129,2.0147521,436.49005,349.72446,2.0101306,0.3797006,0.6436264,100.60624,691.93945,90.94222,0.2926715,0.09470461,0.2529007,30.06397,26.587654,0.4301529,0.0363892,0.03995957,1.8612314,6.0044003,0.574681,0.06630383,0.27218515,138.11583,363.55008,17.864834,0.1754063,2.0858243,22.235247,3.8758242,0.026871989,1.0428628,8.812443,1.4521652,0.011687883,0.26697376,0.52468854,0.029441968,0.04682562,0.39930552,0.07194582,0.02500223,0.24713749,0.04308932,0.015611477,0.10561096,0.02221302,0.08322904,0.1521562,0.024137808,0.3689207,0.10010195,0.6130324,0.77189165,0.8451459,1.7533172,0.10107931,0.1927498,0.01867252,0.03302899,0.017985199,0.061480515,0.024651363,0.035799436,0.08598707,0.051577203,0.00734448,0.016374625,0.05069384,0.03831016,0.025277978,0.023298807,0.02030859,0.007984199,0.000863034,8.22E-07,2.22E-09,1.30E-09,9.12E-10,7.11E-10,5.89E-10,5.03E-10,4.36E-10,3.81E-10,3.33E-10,2.90E-10,2.53E-10,2.20E-10,1.90E-10,1.63E-10,1.39E-10,1.18E-10,9.84E-11,8.15E-11,6.65E-11,5.33E-11,4.18E-11,3.22E-11,2.37E-11,1.64E-11,1.10E-11,6.41E-12,2.99E-12,8.74E-13,0.030092662,0.012944332,0.038683582,0.046279207,5.7255487,5.7741437,0.06509669,0.0972557,0.11242716,3.4044309,24.108421,2.3216567,0.042876862,0.01633459,0.29484868,16.941,17.934954,0.68337715,0.39508832,0.5125433,16.62146,79.0206,12.69589,2.5292544,2.6890342,11.916463,218.0093,102.86502,6.3929567,3.345538,4.22927,70.844406,209.19966,93.064896,0.9395161,0.5009653,0.89625686,28.390099,21.557205,0.92028165,0.092050225,0.07825804,2.4474175,4.7092237,0.9648796,0.13375317,0.24167043,99.44833,136.39148,27.208242,0.22154601,3.1966639,13.073875,3.0410388,0.05903066,1.429706,5.285396,1.5382222,0.033812985,0.2723685,0.39997482,0.073422864,0.056295794,0.2308671,0.092088,0.038652014,0.21778794,0.05282115,0.024343671,0.11350055,0.049808417,0.06881245,0.10789151,0.031074151,0.32250383,0.12500626,0.45291963,0.5595255,1.045078,1.4233128,0.107855655,0.20779374,0.025197059,0.037036452,0.015768077,0.04059822,0.02386679,0.030194987,0.10816519,0.05655505,0.014358937,0.014349662,0.032598227,0.02482278,0.021364547,0.025610631,0.016344137,0.006323617,0.001179654,9.63E-07,2.68E-08,1.58E-08,1.11E-08,8.62E-09,7.14E-09,6.10E-09,5.28E-09,4.62E-09,4.03E-09,3.52E-09,3.07E-09,2.66E-09,2.30E-09,1.97E-09,1.68E-09,1.42E-09,1.19E-09,9.87E-10,8.05E-10,6.46E-10,5.06E-10,3.85E-10,2.83E-10,1.97E-10,1.27E-10,7.25E-11,3.33E-11,9.45E-12,0.2570945,0.150827,0.6366933,0.3685823,0.778517,0.090260394,0.1790856,0.9366378,0.16390723,0.040913478,0.059294906,0.06973319,0.072347224,0.08001801,0.20403285,0.12611261,0.1953579,0.09434639,0.11387605,0.11128006,0.10184893,0.09302586,0.077835575,0.06935009,33.05781776,30.36641286,33.00976174,31.57716153,25.10491801,69.34026442,19.31869128,4.149199088,4.733039683,5.335893993,3.689100001,2.499085623,7.147520466,1.663494732,healthy 
voice003.wav,17.72542,0.2555135,0.108650771,0.01988875,-165.66103,161.33084,-136.03,27.08365,-42.04923,-20.803055,45.573532,-40.52519,2.807498,14.331248,-14.215316,1.8990798,-34.83675,55.51483,20.79728,20.503569,12.903035,8.564697,4.166897,11.857549,6.262192,3.8030903,3.2639859,5.318172,4.0539284,5.302531,0.002287247,0.005633046,0.010004835,0.021962501,1.1244533,72.686775,14.817773,0.04269788,0.022795178,0.025717689,0.14867744,38.602715,16.947073,0.035218146,0.012784902,0.016694564,0.13775863,80.32116,68.41622,0.23825651,0.037193835,0.041660964,0.096748285,25.905884,37.808952,0.585754,0.10279826,0.14990698,0.70213753,204.53845,513.6599,22.971962,0.40663433,0.30267647,0.31171882,64.53985,330.43518,39.68067,0.3845008,0.26256552,0.28601196,17.408226,101.359566,16.389174,0.16528599,0.12904042,0.38382086,43.083904,68.01519,3.1628242,0.2961305,1.1351426,100.313965,83.91034,1.9759707,0.8330676,18.970732,47.5804,2.0966928,0.03148496,0.61036074,1.545099,0.13115986,0.03744316,0.46560425,0.27860916,0.01790691,0.23182335,0.48425487,0.04365568,0.17601031,0.47755003,0.033945788,0.19984019,0.42360988,0.11111484,1.9746264,1.2350949,0.92281693,3.172186,0.991908,7.5840926,1.796324,0.39194033,0.3029393,0.37407967,0.43477452,0.62026113,0.79192317,0.48605034,0.8747031,1.117116,0.6419879,2.559856,1.305943,1.3081547,0.37728018,0.11753077,0.002468304,1.59E-05,1.79E-06,1.37E-06,1.11E-06,9.21E-07,7.85E-07,6.80E-07,5.96E-07,5.29E-07,4.73E-07,4.26E-07,3.87E-07,3.53E-07,3.25E-07,3.00E-07,2.79E-07,2.60E-07,2.44E-07,2.30E-07,2.17E-07,2.07E-07,1.97E-07,1.90E-07,1.83E-07,1.77E-07,1.73E-07,1.69E-07,1.66E-07,1.65E-07,0.016252182,0.021714125,0.06350743,0.13052192,0.83593446,18.752213,5.2967076,0.09947836,0.02707046,0.035382926,0.42286283,11.04322,5.8385773,0.2701267,0.05530121,0.05186506,0.35695216,22.623299,27.270126,0.63437223,0.21194273,0.28354037,0.40568444,10.646862,12.299703,0.9513473,0.531427,0.6416817,3.6481316,110.27503,138.60878,33.594093,0.7293906,0.5017826,1.1465805,43.193626,136.09456,49.41263,0.84022284,0.6109049,0.35473663,28.475113,88.84955,20.311491,0.13184783,0.102208555,0.5605918,19.218155,41.225735,7.195997,0.1777484,2.3744068,54.106983,42.400665,3.5403297,0.49792922,19.561249,20.712246,3.3239331,0.05003734,0.68824154,1.1348317,0.1943136,0.03196027,0.39329255,0.27558586,0.04941445,0.18138292,0.2601507,0.06562754,0.1580308,0.33348867,0.052962072,0.16744168,0.33946505,0.118841104,1.2993844,1.2575235,0.9403162,2.1179261,1.5428959,9.027951,2.0860503,0.49761626,0.31697905,0.4475053,0.39643008,0.64429975,0.7180708,0.45283723,1.02499,1.0561985,0.6002912,2.466231,1.860949,1.3717198,0.47899348,0.09317386,0.003977023,4.03E-05,2.17E-05,1.66E-05,1.34E-05,1.12E-05,9.53E-06,8.25E-06,7.23E-06,6.41E-06,5.73E-06,5.17E-06,4.69E-06,4.29E-06,3.94E-06,3.64E-06,3.38E-06,3.15E-06,2.96E-06,2.79E-06,2.64E-06,2.51E-06,2.39E-06,2.30E-06,2.22E-06,2.15E-06,2.09E-06,2.05E-06,2.02E-06,2.00E-06,0.16685365,0.0783992,0.33840606,0.14169791,0.33066958,0.32233232,0.9969869,0.13119394,0.114914015,0.6976725,0.17007403,0.09031765,0.13562696,0.08444632,0.09317049,0.09637748,0.07933005,0.101414904,0.025929948,0.10489529,0.11210626,0.16550279,0.13047165,0.10626082,32.59295843,27.64220373,31.11653669,27.19704468,22.51379571,75.60987105,19.60210907,4.295198576,4.610813918,4.741702986,3.019269081,2.428621334,9.024554218,2.923363988,hyperkinetic dysphonia
voice004.wav,9.185591,0.04991443,0.089080196,0.016614311,-315.4934,160.77603,-116.57303,47.193066,13.876369,3.7246192,17.419231,-40.21633,27.083532,7.6795435,-34.057022,12.380659,-20.849583,54.77549,21.688282,18.45487,8.902564,4.6083183,4.9052505,4.668231,6.6877766,4.723825,3.5951295,4.8488007,3.3475149,4.476117,0.001879874,0.003529896,0.006735751,0.007386635,0.072424404,0.096734114,0.9396719,39.32221,10.723315,0.056030042,0.03640158,0.02397569,0.016513262,0.003168673,0.018438043,1.6858481,1.2282004,0.014258129,0.001927411,0.001728292,0.001374507,0.001668343,0.019490518,1.9692731,2.6158106,0.35083407,0.003213404,0.002558508,0.003736262,0.004307594,0.009857583,0.984952,1.5458847,0.4169693,0.029886188,0.001906741,0.0023259,0.003452144,0.008972889,0.5833002,1.3461314,0.7611515,0.16602668,0.003676956,0.00175806,0.001919536,0.11590556,1.6111476,1.122323,0.21982333,0.046043273,0.03157352,0.04025161,0.65065455,1.105932,0.61517936,0.17550577,0.0386316,0.18117806,2.102222,2.2677526,0.46854806,0.11048262,0.4586384,1.8266903,0.5950061,0.10047592,0.033211984,0.08679861,0.07863315,0.026748603,0.009931455,0.019282844,0.017945772,0.006411619,0.003045868,0.005605951,0.007478013,0.004026924,0.011756725,0.014246542,0.002788944,0.002129741,0.002755548,0.000829376,0.003945022,0.004150363,0.006671841,0.030495308,0.03686343,0.07393306,0.065712266,0.03558806,0.023953866,0.012776221,0.006943,0.004886197,0.001570926,0.000174949,2.73E-07,1.87E-08,1.25E-08,8.93E-09,6.69E-09,5.16E-09,4.06E-09,3.24E-09,2.61E-09,2.12E-09,1.73E-09,1.42E-09,1.17E-09,9.64E-10,7.94E-10,6.52E-10,5.34E-10,4.35E-10,3.52E-10,2.83E-10,2.25E-10,1.76E-10,1.35E-10,1.02E-10,7.46E-11,5.29E-11,3.63E-11,2.45E-11,1.74E-11,0.001685686,0.008070442,0.009139756,0.017584188,0.061669502,0.06542645,0.7561235,13.018694,9.378999,0.09001255,0.04775954,0.036078915,0.018087754,0.014420022,0.033815205,0.84196836,1.0717945,0.04219887,0.007052656,0.009243861,0.004325099,0.007265782,0.03483029,1.175429,2.2788007,1.1148808,0.004053624,0.002137204,0.002816455,0.003155426,0.01797566,0.7546908,1.05019,1.2796861,0.13521361,0.004499895,0.003061204,0.00571342,0.015217994,0.563968,0.8992884,1.3258197,0.68378276,0.006632567,0.005450893,0.008612555,0.19428287,1.4252957,1.095457,0.5751439,0.07204743,0.021996027,0.03854464,0.8124756,0.8585096,1.1335285,0.675516,0.034187175,0.3066481,1.7752085,2.7428687,1.000525,0.1048827,0.5318653,1.3357921,0.55047435,0.1705407,0.02222264,0.08593614,0.09347365,0.03764195,0.009588111,0.017521992,0.018626671,0.01017223,0.002361186,0.005133899,0.010454002,0.006335975,0.009570779,0.01583854,0.00400315,0.001669256,0.002995719,0.00078177,0.003838714,0.003452027,0.005482772,0.02389353,0.03697861,0.058943857,0.048712615,0.042307954,0.014131048,0.013173523,0.005174672,0.005807428,0.001642156,0.000193426,6.68E-07,2.26E-07,1.51E-07,1.08E-07,8.11E-08,6.26E-08,4.92E-08,3.93E-08,3.17E-08,2.57E-08,2.10E-08,1.73E-08,1.42E-08,1.17E-08,9.63E-09,7.91E-09,6.48E-09,5.28E-09,4.27E-09,3.43E-09,2.73E-09,2.13E-09,1.64E-09,1.24E-09,9.05E-10,6.41E-10,4.40E-10,2.97E-10,2.11E-10,0.02354554,0.21900919,0.12427699,0.03579679,0.10636561,0.16820937,0.91515183,0.613871,0.20067175,0.079351306,0.09482574,0.04232137,0.03392151,0.08513237,0.07921261,0.03583279,0.06449896,0.072492026,0.20137852,0.2550678,0.10374121,0.06279503,0.052364808,0.052009586,29.74290346,28.02946012,27.14483839,25.71897985,25.7325221,75.79083115,17.3521791,3.965504495,4.41526535,3.591580853,3.230878064,2.460199448,8.336947443,2.03476751,hypokinetic dysphonia
voice005.wav,8.279461,0.18120316,0.12098233,0.015865157,-205.59216,152.89424,-118.93905,16.62906,-21.430935,2.6009767,42.23806,-31.971981,11.9140415,0.4186551,-34.874733,11.043778,-12.834906,53.70927,22.09318,18.61516,7.4757304,4.3358803,5.0951333,6.822069,7.4471507,4.066593,4.643647,5.825479,4.3671684,3.424766,0.002944136,0.004325169,0.012547644,0.018971503,0.11349685,6.2181296,81.585175,8.505732,0.081939824,0.08549104,0.033018604,0.016136346,1.4058301,13.299398,1.4989982,0.008948673,0.006959034,0.010679925,0.017654743,5.104006,31.391232,4.125642,0.02264034,0.008091153,0.005369045,0.020974914,2.4896538,15.1403055,5.575152,0.2548097,0.026612397,0.031067394,0.24785978,22.721388,93.02953,16.629316,0.92363036,0.08445456,0.13637267,1.9537972,129.73245,389.5882,134.70699,13.828424,0.37428576,0.21962477,2.6557744,19.533049,12.151885,2.0035045,0.14464438,0.5789433,11.601843,28.926275,9.843779,1.1523739,0.53336215,7.8325434,10.944949,2.1981223,0.15948826,0.18776564,0.81983715,0.9035115,0.35748065,0.3949012,1.930101,0.41951305,0.031118661,0.23592727,0.5346848,0.11978806,0.06503804,0.24416901,0.053175263,0.0179226,0.057155777,0.022015482,0.019290322,0.06573748,0.01890559,0.0309695,0.058121234,0.034821816,0.14793701,0.16504905,0.26741147,0.6469747,0.5229654,0.38601822,0.24535213,0.404831,0.10576464,0.08666077,0.057305504,0.04831248,0.07657612,0.060383406,0.002150043,1.03E-05,2.01E-06,1.49E-06,1.18E-06,9.70E-07,8.21E-07,7.06E-07,6.16E-07,5.45E-07,4.87E-07,4.38E-07,3.97E-07,3.63E-07,3.34E-07,3.08E-07,2.86E-07,2.67E-07,2.51E-07,2.36E-07,2.24E-07,2.13E-07,2.04E-07,1.96E-07,1.89E-07,1.83E-07,1.78E-07,1.75E-07,1.72E-07,1.71E-07,0.016129917,0.012831556,0.04292689,0.081656516,0.2664287,4.051493,24.754908,8.713666,0.3366541,0.16777459,0.06340199,0.06453531,1.1228343,6.4990396,1.2398477,0.05827259,0.043760527,0.07827129,0.10545193,4.9923472,14.937,3.5061293,0.055513695,0.034077957,0.01256059,0.062053822,2.852858,6.5213766,8.545294,0.7510233,0.074316,0.13752404,0.7952681,25.627613,67.50007,16.8879,2.9432085,0.088387445,0.2671855,8.659059,149.76112,199.48749,184.19576,41.45445,0.71944976,0.2668521,7.30657,17.291203,14.296016,5.071827,0.25426483,2.4587817,18.961992,19.992565,14.661591,3.4983237,2.3336926,11.185658,6.4916596,3.7376215,0.4672973,0.40271777,0.8363745,1.6430787,1.0437304,0.59235185,1.3119143,0.4135768,0.050140217,0.22688642,0.43841106,0.21945864,0.08377375,0.20207603,0.06651988,0.027205242,0.05098054,0.02515847,0.01997223,0.05867865,0.020793134,0.024016548,0.051921386,0.049075097,0.13426189,0.22994038,0.22429544,0.7323998,0.6086533,0.28993073,0.2631037,0.46674162,0.105719715,0.074861325,0.058045276,0.054605536,0.071204,0.066498496,0.003043941,4.28E-05,2.44E-05,1.81E-05,1.43E-05,1.18E-05,9.95E-06,8.57E-06,7.48E-06,6.62E-06,5.90E-06,5.31E-06,4.82E-06,4.40E-06,4.05E-06,3.74E-06,3.47E-06,3.24E-06,3.04E-06,2.87E-06,2.72E-06,2.58E-06,2.47E-06,2.37E-06,2.29E-06,2.22E-06,2.16E-06,2.12E-06,2.09E-06,2.07E-06,0.32808912,0.03477215,0.065023266,0.04279311,0.19095148,0.09004487,0.052740034,0.06013814,0.19459859,0.04005222,0.12546843,0.9596871,0.27074638,0.03795988,0.050697364,0.028186435,0.07114318,0.0954083,0.031004185,0.031148495,0.10372237,0.03188628,0.094834745,0.15045336,31.6044471,24.61743986,28.7867003,28.68612286,23.13435447,73.54051461,19.51271414,3.85371664,3.956519442,4.482401301,2.893527651,2.08182776,8.784286192,3.028293334,hypokinetic dysphonia
voice006.wav,17.501415,0.19291927,0.098160917,0.016006664,-160.1223,182.85774,-134.53833,12.420901,-22.391119,-14.966108,33.24099,-26.164652,2.8622532,0.6078755,-8.79561,0.84161913,-35.55746,57.595448,25.15105,21.69908,11.022334,6.857619,5.043134,6.7101254,6.036887,3.7850583,3.7313497,3.8365853,2.6733928,5.6872334,0.002716067,0.006396605,0.018741114,6.501517,56.23779,2.8232195,0.076227404,0.0441886,12.3889885,60.060745,3.1150796,0.02448482,0.029030167,3.1784554,9.605326,0.45206097,0.007914311,0.07415985,17.03183,38.318417,2.4400928,0.048943076,0.24932876,11.364671,18.87302,1.6533511,0.07142794,1.0049139,26.874615,49.1681,8.393434,0.2173382,9.944757,127.57886,149.31378,19.76261,0.91377974,18.55958,90.4049,50.29429,4.4837613,0.27558762,10.1628275,52.76445,38.023155,4.034645,2.585992,21.263699,30.391474,4.6977754,2.236059,30.392076,55.812023,16.598997,15.139931,37.112442,23.24038,1.9606586,3.0176592,2.3716803,0.76641905,1.49869,1.8304911,0.36647597,0.52919763,0.38485283,0.14435545,0.37750816,0.25536606,0.21662048,0.30507675,0.25873592,0.6215019,0.40820727,0.37931252,0.2978445,0.68991786,1.6569748,3.6159,3.1032093,0.689458,0.29855105,0.23197123,0.12980588,0.034101717,0.03892924,0.07452963,0.030808238,0.014352658,0.031413343,0.04175145,0.03568539,0.083081216,0.19845222,0.2588332,0.42761236,0.53478485,0.11621159,0.002355783,3.80E-06,2.16E-07,1.96E-07,1.74E-07,1.54E-07,1.38E-07,1.23E-07,1.11E-07,1.00E-07,9.13E-08,8.34E-08,7.66E-08,7.07E-08,6.56E-08,6.10E-08,5.70E-08,5.35E-08,5.05E-08,4.78E-08,4.54E-08,4.33E-08,4.15E-08,4.00E-08,3.86E-08,3.75E-08,3.66E-08,3.59E-08,3.54E-08,3.50E-08,0.019912247,0.047779564,0.12942359,2.5382743,20.206038,2.1780581,0.12849776,0.10952652,8.11076,22.06083,3.6097453,0.119290136,0.16935448,2.1451602,3.1705568,0.529484,0.011118444,0.16454925,10.983331,15.238617,3.872765,0.20401685,0.60772175,7.964392,9.056625,3.070287,0.16911824,2.0704477,15.929571,36.426075,18.780005,0.2678073,18.727598,103.03201,115.22447,40.607098,1.499577,33.854652,75.646866,34.80514,9.550424,0.5172385,15.674346,36.001247,36.41235,11.306097,5.077081,16.588894,20.970905,7.1611943,4.2481847,21.624182,35.35916,32.020134,25.483244,19.77394,21.503025,3.2151136,2.727791,1.7403486,1.1929945,1.3301337,1.5825423,0.40179572,0.4593945,0.26418594,0.15517771,0.26071543,0.23398297,0.17090043,0.23519881,0.25092784,0.47470897,0.445355,0.22869527,0.20691429,0.60484576,1.5093036,3.114468,2.671426,0.5824509,0.21698,0.18055703,0.11197336,0.029440692,0.031733777,0.06817408,0.025634563,0.009482491,0.02494171,0.0274984,0.025679877,0.06938579,0.15332673,0.21135946,0.3518449,0.44102806,0.105178416,0.002089777,5.01E-06,2.62E-06,2.37E-06,2.11E-06,1.87E-06,1.67E-06,1.50E-06,1.34E-06,1.22E-06,1.11E-06,1.01E-06,9.30E-07,8.58E-07,7.95E-07,7.40E-07,6.92E-07,6.50E-07,6.12E-07,5.79E-07,5.51E-07,5.25E-07,5.03E-07,4.85E-07,4.68E-07,4.55E-07,4.44E-07,4.35E-07,4.29E-07,4.25E-07,0.3316848,0.19235963,0.34554148,0.3062007,0.46517062,0.6122168,0.23493102,0.35418534,0.8380856,0.27199733,0.7901893,0.2767003,0.12942043,0.08672322,0.14793947,0.1248589,0.21099167,0.21814202,0.17207444,0.1980533,0.22882438,0.10098095,0.24452032,0.11606764,31.97827744,27.08862715,27.35994813,24.50594353,22.4569882,73.37847591,17.979515,4.05347616,4.229531198,3.843869253,2.876143084,2.871168657,8.34912294,2.620458643,hypokinetic dysphonia
voice007.wav,13.631411,0.12295289,0.085311582,0.012752668,-197.23537,212.30344,-109.58092,29.384916,-27.081236,-33.40908,28.805805,-33.505077,-6.6529074,11.809393,1.3091091,10.980375,-23.844326,60.362217,28.0478,17.19534,8.233884,4.696772,5.1591954,5.2077775,5.310854,3.0168629,3.086482,2.4559276,2.9709442,3.949213,0.00442131,0.011274707,0.028478783,32.87762,22.370682,0.15788099,0.21121423,9.236419,33.164154,0.9558445,0.050386403,0.36897197,14.1235485,4.4252186,0.05953908,0.05823014,5.041019,8.24408,0.46734697,0.253468,8.424008,69.309616,15.940076,1.9600685,3.8641021,94.90486,66.89862,3.3195238,0.41832596,10.710142,27.998034,4.4094076,0.46725163,0.83334464,3.7601159,2.664011,0.91708905,0.77686477,8.096204,8.75144,0.9531434,0.25570917,1.0892148,4.2265553,1.1278962,0.3047278,1.7466174,7.3238387,2.1783047,0.63602144,4.142029,3.7562747,1.2212179,1.5823495,2.9133792,0.930287,0.76365966,1.5254395,0.47487977,0.33573997,0.26070815,0.050104324,0.07819106,0.08716179,0.051951524,0.09974906,0.027726775,0.049461678,0.043190274,0.039240174,0.046490893,0.07468152,0.14091197,0.104557864,0.13361333,0.17286979,0.375897,1.3073255,1.4295291,0.667003,0.20874709,0.13503425,0.07255624,0.05046081,0.04318234,0.026091088,0.016831104,0.017539589,0.016372696,0.025194703,0.035012078,0.032057364,0.11231617,0.09295067,0.014810818,0.007216741,0.014308486,0.00396585,0.000355599,4.21E-06,1.44E-06,1.09E-06,8.76E-07,7.24E-07,6.15E-07,5.30E-07,4.63E-07,4.10E-07,3.66E-07,3.29E-07,2.99E-07,2.73E-07,2.51E-07,2.31E-07,2.15E-07,2.00E-07,1.88E-07,1.77E-07,1.68E-07,1.59E-07,1.52E-07,1.46E-07,1.41E-07,1.37E-07,1.33E-07,1.30E-07,1.28E-07,1.27E-07,0.032271426,0.038406763,0.10419306,8.483066,7.1035886,0.116332635,0.18270302,4.3397775,10.621401,1.6063061,0.060697537,0.41635337,4.6112547,3.4726999,0.121094495,0.16755643,2.0008378,4.4941263,0.9670246,0.26698142,6.481525,28.343641,27.330713,1.9596084,4.896548,44.723087,40.192753,9.527441,0.62257195,8.473871,15.561248,9.209717,0.47889447,0.6861916,3.276509,3.710054,1.7398697,0.7674798,7.018073,6.4039836,1.5358596,0.20779048,1.0256236,2.702775,1.5220623,0.4200894,1.0894955,4.250274,3.7728739,0.95617044,3.0762284,2.7713149,2.6450808,1.2871586,1.7916068,1.4633442,0.66565907,1.084196,0.42326808,0.32685262,0.17203099,0.058879208,0.053927027,0.08077942,0.068960026,0.056390945,0.023904752,0.028176583,0.044058815,0.021402124,0.030828455,0.05543487,0.10821674,0.0671504,0.07965988,0.12037228,0.25454032,0.9612234,1.3289758,0.52355605,0.14413232,0.086508386,0.039083734,0.032567,0.02772581,0.015532739,0.009853484,0.012721533,0.010998466,0.015389781,0.020770067,0.023736699,0.07633969,0.0669783,0.014207207,0.005258592,0.009920573,0.002229176,0.0002415,2.70E-05,1.75E-05,1.33E-05,1.06E-05,8.79E-06,7.46E-06,6.43E-06,5.62E-06,4.98E-06,4.44E-06,4.00E-06,3.62E-06,3.31E-06,3.04E-06,2.81E-06,2.60E-06,2.43E-06,2.28E-06,2.15E-06,2.03E-06,1.93E-06,1.85E-06,1.77E-06,1.71E-06,1.66E-06,1.62E-06,1.58E-06,1.56E-06,1.54E-06,0.48942465,0.17746417,0.21952716,0.97112983,0.36684775,0.122691095,0.25123653,0.1006847,0.2668856,0.15035062,0.11831449,0.12091325,0.17955449,0.15154293,0.0796824,0.13549864,0.20954733,0.058825936,0.10405466,0.03631171,0.056566734,0.075711615,0.0666139,0.05176647,30.62193525,22.85592044,22.47085461,19.43920988,20.68749638,72.75109794,18.01648797,4.228737965,3.699888802,3.534720552,2.707775019,2.419809735,9.126746084,2.657169657,hyperkinetic dysphonia
voice008.wav,8.731224,0.17322947,0.093222394,0.0130058,-225.6164,174.31714,-117.986946,9.546129,-24.435997,-21.044123,40.087368,-16.1981,-5.028165,3.4760644,-15.674762,-7.7473273,-16.633694,56.279613,25.149956,18.410154,6.6335616,4.5988693,3.7236125,6.9232883,5.2859387,3.6066558,2.6150057,4.004078,2.751179,3.2840889,0.001535183,0.003411057,0.006060637,0.011022566,0.061707985,0.11310898,2.9165413,69.32648,9.086011,0.05268243,0.019073887,0.01037456,0.012684737,0.008225746,1.207224,35.393658,8.328215,0.015408888,0.016231943,0.014530987,0.017455952,0.024595937,2.0091107,64.54149,25.706837,0.093202844,0.020041645,0.016904546,0.03628336,0.10283864,6.4338117,233.0806,136.6488,2.0372138,0.3351951,0.35355583,0.31317595,0.40995455,8.647179,182.46425,99.682076,2.7935467,0.29464385,0.2643504,0.36776778,0.25524908,11.85623,52.936348,12.265337,0.16989432,0.08430778,0.078655265,0.6259551,12.397707,10.209377,0.369721,0.04635926,0.033723854,1.1687835,4.4262185,0.881297,0.036478,0.029064741,0.24886225,0.79947454,0.10000043,0.01536886,0.02550987,0.18032163,0.08285007,0.005862946,0.030207742,0.21644162,0.06221148,0.004756288,0.101341255,0.22762237,0.044765875,0.5043987,2.8566227,0.81733745,0.22138803,0.5468117,0.12588044,0.02067861,0.0768377,0.017351234,0.010348803,0.019575717,0.006592769,0.024461018,0.006929154,0.00647828,0.010382356,0.009630256,0.022568624,0.007885404,0.008403309,0.000629449,2.08E-06,1.03E-06,7.76E-07,6.15E-07,5.04E-07,4.25E-07,3.64E-07,3.16E-07,2.78E-07,2.47E-07,2.21E-07,2.00E-07,1.82E-07,1.67E-07,1.54E-07,1.42E-07,1.32E-07,1.24E-07,1.17E-07,1.10E-07,1.05E-07,9.99E-08,9.59E-08,9.24E-08,8.95E-08,8.72E-08,8.53E-08,8.41E-08,8.32E-08,0.001019612,0.003167727,0.005563647,0.011064019,0.06083707,0.07638849,1.7811161,18.205605,3.777527,0.054805726,0.027375156,0.020644644,0.020060053,0.023006644,1.3384882,11.150046,5.6166635,0.014451073,0.013278199,0.012975383,0.01585805,0.0200766,2.917878,18.793442,19.40143,0.20686236,0.047266345,0.039328735,0.051749628,0.12277591,9.289241,81.93922,97.27075,5.2797565,0.26750824,0.29013374,0.2708369,0.3948145,14.824555,116.71172,53.77971,6.8310757,0.19169866,0.19079342,0.27613544,0.1987628,12.096384,18.057621,17.986958,0.19881845,0.066550694,0.0666908,1.2799486,5.6649957,9.920931,1.0896199,0.03422494,0.023523018,1.4533451,2.0850883,1.6243601,0.036532674,0.035074405,0.19074765,0.5043643,0.16044174,0.016273422,0.039318863,0.08060576,0.10808964,0.004305129,0.03567292,0.099127464,0.076828614,0.003257927,0.074939266,0.12212647,0.057258073,0.6515344,1.4835078,1.1287895,0.28255093,0.45989212,0.14741027,0.021307373,0.042004,0.027092418,0.009060565,0.016672183,0.009180298,0.02068793,0.00721982,0.004293908,0.008911838,0.009078967,0.020546854,0.010503842,0.006056207,0.000945686,1.96E-05,1.26E-05,9.41E-06,7.46E-06,6.11E-06,5.15E-06,4.41E-06,3.83E-06,3.37E-06,3.00E-06,2.69E-06,2.43E-06,2.21E-06,2.02E-06,1.86E-06,1.72E-06,1.61E-06,1.50E-06,1.41E-06,1.34E-06,1.27E-06,1.21E-06,1.16E-06,1.12E-06,1.09E-06,1.06E-06,1.04E-06,1.02E-06,1.01E-06,0.04139107,0.3819847,0.14074735,0.04180585,0.078823686,0.119548224,0.97839856,0.3166557,0.01786043,0.12840424,0.6498559,0.09877358,0.037078768,0.066358335,0.09035634,0.056316122,0.05783893,0.067323215,0.11797491,0.1795631,0.0755776,0.09969404,0.23391764,0.041962255,31.99385495,27.05853307,30.93857567,26.81855989,24.89241958,69.28189615,17.79118261,3.873895292,4.353406041,4.104460623,3.043617093,2.346735636,8.373636592,2.677731762,reflux laryngitis
voice009.wav,6.413983,0.10752585,0.074887269,0.015083967,-242.13213,186.65843,-106.357315,33.894714,-25.701664,-21.30045,31.821188,-31.959574,6.7339606,5.5525265,-23.066114,-0.8436994,-22.488218,60.473057,26.459772,18.520605,9.117586,5.3959866,7.7726107,6.9872174,7.051189,4.166087,2.7699654,5.3847156,2.8475893,5.783515,0.00701783,0.013299499,0.017597979,0.027699135,0.101961434,7.9983187,84.80228,6.8698254,0.088288605,0.09976693,0.041026223,0.039652646,11.746601,80.630806,7.388794,0.022855224,0.011166319,0.014814225,0.027492372,6.157415,33.89966,5.4050684,0.13434647,0.017438738,0.023655808,0.09767338,12.309798,46.7592,9.943871,1.3034432,0.15592572,0.13752387,0.70500135,13.82959,29.949802,6.2446737,0.78792876,0.08577666,0.06730892,0.42745045,6.285981,11.597001,2.4753997,0.76601243,0.21365607,0.16176485,0.6082867,1.5524696,0.917925,0.18426687,0.12132524,0.13739134,0.5135829,1.0868615,0.29526624,0.17936279,0.120459534,0.6057475,0.8266229,0.14890984,0.08287906,0.18000343,0.33760306,0.11008379,0.019377258,0.044094656,0.1056154,0.04413761,0.018706633,0.051407766,0.08427031,0.015291438,0.016700882,0.044565145,0.015908947,0.013758038,0.052627813,0.03548871,0.053295963,0.16594197,0.08163918,0.13418402,0.16728845,0.03547874,0.06325809,0.06187316,0.091552705,0.039240297,0.018549401,0.018561848,0.007084238,0.013664673,0.015015085,0.025397604,0.023506694,0.050727643,0.05751789,0.023991307,0.000568037,1.16E-06,7.90E-08,6.74E-08,5.82E-08,5.08E-08,4.49E-08,4.00E-08,3.58E-08,3.23E-08,2.93E-08,2.67E-08,2.45E-08,2.26E-08,2.09E-08,1.94E-08,1.81E-08,1.70E-08,1.60E-08,1.51E-08,1.43E-08,1.36E-08,1.30E-08,1.25E-08,1.21E-08,1.17E-08,1.14E-08,1.12E-08,1.10E-08,1.09E-08,0.054357525,0.10558987,0.07828084,0.18020312,0.31045628,4.5471673,25.29519,7.6629596,0.16864437,0.09055273,0.04953044,0.06574565,10.035783,24.70769,8.061364,0.09377756,0.04126536,0.0816049,0.13871661,5.159574,11.712517,9.9747305,0.74515676,0.030173505,0.02838861,0.23478027,12.130458,18.92443,21.035069,8.084412,0.11994561,0.09017578,2.644882,19.825792,14.654885,8.819717,4.527646,0.09687169,0.048530277,1.3765576,10.5366535,14.9340925,4.318276,3.7312295,0.2845672,0.14044335,1.6142379,2.6488676,2.014556,0.52034795,0.26175877,0.2652611,0.63026947,0.8844047,0.34488025,0.5796376,0.1314609,0.9377713,0.75024134,0.14776549,0.07006962,0.24952993,0.30625352,0.12942432,0.011277176,0.046694368,0.07133269,0.046167098,0.019822381,0.040843975,0.06554667,0.016146826,0.012948307,0.028732754,0.017381266,0.010204759,0.042082403,0.03119894,0.03906889,0.15087081,0.08857016,0.109000094,0.16178514,0.028263343,0.03945671,0.045853406,0.18097691,0.055655506,0.024908245,0.021084148,0.005919143,0.007813336,0.008946395,0.014764689,0.010725308,0.026688242,0.039396126,0.027490336,0.000654416,1.87E-06,9.58E-07,8.18E-07,7.07E-07,6.17E-07,5.45E-07,4.85E-07,4.34E-07,3.92E-07,3.56E-07,3.24E-07,2.97E-07,2.74E-07,2.53E-07,2.35E-07,2.20E-07,2.06E-07,1.94E-07,1.83E-07,1.74E-07,1.65E-07,1.58E-07,1.52E-07,1.47E-07,1.42E-07,1.39E-07,1.36E-07,1.34E-07,1.33E-07,0.07212942,0.026774783,0.03824958,0.33703184,0.97174126,0.2144818,0.033883583,0.14300877,0.2623881,0.0339979,0.10551232,0.35932612,0.09605057,0.080530055,0.08116669,0.21071674,0.13457744,0.15927154,0.05538576,0.16246091,0.093297,0.06589582,0.10962102,0.17135704,30.93585444,26.41088296,26.9823624,23.34523191,18.87517082,72.54925903,19.23361208,4.142707848,4.532294785,3.736432535,2.617736229,2.008239814,8.872029275,2.746722987,hyperkinetic dysphonia
voice010.wav,8.808159,0.24764964,0.121788486,0.018952229,-225.09631,140.9328,-107.34251,10.562782,-17.087526,19.513266,40.68303,-38.712482,11.887466,-7.099891,-43.443,8.054817,-17.697561,49.552856,21.028496,16.774664,8.922257,4.5429063,3.880818,6.717566,6.9218903,4.01662,2.6352267,6.810161,3.2949593,4.075565,0.003304083,0.006258116,0.00792392,0.01083577,0.0662357,0.10778727,0.20032379,0.13158016,86.960594,459.15356,13.257154,0.06341809,0.03519037,0.02196686,0.020194843,0.015478535,0.012260921,0.020360487,11.590533,28.10609,0.5699828,0.011299079,0.010942316,0.009126875,0.010000606,0.012358766,0.015494923,0.0608328,29.402718,45.37596,0.9150229,0.052296605,0.037108753,0.037053686,0.033976126,0.062534496,0.08859555,2.0457845,431.5205,424.4563,9.215932,0.73825175,0.5362613,0.39198914,0.31520858,0.23493017,0.30236426,138.43115,219.82393,4.8512883,0.11213067,0.08252582,0.06387547,0.065417975,0.8705821,35.78346,11.243406,0.119526744,0.09433457,0.0959132,0.09440865,16.896667,25.792799,0.4454953,0.022276152,0.013667963,0.04098083,0.98342115,0.22874448,0.004666145,0.004565182,0.03461794,0.34408453,0.027370159,0.001918153,0.001984784,0.10191217,0.057463672,0.001634884,0.001328803,0.059578363,0.030122431,0.001845294,0.022095172,0.1572101,0.011278708,0.004464823,0.36759913,0.14573659,0.021545144,3.012356,1.553834,0.04477252,1.1729984,0.27369314,0.08518212,0.37375122,0.010599802,0.000349648,2.65E-05,1.25E-06,9.13E-07,7.04E-07,5.62E-07,4.62E-07,3.86E-07,3.28E-07,2.83E-07,2.46E-07,2.17E-07,1.92E-07,1.72E-07,1.55E-07,1.41E-07,1.29E-07,1.18E-07,1.09E-07,1.02E-07,9.51E-08,8.95E-08,8.46E-08,8.06E-08,7.72E-08,7.43E-08,7.20E-08,7.02E-08,6.90E-08,6.81E-08,0.020136757,0.03481468,0.029116487,0.034404617,0.078882575,0.10543398,0.26733902,0.39553174,32.25258,128.30951,8.830267,0.44678572,0.22330724,0.13474871,0.097625606,0.0875494,0.102635376,0.17906699,5.286807,7.032135,0.71282685,0.09037175,0.09456544,0.06739957,0.08001764,0.09727843,0.12417599,0.5006604,11.335767,19.251219,1.7985197,0.19346468,0.14410912,0.19834389,0.18203847,0.4165448,0.5158477,3.8047843,164.70908,261.46506,23.469671,0.46196207,0.34358686,0.23521739,0.25450844,0.19374186,0.3358735,100.62603,94.802635,8.527785,0.08763304,0.05199415,0.04655123,0.06877178,1.0286767,16.98789,7.639464,0.12287496,0.07563637,0.08784736,0.20246747,13.351478,16.971928,1.0698795,0.054482944,0.03573333,0.06535147,0.77438444,0.21415053,0.007596089,0.007094632,0.036833007,0.27800542,0.029424923,0.002381655,0.002024969,0.07786597,0.05002984,0.001660655,0.00144832,0.052972745,0.030580891,0.0014021,0.02544208,0.13190266,0.011987995,0.003878784,0.27867633,0.12879272,0.013156226,2.4016562,1.4839058,0.035997856,0.9604009,0.31424406,0.08616716,0.3381267,0.015704831,0.00029781,3.62E-05,1.52E-05,1.11E-05,8.54E-06,6.82E-06,5.60E-06,4.69E-06,3.98E-06,3.43E-06,2.99E-06,2.63E-06,2.33E-06,2.09E-06,1.88E-06,1.71E-06,1.56E-06,1.43E-06,1.33E-06,1.23E-06,1.15E-06,1.09E-06,1.03E-06,9.78E-07,9.36E-07,9.01E-07,8.73E-07,8.52E-07,8.36E-07,8.27E-07,0.010093934,0.1083576,0.3645197,0.031926673,0.01790068,0.11401212,0.021412564,0.029421192,0.057872325,0.18258527,0.98378336,0.19642171,0.06472363,0.10843224,0.18264337,0.033089314,0.015926076,0.02285032,0.010631449,0.018144403,0.026620708,0.06118008,0.11873582,0.0852609,19.37588949,31.56654438,31.07081998,30.06226974,30.16546995,76.11429604,19.10558771,3.738618707,4.45251959,3.705725197,3.041547139,2.551501896,8.987292292,2.693605486,hypokinetic dysphonia
voice011.wav,11.042724,0.25582096,0.116751652,0.032413909,-178.79877,160.42873,-136.57112,10.324274,-23.707983,-17.750702,36.955276,-33.333126,-3.6876392,15.0508995,-15.552,-8.095344,-25.075834,49.527973,20.91053,18.795906,6.712391,5.651757,4.507718,6.0681357,6.266731,3.7212012,3.266793,3.4331205,3.103548,5.062029,0.002025703,0.005145645,0.007562018,0.013155454,0.05353243,0.17004527,102.36937,85.90666,0.13636105,0.04478549,0.024900911,0.012638203,0.021026231,8.708292,43.575653,3.221356,0.04012322,0.014157529,0.0245696,0.025512826,2.683199,61.939217,40.220196,0.5086741,0.07727472,0.07358722,0.103147365,1.1189034,83.11832,225.43753,28.905434,0.39264488,0.14248112,0.19760744,2.301434,92.492744,429.42923,263.03748,9.744923,0.4193977,0.34568357,0.40996757,2.9501684,23.310684,35.299694,6.642595,0.5128486,0.702739,8.057852,55.558895,128.55795,32.308186,0.6872306,1.19559,25.53734,142.74355,82.26057,5.6499968,0.30303618,1.6745967,8.535548,6.784866,0.36936793,0.112478845,0.41695082,0.6013663,0.1589541,0.06356818,0.50924826,0.7169328,0.15852046,0.08314748,0.2648781,0.2369624,0.10069184,0.34636927,0.6208342,0.21102059,0.41517153,0.9204162,0.42672834,0.65693974,1.0227925,0.4158056,0.6697284,0.41111755,0.1341664,0.21316533,0.10177964,0.07522031,0.041068997,0.07793244,0.052835137,0.027622767,0.057974353,0.14884286,0.06686166,0.016130684,0.000903204,7.50E-07,2.48E-07,1.92E-07,1.56E-07,1.30E-07,1.11E-07,9.67E-08,8.49E-08,7.55E-08,6.77E-08,6.11E-08,5.56E-08,5.08E-08,4.68E-08,4.32E-08,4.02E-08,3.75E-08,3.52E-08,3.32E-08,3.14E-08,2.99E-08,2.86E-08,2.74E-08,2.64E-08,2.56E-08,2.50E-08,2.44E-08,2.41E-08,2.38E-08,0.010785519,0.032848675,0.027192153,0.065446615,0.116312526,0.2815719,29.05217,33.20197,0.32583454,0.06849084,0.06933114,0.044175625,0.047732923,6.1823177,13.966229,3.4883904,0.35245064,0.07408495,0.17764817,0.12747297,5.062649,21.325924,29.023531,1.6960598,0.5343136,0.32992,0.6399352,3.2970462,66.5666,112.24339,39.08843,2.0091505,0.14534804,0.3221199,9.395546,137.1987,201.55244,248.65479,25.7639,1.7807866,0.9378326,0.9478777,9.62341,29.133741,32.998802,15.380547,0.5843308,0.64965683,32.868748,69.46464,75.66642,35.978256,1.4418771,3.521073,57.197746,136.54694,53.14013,11.688403,0.76783603,3.275397,5.739619,5.4526896,0.82291263,0.33132812,0.45777076,0.38253048,0.3090113,0.13338587,0.49360153,0.48182958,0.31360602,0.1301165,0.18003336,0.29491135,0.17867482,0.28753507,0.6894213,0.32926977,0.336458,0.9079237,0.5383769,0.51830465,1.2600201,0.39245844,0.3940448,0.38714966,0.095524624,0.18400444,0.095670834,0.0500403,0.035119105,0.071857356,0.046523362,0.017683448,0.04615512,0.15362112,0.05718889,0.02098554,0.00124298,5.28E-06,3.01E-06,2.33E-06,1.89E-06,1.58E-06,1.35E-06,1.17E-06,1.03E-06,9.16E-07,8.21E-07,7.41E-07,6.74E-07,6.16E-07,5.67E-07,5.24E-07,4.87E-07,4.55E-07,4.27E-07,4.03E-07,3.81E-07,3.63E-07,3.46E-07,3.33E-07,3.21E-07,3.11E-07,3.03E-07,2.96E-07,2.92E-07,2.89E-07,0.18591696,0.10642823,0.12831275,0.3204343,0.16504626,0.881723,0.35998648,0.050978072,0.17763728,0.9134467,0.25489995,0.03333082,0.058669962,0.108163275,0.15546733,0.10344454,0.11605053,0.14619489,0.19904333,0.093623795,0.1495266,0.12337929,0.20691681,0.06875787,34.57629119,26.26486051,31.07898904,26.50782932,19.95261611,70.69586237,17.73787002,4.187490224,4.352316084,4.476287738,2.666195246,2.043503084,7.693826988,2.668379402,reflux laryngitis
voice012.wav,14.822765,0.08212653,0.112080342,0.030898065,-255.267,202.32329,-105.357704,43.538006,-28.693115,-12.73011,40.52088,-44.165455,7.729596,18.819613,-13.696615,5.188432,-23.20615,58.007385,25.029959,15.437435,9.225103,4.2991505,3.3993363,6.1963835,6.4998426,3.2708833,4.733322,3.6954482,4.2459407,4.101818,0.001895252,0.004303035,0.013089214,12.800037,39.670895,0.4207612,0.18086773,0.11295736,20.232079,21.51701,0.08478045,0.013133511,0.07973265,6.4382563,2.7236412,0.005766508,0.005032965,0.5694034,6.11685,0.91432405,0.011235935,0.02098968,10.130146,34.598217,2.136105,0.051771928,0.13115247,6.802797,9.461061,0.3244441,0.022843989,0.19611238,2.9164646,1.9798244,0.058051452,0.05980134,2.222647,13.290113,4.2119856,0.066696376,0.045254093,1.3545557,3.2635996,0.4944951,0.014481412,0.14599349,0.99285436,0.57028866,0.026089527,0.40450463,1.7703524,0.72832704,0.10387083,1.9704058,6.0436616,1.3709751,0.49975854,2.8328788,0.86112946,0.019756235,0.15571842,0.07189634,0.0209943,0.06955345,0.018732546,0.011981207,0.020587487,0.006206899,0.014607235,0.006236374,0.008641072,0.013317131,0.007887056,0.029113311,0.017971685,0.063111536,0.02527898,0.04231183,0.015195507,0.016842542,0.017894564,0.03860742,0.032915942,0.07476427,0.23898645,0.14897414,0.059521947,0.031902295,0.019490821,0.01575516,0.03378468,0.029466271,0.015259698,0.03160644,0.04938995,0.033174507,0.023245892,0.012325063,0.001334629,3.06E-06,1.78E-07,1.43E-07,1.21E-07,1.04E-07,9.15E-08,8.12E-08,7.27E-08,6.58E-08,5.98E-08,5.47E-08,5.03E-08,4.65E-08,4.33E-08,4.04E-08,3.78E-08,3.56E-08,3.37E-08,3.20E-08,3.05E-08,2.91E-08,2.80E-08,2.70E-08,2.62E-08,2.54E-08,2.49E-08,2.44E-08,2.41E-08,2.39E-08,0.002088999,0.005639373,0.026775232,3.3429124,13.309588,0.22404613,0.1698939,0.09804872,6.0623794,6.6603723,0.04547165,0.015626187,0.11642021,1.5944954,1.4943099,0.005618385,0.00519139,0.5379177,1.8754022,0.710806,0.01039638,0.03437709,5.734757,15.092259,2.6300678,0.041483324,0.23974603,3.4811194,6.391756,0.530945,0.01587379,0.3795453,1.3530439,1.8426737,0.073589705,0.04740688,2.6149755,5.382775,4.2901073,0.08430759,0.0699185,1.341111,1.7866815,0.70126176,0.011175541,0.2493202,0.65323424,0.8501954,0.019415474,0.67189866,1.0973254,1.0207363,0.12579007,1.8919654,6.315444,3.6415012,0.53261876,1.7310634,0.96371716,0.021285381,0.09650194,0.06647935,0.029611144,0.05146359,0.027154122,0.011691033,0.014682713,0.007373906,0.009300089,0.006191168,0.005183683,0.009043371,0.005684228,0.018676229,0.014828895,0.039760392,0.017884899,0.024762679,0.017204123,0.012484705,0.009712882,0.025302663,0.017545914,0.060004897,0.122816645,0.10370173,0.038912453,0.018430358,0.012251766,0.018785449,0.016595999,0.014771992,0.006587381,0.019019887,0.022328684,0.017930865,0.015930401,0.009567391,0.001817417,4.55E-06,2.09E-06,1.69E-06,1.42E-06,1.23E-06,1.08E-06,9.57E-07,8.57E-07,7.75E-07,7.04E-07,6.44E-07,5.93E-07,5.48E-07,5.10E-07,4.76E-07,4.46E-07,4.20E-07,3.97E-07,3.77E-07,3.59E-07,3.43E-07,3.30E-07,3.18E-07,3.08E-07,3.00E-07,2.93E-07,2.87E-07,2.84E-07,2.81E-07,0.3307894,0.6899737,0.12158668,0.20921388,0.60787266,0.20172046,0.116882235,0.11685428,0.4206859,0.9616427,0.24463321,0.11032602,0.124181874,0.15926503,0.08756932,0.1419957,0.17934108,0.105732635,0.083399385,0.07713114,0.16258642,0.12316788,0.06391923,0.044468768,29.6582786,26.70725293,27.05263871,24.55611739,21.84283917,73.81139414,18.20007259,3.505034018,3.963074042,4.000566936,2.940924647,2.058003424,8.933241798,2.595335517,reflux laryngitis
voice013.wav,20.785843,0.26003146,0.123164849,0.015467796,-180.79552,134.95538,-158.51956,28.854511,-28.492449,-13.231983,48.531704,-37.70747,2.5728657,6.3473644,-31.059885,-3.1835089,-16.529661,53.704853,19.510164,21.915028,7.864102,4.8486137,4.4807405,7.092811,5.800466,3.2181227,2.8946757,4.7677975,2.5831537,4.0100923,0.00472023,0.003087243,0.007072304,0.007078292,0.03894805,0.043341033,0.099345855,3.7836268,74.096146,15.402622,0.04585299,0.019376183,0.016678171,0.010347045,0.012822432,0.019757997,5.520023,88.02413,40.471687,0.09597825,0.009926862,0.012834189,0.011756026,0.022533018,0.11168087,6.5296283,53.150215,49.320286,1.493891,0.063652076,0.062484894,0.1089733,0.15799427,1.9449,17.553007,227.80112,356.61163,30.190168,1.3717064,1.2016119,0.9348491,0.74278575,16.653557,52.399055,167.47499,226.89084,18.672283,0.46055582,0.45857295,0.7861279,13.603641,28.509497,168.76405,84.12555,3.4540434,0.2929074,5.278087,17.055822,56.93333,75.3762,5.702698,0.4626024,2.7053137,5.8947687,11.226005,2.7771158,0.1130533,0.21202296,0.9293898,2.1284914,0.5006807,0.18607958,0.3816304,1.7212065,1.1251566,0.13310286,0.3145672,2.391224,1.7484273,0.7188279,2.9519174,9.938676,3.7700253,2.8259296,12.040351,5.140989,0.45164448,1.1184989,0.75219727,0.19681,0.4529816,0.3478424,0.24561512,0.68612754,0.25271115,0.82356024,0.8006123,0.11111778,0.01782507,4.20E-05,2.63E-06,1.95E-06,1.54E-06,1.27E-06,1.08E-06,9.27E-07,8.11E-07,7.19E-07,6.42E-07,5.79E-07,5.26E-07,4.80E-07,4.41E-07,4.08E-07,3.79E-07,3.53E-07,3.31E-07,3.12E-07,2.95E-07,2.81E-07,2.68E-07,2.57E-07,2.48E-07,2.40E-07,2.34E-07,2.29E-07,2.25E-07,2.23E-07,0.046043314,0.019733766,0.050005306,0.042521212,0.07569706,0.12485743,0.2531234,7.9357767,18.057705,8.838352,0.34140766,0.14060791,0.11924874,0.06386129,0.08392092,0.11089481,15.424079,31.955725,21.432816,0.29479828,0.04552077,0.070794605,0.040271454,0.13363786,0.4949964,18.615366,28.678131,32.869076,5.011878,0.23051828,0.14214702,0.28427312,0.20210499,8.893869,48.02838,172.18872,197.85423,63.993534,1.8345579,1.4535309,1.0729804,0.8220233,69.387184,147.68575,133.6898,155.96796,39.4088,0.7887025,0.5050803,2.2269263,47.355904,45.471725,95.60603,104.87452,15.785869,0.30623496,20.653736,49.00022,41.916084,55.47999,18.697474,0.7490606,9.18112,16.516209,6.703301,3.2301702,0.36801243,0.60720205,1.638078,1.1489624,0.82839394,0.4856932,0.80734974,1.094414,1.0305173,0.30848357,0.5965694,1.3484128,1.8663965,1.927551,4.0586286,6.3284755,5.6453085,4.8601,7.5078635,5.281802,0.65010333,0.93303907,0.70195705,0.3001856,0.22997962,0.36984444,0.27260962,0.43902224,0.30443734,0.52895564,0.7166466,0.17673445,0.019660719,8.37E-05,3.19E-05,2.37E-05,1.87E-05,1.54E-05,1.30E-05,1.12E-05,9.83E-06,8.72E-06,7.79E-06,7.02E-06,6.38E-06,5.82E-06,5.35E-06,4.95E-06,4.59E-06,4.28E-06,4.02E-06,3.78E-06,3.58E-06,3.40E-06,3.25E-06,3.12E-06,3.01E-06,2.91E-06,2.84E-06,2.78E-06,2.73E-06,2.71E-06,0.5905779,0.11165281,0.11318959,0.59081733,0.24024741,0.16260363,0.2616192,0.1890332,0.937031,0.29501483,0.03482293,0.2043896,0.16745804,0.097674526,0.13153799,0.16454606,0.17197116,0.12228004,0.10498416,0.14440274,0.1843066,0.20564148,0.08260162,0.27131686,19.04025467,29.9602652,31.05582793,26.69555904,24.92160929,75.05278894,18.32509758,2.934521886,4.778702424,4.727646934,3.47965838,2.369599326,8.802532338,2.839874288,reflux laryngitis
voice014.wav,13.884083,0.14519182,0.099842046,0.016718028,-197.00095,157.99693,-117.96344,11.652457,-29.99163,0.5797804,41.952927,-37.64653,7.1608453,-0.5050958,-35.634502,5.997496,-15.142471,52.562634,22.851664,20.521116,7.2136974,5.0927114,3.417375,7.0126057,5.7746525,3.384725,2.603044,5.1443486,2.854349,3.0380514,0.003054593,0.004387105,0.007403354,0.20809114,0.17233627,0.0780129,0.30161795,45.72544,30.879696,0.12320512,0.03463271,0.37016815,2.4851444,0.26703128,0.037734836,16.438639,23.631662,2.2833388,0.022085413,0.029997192,0.99761564,1.3906088,0.07533859,4.501306,11.412798,3.6910446,0.24486296,0.0509418,0.61595416,3.9841576,1.7904056,6.64285,41.551563,16.964401,6.4284735,0.7511878,0.7332565,2.0477571,4.612677,20.124123,255.81937,125.08494,46.97269,13.300895,1.1466852,1.1902354,2.8186793,10.532497,18.009573,6.893004,2.7807271,0.57558995,0.3630776,1.4014713,8.536016,5.6960764,5.3277493,1.2720274,0.44979402,2.104854,4.256167,0.90260714,0.37360886,0.10704336,0.42400187,0.47457856,0.14120542,0.066357136,0.0457214,0.19416752,0.060020063,0.037593365,0.046220787,0.1506546,0.03799119,0.029820519,0.08148132,0.09036858,0.042429455,0.06410061,0.11292121,0.041321583,0.0510003,0.08363477,0.044601113,0.097691834,0.16630131,0.13381246,0.44989192,0.6199885,0.45242575,0.39861935,0.13137943,0.16910592,0.103945635,0.08671387,0.0747375,0.022517025,0.004024416,6.45E-06,4.25E-07,3.11E-07,2.45E-07,2.00E-07,1.69E-07,1.46E-07,1.27E-07,1.13E-07,1.01E-07,9.12E-08,8.31E-08,7.61E-08,7.03E-08,6.52E-08,6.08E-08,5.70E-08,5.37E-08,5.08E-08,4.83E-08,4.62E-08,4.42E-08,4.26E-08,4.13E-08,4.01E-08,3.92E-08,3.84E-08,3.79E-08,3.75E-08,0.014888614,0.007652013,0.014464772,0.31570104,0.19589129,0.0877322,0.30408335,26.460611,12.253938,0.16845469,0.03104357,0.8053538,3.9161382,0.5368747,0.104733564,19.262764,14.976417,3.449014,0.044277903,0.07621413,1.9250312,2.271636,0.165961,7.056945,10.287026,5.7350235,0.7115282,0.0982603,2.2087057,6.986174,3.287636,12.493614,47.630478,16.61662,9.146201,1.1845465,1.4605843,4.6564445,6.621041,47.870342,317.70804,147.39323,63.504116,27.26711,1.3816531,2.1400912,3.876969,17.031145,19.631027,9.085038,3.5149086,0.95964086,0.43290383,2.203709,9.966243,5.965074,7.1023927,1.9679505,0.6131929,2.2173698,4.971615,1.1499008,0.5769872,0.10549324,0.5742742,0.5441007,0.1904775,0.09954448,0.061835878,0.20750496,0.06284554,0.04868106,0.07264501,0.18492353,0.03872447,0.038048,0.09905497,0.081991546,0.04863137,0.08564163,0.13634934,0.037461102,0.053771548,0.09475641,0.036885682,0.12006284,0.17844813,0.11225236,0.45659617,0.51600677,0.3371915,0.34813464,0.0702505,0.14367492,0.07530373,0.07032697,0.064218506,0.017236572,0.003932923,1.17E-05,5.16E-06,3.78E-06,2.97E-06,2.43E-06,2.05E-06,1.77E-06,1.54E-06,1.37E-06,1.22E-06,1.11E-06,1.01E-06,9.24E-07,8.52E-07,7.91E-07,7.38E-07,6.92E-07,6.52E-07,6.17E-07,5.86E-07,5.60E-07,5.37E-07,5.17E-07,5.00E-07,4.86E-07,4.75E-07,4.66E-07,4.59E-07,4.55E-07,0.5997636,0.10575822,0.16162188,0.14899977,0.04692725,0.13219173,0.16008322,0.29618695,0.38621193,0.10220986,0.20029481,0.76859516,0.40044597,0.12492774,0.09367272,0.11497514,0.04993103,0.11047862,0.14295502,0.10214888,0.28319538,0.13128503,0.18710332,0.28681573,26.44930466,26.36112881,26.71214309,24.58995181,20.42939386,74.95764648,18.28320219,5.593479876,4.144618728,4.310631556,3.351172991,2.431420052,8.348505058,2.953144635,reflux laryngitis
voice015.wav,11.486335,0.16204214,0.089827365,0.013195351,-204.15665,206.05688,-94.35005,-10.377816,-50.790264,-12.802417,48.452156,-29.85735,-8.734742,9.388483,-9.710096,8.545402,-20.417414,55.31678,27.924845,15.078872,6.9269276,9.321975,4.503614,9.149186,5.2599688,3.809897,3.0264065,3.8030574,4.379639,4.5408106,0.001415505,0.003264454,0.007468058,0.43489218,36.30718,9.676599,0.20483299,0.09139819,0.19974887,20.521254,10.920294,0.041515157,0.030483851,0.090856075,9.065982,14.097469,0.48785883,0.048891008,0.10265344,6.3494596,13.231235,1.2548308,0.10622417,0.35330704,13.799937,49.658115,17.246052,0.96857244,0.863107,30.154593,150.10378,88.65742,9.510013,2.355189,15.541922,54.97376,42.79242,4.88237,0.65167236,3.7336082,21.150278,28.016176,8.425773,2.4102685,9.497853,44.478783,49.72136,10.801766,6.446499,27.433899,40.96896,10.248771,1.0922694,2.798931,2.6793482,0.7272479,0.18747434,0.3736039,0.16786754,0.030962324,0.0222553,0.022081254,0.011858369,0.014486252,0.02058752,0.013446306,0.021484481,0.022992607,0.009540589,0.019002268,0.017013531,0.007881273,0.012931933,0.010336237,0.016653508,0.011155431,0.011613436,0.014737816,0.014100743,0.024111781,0.029817395,0.055424042,0.050432626,0.10015464,0.117923275,0.094773166,0.05023726,0.034808103,0.026271561,0.0186733,0.018582078,0.016902192,0.016583093,0.017013097,0.017641043,0.017555615,0.010522425,0.002904492,0.000124389,8.09E-06,5.18E-06,3.94E-06,3.17E-06,2.63E-06,2.24E-06,1.94E-06,1.70E-06,1.51E-06,1.35E-06,1.22E-06,1.11E-06,1.01E-06,9.32E-07,8.62E-07,8.02E-07,7.49E-07,7.04E-07,6.64E-07,6.29E-07,5.99E-07,5.73E-07,5.51E-07,5.31E-07,5.15E-07,5.03E-07,4.92E-07,4.85E-07,4.81E-07,0.003024978,0.004964,0.019290641,0.48991877,9.404169,4.2088766,0.1683561,0.07905799,0.26015472,11.418727,3.9182482,0.05561317,0.03476018,0.14360385,3.7382536,7.7998686,1.0027353,0.05865121,0.15902123,4.843325,4.284031,1.8048755,0.14857735,0.57890135,14.52589,18.01196,20.680582,2.5933776,1.1654335,33.62663,68.67777,94.1577,25.471952,2.8736968,23.185965,34.362823,40.37579,8.579573,1.013997,5.8366365,14.867287,18.972448,12.740534,5.781304,14.610918,29.741398,37.359276,16.399267,11.153423,26.027803,32.290398,14.340054,1.8788366,2.8500764,1.9736226,1.0559025,0.2190442,0.31936368,0.16480498,0.044802517,0.019674676,0.014798366,0.013836344,0.01168073,0.013658056,0.01254851,0.015639398,0.01616151,0.007596601,0.014411767,0.014541017,0.005748876,0.010271297,0.008761233,0.01294094,0.009265974,0.01003674,0.013211922,0.010465107,0.021529546,0.022702342,0.044882927,0.0413644,0.086950175,0.10443865,0.07961291,0.04469197,0.024788009,0.022419902,0.012918167,0.013625291,0.012849169,0.01276884,0.013301932,0.012928472,0.011546472,0.007324233,0.001641169,0.000239484,9.65E-05,6.28E-05,4.78E-05,3.84E-05,3.19E-05,2.72E-05,2.35E-05,2.06E-05,1.83E-05,1.64E-05,1.48E-05,1.34E-05,1.23E-05,1.13E-05,1.05E-05,9.72E-06,9.09E-06,8.54E-06,8.05E-06,7.63E-06,7.27E-06,6.95E-06,6.68E-06,6.45E-06,6.25E-06,6.10E-06,5.97E-06,5.88E-06,5.83E-06,0.2103538,0.4370893,0.35518256,0.6219753,0.15396331,0.18767552,0.9637213,0.37446463,0.21990258,0.37164816,0.13584624,0.37866393,0.07526267,0.11215713,0.15213457,0.14134562,0.09981358,0.13290723,0.14466828,0.2652421,0.17396265,0.10034465,0.06359471,0.089826606,30.86928696,22.97584351,26.31053958,26.37202288,17.62747554,68.75701673,18.67872155,3.862071776,3.994669527,4.69933323,3.377720815,2.620066417,8.239688279,2.739389392,reflux laryngitis
voice016.wav,9.266498,0.17428781,0.088244547,0.034033163,-209.16687,178.47232,-110.026306,17.434769,-30.205603,-22.229013,22.4344,-32.931793,17.565092,9.115581,-32.652954,0.75233644,-14.781175,53.493526,23.379358,16.711952,6.4690747,5.9458013,4.7988257,5.3282995,5.99465,4.115951,5.26737,5.7959943,3.3004391,3.9484277,0.003838007,0.008795491,0.011645514,0.016441585,0.09572729,0.1133925,0.22295094,88.89707,130.73099,0.56962556,0.064421564,0.20469193,0.26176935,0.052854646,0.046680912,2.248639,84.67943,30.161985,0.1266893,0.063673794,0.3025788,0.15776676,0.088758126,0.18243454,61.79179,204.7088,15.5766325,0.30956405,0.8450644,2.120488,0.48119718,0.24619089,11.818015,186.14972,134.17024,3.9345846,0.7134141,2.5471396,1.5958931,0.23104326,0.3093969,9.551231,30.00037,7.1960998,0.2085868,0.32389823,0.4095335,0.15238614,0.24988008,3.7597632,4.6696005,0.38016495,0.2411396,0.2764673,0.1254737,0.67726684,2.397558,0.8442936,0.39819643,0.40598705,0.39034224,3.3880405,3.186467,0.3234783,0.21205251,0.12732832,0.7338452,0.26197845,0.023546645,0.020707406,0.1007231,0.12879655,0.029481905,0.013694859,0.050994348,0.07801751,0.020795086,0.018501343,0.066508494,0.04762944,0.012960045,0.044896957,0.06219092,0.022015832,0.083199136,0.14163913,0.068381734,0.21539602,0.24786095,0.09819991,0.20658766,0.07821249,0.021931943,0.043677732,0.0371246,0.09076732,0.047278978,0.047750168,0.005227285,1.07E-05,1.03E-07,6.58E-08,4.58E-08,3.35E-08,2.55E-08,1.99E-08,1.58E-08,1.28E-08,1.05E-08,8.62E-09,7.17E-09,5.99E-09,5.03E-09,4.24E-09,3.59E-09,3.04E-09,2.59E-09,2.20E-09,1.88E-09,1.61E-09,1.38E-09,1.19E-09,1.03E-09,9.02E-10,7.99E-10,7.20E-10,6.63E-10,6.29E-10,0.010258037,0.032452125,0.03605093,0.05922213,0.1036717,0.16531767,0.24407221,29.27151,33.989967,0.85847837,0.21746308,0.40888065,0.71049726,0.29088166,0.3539952,3.3851795,23.260956,24.238632,0.77742857,0.23242038,0.84919494,0.38900396,0.5927138,0.68319535,39.06704,84.20862,19.45003,0.980868,1.688287,5.1581855,0.55120564,0.23630694,28.290424,112.19133,93.797585,9.602867,1.3485258,7.020702,4.0698037,0.3192698,0.5273345,12.419063,19.461334,9.876758,0.37671894,0.9245125,0.95802504,0.15297519,0.30450255,4.7705045,5.3512187,0.68889576,0.4243922,0.40685862,0.10020861,0.8803171,1.5511441,0.93269014,0.5491427,0.5870699,0.42166123,4.0811534,5.6023674,0.2852074,0.14108145,0.11358269,0.8514511,0.25563672,0.020711353,0.018659126,0.15081525,0.11602456,0.042330924,0.009939872,0.060130704,0.08188633,0.024310969,0.013455928,0.0575221,0.05966681,0.012911527,0.05617193,0.06683679,0.016472507,0.08959449,0.14580426,0.05839276,0.18029691,0.19023746,0.078392364,0.25746143,0.10904587,0.029728103,0.049273055,0.06262833,0.1533384,0.064016074,0.07949555,0.006867297,1.83E-05,1.25E-06,7.99E-07,5.55E-07,4.07E-07,3.10E-07,2.42E-07,1.92E-07,1.55E-07,1.27E-07,1.05E-07,8.69E-08,7.26E-08,6.10E-08,5.15E-08,4.35E-08,3.69E-08,3.14E-08,2.67E-08,2.28E-08,1.95E-08,1.67E-08,1.44E-08,1.25E-08,1.09E-08,9.68E-09,8.72E-09,8.04E-09,7.62E-09,0.10598889,0.019954037,0.15132713,0.5423877,0.08124972,0.029451398,0.038324926,0.3507439,0.99847144,0.15721688,0.029979723,0.062395718,0.09371938,0.06870237,0.09905041,0.1415384,0.07326851,0.10223025,0.097804315,0.19474027,0.011556812,0.10273072,0.0963639,0.09366468,21.51460613,28.52770504,28.54144047,25.77616575,21.46282802,72.77966961,19.21798468,4.507102858,3.978419504,4.149507466,2.4477242,2.770613673,7.806380932,2.522983405,hyperkinetic dysphonia
voice017.wav,14.456749,0.124833845,0.0861374,0.017088955,-214.89168,203.7063,-93.269554,33.809673,-29.9701,-25.558,31.269394,-31.535156,10.383068,25.283695,-1.7334657,-1.7975569,-32.751152,59.700153,27.59254,18.731703,10.025349,5.901247,5.3227086,6.398177,6.362701,4.441382,4.126658,3.381564,4.9276185,4.9653816,0.008361899,0.023566978,0.8354167,22.359798,2.8571653,0.18394785,1.2283151,49.492966,11.113801,0.123344205,0.37168393,18.711327,5.6731343,0.08326927,0.1151302,5.4882083,2.6831405,0.15759222,0.17591318,8.5507,4.7852335,0.16462621,0.38228288,18.465908,16.624813,1.7601902,4.04266,92.038536,83.78648,4.9212236,4.174589,72.65082,55.771603,3.2367988,0.39433688,1.2724506,4.003672,1.3340181,0.56758887,3.4731045,2.651059,0.2458043,0.16297908,1.2684386,1.577576,0.31878105,0.3232509,0.98236,0.38572884,0.15557301,0.8375644,1.0505396,0.52982664,3.0971045,3.9256468,1.2590568,3.0524154,2.4266922,0.37884885,0.3274381,0.20610587,0.119896136,0.0859508,0.032622326,0.033283018,0.025406886,0.036532294,0.02456337,0.015481018,0.018813798,0.021208955,0.022899106,0.024651863,0.02607993,0.032155935,0.05374742,0.09624409,0.21610346,0.49957162,0.86100954,0.3869918,0.16774742,0.094336964,0.050923813,0.03565411,0.02409009,0.018563254,0.017173728,0.018265039,0.016868846,0.021839093,0.031546284,0.0489312,0.09964258,0.1117653,0.05584921,0.028714001,0.008204961,0.000612786,1.34E-06,5.95E-08,4.41E-08,3.47E-08,2.83E-08,2.38E-08,2.04E-08,1.77E-08,1.55E-08,1.38E-08,1.24E-08,1.12E-08,1.02E-08,9.32E-09,8.59E-09,7.95E-09,7.41E-09,6.94E-09,6.53E-09,6.17E-09,5.86E-09,5.60E-09,5.37E-09,5.18E-09,5.01E-09,4.89E-09,4.78E-09,4.71E-09,4.66E-09,0.034163386,0.06295938,0.33525115,7.1291914,1.4302659,0.51729244,0.9920787,20.068504,8.439674,0.4190434,0.47027007,7.5142126,3.2560227,0.37439138,0.2326403,1.8958733,2.1212516,0.694619,0.3714114,4.1664386,2.7821267,0.59174216,0.92409337,9.370245,12.272254,5.58536,12.227057,59.869568,56.46874,9.077932,13.393594,63.99174,27.857698,5.120291,0.86643416,1.1437315,4.536376,2.2452059,1.2759819,4.197226,2.110734,0.30997,0.44223568,1.1423677,1.0347011,0.5669981,0.7482644,0.92309445,0.3813207,0.3439474,1.0056236,1.1693217,1.0303156,3.6044676,2.6479933,1.7174182,4.112365,2.7385979,0.67398894,0.27916855,0.22822407,0.16705453,0.07876828,0.039648898,0.03230539,0.032461714,0.03651196,0.023605024,0.019841682,0.025839549,0.022183048,0.019892175,0.022377456,0.027926244,0.032972094,0.04300306,0.09420245,0.24530365,0.47365433,1.0919969,0.36598375,0.114972726,0.10320873,0.04250299,0.026435385,0.029457232,0.015413296,0.014592319,0.021919832,0.014529233,0.025254568,0.035963595,0.05769318,0.12623142,0.12546922,0.0597263,0.027196705,0.008826383,0.000844723,2.08E-06,7.22E-07,5.35E-07,4.21E-07,3.44E-07,2.89E-07,2.47E-07,2.14E-07,1.89E-07,1.67E-07,1.50E-07,1.36E-07,1.23E-07,1.13E-07,1.04E-07,9.65E-08,8.99E-08,8.41E-08,7.92E-08,7.49E-08,7.11E-08,6.79E-08,6.52E-08,6.28E-08,6.08E-08,5.93E-08,5.80E-08,5.71E-08,5.66E-08,0.052958146,0.2634638,0.17685992,0.32998312,0.9197372,0.31781995,0.8381325,0.32760984,0.060918834,0.056143314,0.10379325,0.039373536,0.07031406,0.090116836,0.14351124,0.20156913,0.10812683,0.15998168,0.20001455,0.17047155,0.08627674,0.08044238,0.06984529,0.06254008,29.07561507,24.63576504,27.6283561,21.10038847,20.9489823,72.81710137,18.15591895,4.205930025,4.33838242,4.588955525,4.12918689,2.103641754,8.291351004,2.647126335,hyperkinetic dysphonia
voice018.wav,14.216562,0.28817242,0.125393247,0.034853764,-203.03741,122.43069,-140.74251,22.467354,-25.395374,-21.736702,36.07159,-22.040289,22.44607,10.657765,-40.73599,1.6904285,-6.520358,48.59099,19.223936,19.158005,7.5211787,5.074332,5.051931,5.533135,4.07777,3.579789,2.874809,5.2993765,2.8296313,2.9718432,0.008706123,0.004981981,0.01072171,0.007796263,0.057090543,0.047501713,0.098975636,0.05343425,0.13927573,34.41491,25.916407,0.051679175,0.015414809,0.007398741,0.00581286,0.004221676,0.005021933,0.005151675,0.011107416,4.850801,22.785946,1.4531764,0.02773098,0.025040071,0.03072637,0.033969596,0.042154912,0.041506764,0.1392018,13.521967,715.1215,393.3861,1.8789704,0.31047213,0.33323482,0.24501334,0.17069748,0.19166419,0.3379287,2.2611604,335.46524,707.28107,55.56794,0.4117073,0.18712337,0.154907,0.11183883,0.08575646,0.06990608,4.9872475,28.332224,4.565656,0.039616663,0.032835618,0.045522384,0.07752755,0.4075304,61.680855,75.39785,1.6701102,0.24560861,0.33468965,0.32187867,20.289139,92.005516,9.560225,0.08299514,0.042679075,0.03883673,3.1519566,3.2131195,0.047409296,0.01574426,0.07127732,2.6839514,1.613992,0.027897011,0.014061977,0.6088923,1.5511143,0.11205965,0.01759972,0.67341304,1.55257,0.10891255,0.13031444,7.207785,5.6149836,0.2002998,1.8094188,1.981169,0.03851544,0.27900487,0.43938518,0.01925143,0.14079943,0.17119719,0.005072119,0.001478401,3.45E-05,2.34E-06,1.78E-06,1.43E-06,1.18E-06,9.99E-07,8.60E-07,7.51E-07,6.64E-07,5.92E-07,5.32E-07,4.82E-07,4.40E-07,4.03E-07,3.72E-07,3.45E-07,3.22E-07,3.02E-07,2.84E-07,2.69E-07,2.56E-07,2.44E-07,2.34E-07,2.26E-07,2.19E-07,2.13E-07,2.09E-07,2.06E-07,2.04E-07,0.089233205,0.03777657,0.10035339,0.052078206,0.15728492,0.10467334,0.23932089,0.25000992,1.2115177,13.382138,8.437711,0.27047706,0.108693674,0.041398145,0.041374315,0.029079726,0.03451509,0.030548051,0.08249145,3.006245,7.6191154,1.829606,0.19229135,0.11386869,0.1858056,0.12266685,0.24504365,0.16371638,0.7122734,21.41837,258.116,282.81708,5.1015425,0.42059052,0.48216993,0.3840222,0.40916714,0.6058149,1.277788,9.481783,230.1272,247.70338,110.24776,0.9140423,0.30504188,0.19589795,0.14235745,0.10628235,0.08448816,6.385309,10.748261,5.343706,0.10747315,0.08716013,0.09280113,0.1155282,1.000513,34.055832,36.543335,4.596936,0.26562795,0.31823832,0.41869086,24.185413,40.63214,12.737131,0.0875884,0.03949885,0.08266196,1.4926801,2.0128827,0.12409463,0.017061535,0.13809241,1.405272,1.2641132,0.0753454,0.010982751,0.48792076,0.7051352,0.27157557,0.014136992,0.4868126,0.8922578,0.23159447,0.20997882,2.830825,6.1142445,0.22711113,1.5545905,0.91085386,0.06869489,0.23295058,0.17055835,0.033180244,0.09840639,0.10194589,0.00897147,0.00126243,5.20E-05,2.84E-05,2.16E-05,1.73E-05,1.43E-05,1.21E-05,1.04E-05,9.10E-06,8.05E-06,7.18E-06,6.45E-06,5.85E-06,5.33E-06,4.89E-06,4.51E-06,4.19E-06,3.91E-06,3.66E-06,3.45E-06,3.26E-06,3.10E-06,2.96E-06,2.84E-06,2.74E-06,2.65E-06,2.59E-06,2.53E-06,2.49E-06,2.47E-06,0.21319436,0.021157071,0.01983072,0.04848719,0.01766297,0.102181144,0.92223996,0.2696052,0.080083184,0.1574163,0.1258559,0.85543,0.1075926,0.10182687,0.081684664,0.0847468,0.083336726,0.083147146,0.13949312,0.13948603,0.126806,0.10841564,0.13303167,0.14740618,18.7700696,29.8491733,35.85402119,30.79679378,28.25932037,73.34669946,19.33202029,3.492801577,4.207040206,4.911444146,3.469723864,2.8035839,8.29475504,2.847460048,hyperkinetic dysphonia
voice019.wav,9.881141,0.19542249,0.080766307,0.033355832,-231.60933,171.85152,-105.55406,15.265212,-25.689734,2.7719142,30.565351,-44.90972,14.619257,5.5032015,-31.939028,6.4820137,-26.664541,50.02375,22.13377,16.044775,8.452479,4.5808682,3.8725433,6.0204296,6.5568013,4.25493,3.8932934,4.7190166,4.6169753,5.797787,0.001734407,0.004393037,0.00732833,0.013370208,0.09653602,0.11208898,68.75849,295.20868,5.8073397,0.08958895,0.071961366,0.04362868,0.060694117,0.15166071,59.342335,110.60893,1.2185593,0.02903848,0.01622579,0.014737251,0.011540976,0.099912986,32.194862,36.413273,0.33644179,0.017544007,0.016181316,0.02590574,0.046020452,4.4422164,222.76463,130.61777,1.0103676,0.059653133,0.05050948,0.047727596,0.063494526,4.071844,61.835335,32.35792,0.4656546,0.09693921,0.0791641,0.07078479,0.30292597,36.309124,74.42005,4.9517136,0.06994066,0.050755765,0.049550172,4.3611655,37.00468,8.630899,0.09144054,0.091838405,0.13664733,10.959754,17.342289,0.6631992,0.056519054,0.039459057,0.8214864,1.0050812,0.027781976,0.005415316,0.08843933,0.25022024,0.022646444,0.003554308,0.086610824,0.21900597,0.012610399,0.002186725,0.030935038,0.022410057,0.001365738,0.010158577,0.026773185,0.003394204,0.009074562,0.028154774,0.00555428,0.016160438,0.030694004,0.006543522,0.04655315,0.05352067,0.069511935,0.35016975,0.14789735,0.38745025,0.09226333,0.083950035,0.067500636,0.038542267,0.03976353,0.009353018,0.002380351,2.47E-06,1.88E-08,5.18E-09,4.01E-09,5.88E-09,8.31E-09,1.05E-08,1.24E-08,1.38E-08,1.49E-08,1.57E-08,1.63E-08,1.66E-08,1.69E-08,1.70E-08,1.70E-08,1.70E-08,1.69E-08,1.68E-08,1.67E-08,1.65E-08,1.64E-08,1.63E-08,1.61E-08,1.60E-08,1.59E-08,1.58E-08,1.57E-08,1.57E-08,0.00572365,0.015338459,0.029825153,0.05180957,0.29414216,0.43885955,25.670637,72.93016,3.5664697,0.5866283,0.5242469,0.31615666,0.48717135,1.1929148,23.988203,26.86467,1.3815199,0.2097618,0.12847315,0.12503314,0.08494358,0.25787506,9.179112,19.437153,0.5547046,0.057652343,0.04117842,0.08375736,0.11372365,6.911712,67.01189,80.730194,2.065373,0.05613927,0.048853077,0.059598923,0.122089915,5.129354,30.050201,42.12413,1.009553,0.1216024,0.08590176,0.117465556,0.6091155,21.985378,38.551025,9.116769,0.12105616,0.0692862,0.06960215,5.3639145,12.662988,9.087443,0.060705934,0.052925505,0.140302,6.9180126,10.768351,1.3940464,0.040156905,0.03986702,0.487931,0.9759625,0.06480364,0.004921742,0.086093724,0.10437523,0.034238238,0.002009369,0.07949995,0.07719552,0.018679108,0.001587486,0.01705707,0.01473553,0.000950053,0.008571186,0.020806246,0.005336865,0.008522244,0.022542886,0.008357167,0.01016649,0.025325453,0.006050087,0.03209555,0.08554991,0.05438875,0.36841792,0.15655373,0.34471872,0.07104524,0.06305938,0.045647405,0.028152471,0.022309486,0.008711743,0.002190864,4.20E-06,2.28E-07,6.28E-08,4.85E-08,7.13E-08,1.01E-07,1.28E-07,1.50E-07,1.68E-07,1.81E-07,1.91E-07,1.97E-07,2.02E-07,2.05E-07,2.06E-07,2.07E-07,2.06E-07,2.05E-07,2.04E-07,2.02E-07,2.01E-07,1.99E-07,1.97E-07,1.95E-07,1.94E-07,1.93E-07,1.92E-07,1.91E-07,1.90E-07,0.056291502,0.29425222,0.06337947,0.06344872,0.10042502,0.257009,0.9959309,0.20988365,0.026228309,0.055745523,0.16227482,0.027306812,0.06366588,0.09867306,0.099573724,0.11243839,0.09081093,0.11585261,0.035015427,0.11837139,0.11313497,0.11070203,0.14247471,0.06949049,35.09167672,28.10328089,33.0269337,25.90897941,23.74034217,72.79839887,18.00228699,4.453557635,5.223233578,4.910137657,3.174917075,2.15489319,8.641471821,2.612718502,healthy 
voice020.wav,22.06451,0.1504305,0.10648136,0.017703308,-182.99365,217.92488,-108.27573,10.734697,-49.15864,-9.217981,65.03285,-33.728134,-1.4964138,14.83523,-24.012993,10.678628,-14.48941,59.923817,28.917143,19.52852,9.120459,7.907761,2.859362,8.87984,7.321213,2.8317802,3.220127,5.0000086,3.2235918,3.480394,0.002659248,0.01441054,14.21205,6.368116,0.07975163,13.390228,20.623081,0.20540327,2.4659889,16.31797,1.1744539,0.12771954,5.103328,1.7983915,0.044582017,3.1645942,3.4739604,0.13201474,1.5258298,5.11658,0.81025827,0.98053634,10.355373,3.0082111,0.35061052,7.349396,6.604233,0.9141555,12.592773,26.08299,4.205589,15.747684,71.42438,21.324156,12.065409,93.874084,62.522022,13.676713,29.903477,28.771133,5.030383,12.993463,26.848871,11.877149,10.939277,25.916998,12.412299,24.923655,41.50327,12.86143,19.414143,11.459402,2.3572536,3.003734,1.2190106,1.4997604,0.7558151,0.23093325,0.252445,0.15166487,0.14076838,0.07060847,0.068941854,0.059858304,0.052131347,0.02241074,0.022931391,0.03562243,0.0354927,0.025699534,0.026412902,0.024540052,0.019775538,0.023450812,0.030026,0.025751287,0.018539103,0.024602124,0.046578895,0.06837842,0.06292993,0.07040938,0.09744602,0.2460616,0.39202398,0.890722,0.8978813,0.60780835,0.27554017,0.19010668,0.28623107,0.35142303,0.27571648,0.32848975,0.18107647,0.038325083,0.019332275,0.005253152,0.000197671,1.08E-06,1.13E-07,8.95E-08,7.29E-08,6.07E-08,5.16E-08,4.44E-08,3.86E-08,3.40E-08,3.02E-08,2.70E-08,2.43E-08,2.20E-08,2.01E-08,1.84E-08,1.69E-08,1.57E-08,1.46E-08,1.37E-08,1.29E-08,1.22E-08,1.15E-08,1.10E-08,1.06E-08,1.02E-08,9.92E-09,9.69E-09,9.53E-09,9.42E-09,0.016038606,0.04212452,3.9308953,1.9486022,0.13766608,6.0382643,7.0955987,0.2297682,1.4817615,4.6978903,1.3009958,0.15606427,1.9682608,1.2457905,0.10097484,1.6229577,1.3681324,0.35887286,1.0727564,1.8697556,1.799442,1.0457354,5.1537576,2.9116662,0.6071214,4.2600884,4.5811806,2.4349403,10.270269,15.70584,6.2286067,16.959814,39.399086,24.784338,20.91099,68.11319,60.42352,29.5789,31.812803,26.93568,5.9514685,13.449041,20.121572,19.028797,10.183661,16.007715,14.454125,21.643684,30.244251,21.646183,19.494896,10.706739,2.7502296,2.7997954,1.6338853,1.5949696,0.8500367,0.18342169,0.21308793,0.1920661,0.15680188,0.07256014,0.07204003,0.06752229,0.06309045,0.02037924,0.019109162,0.037958674,0.043006603,0.020258123,0.023522135,0.025188057,0.020141318,0.02051017,0.029505333,0.028083036,0.015768986,0.017279366,0.03622583,0.06363633,0.061835807,0.060741965,0.075307846,0.2380075,0.43553838,0.93443584,1.2171999,0.9952932,0.4546267,0.28486723,0.4448328,0.596785,0.41363037,0.5598047,0.34738865,0.06428114,0.038712405,0.013152526,0.000442119,1.92E-06,1.38E-06,1.09E-06,8.84E-07,7.36E-07,6.26E-07,5.39E-07,4.69E-07,4.13E-07,3.66E-07,3.27E-07,2.95E-07,2.67E-07,2.43E-07,2.23E-07,2.05E-07,1.90E-07,1.77E-07,1.66E-07,1.56E-07,1.47E-07,1.40E-07,1.34E-07,1.28E-07,1.24E-07,1.20E-07,1.18E-07,1.16E-07,1.14E-07,0.35032457,0.48694703,0.62360406,0.53048503,0.21799655,0.28775898,0.25852516,0.7044358,0.65112776,0.9062633,0.5298871,0.35042927,0.08485066,0.1381761,0.21144499,0.13997182,0.05237094,0.08658108,0.0942254,0.26822674,0.18472575,0.13459975,0.19686256,0.121089384,29.40439624,22.59724163,24.98192946,24.63442619,19.667665,73.64708141,17.49216089,4.149137308,4.057090336,3.733679223,2.794673342,2.379249765,8.517459604,2.54425407,hyperkinetic dysphonia
voice021.wav,6.8961105,0.068218015,0.056365352,0.03211636,-302.87402,201.2439,-97.98297,7.6966333,-5.692974,3.4030898,40.27463,-37.02152,-13.992822,15.164954,-18.47688,-7.036434,-13.387048,56.97038,28.06685,18.989382,7.99738,5.482881,4.5254726,6.799188,6.181554,3.7655804,3.5552804,4.8170867,2.3536007,2.8678348,0.001316314,0.002896135,0.008729206,0.014678126,0.108179756,0.3742343,49.968647,25.912325,0.10474356,0.17434052,0.13075727,0.05516142,0.3227386,9.246874,10.476207,0.09548289,0.00419259,0.009363707,0.015424107,0.047706526,1.4233286,5.34531,0.8307606,0.01138362,0.011924046,0.037076015,0.04833865,0.79090226,6.097591,3.2349272,0.09409974,0.03610049,0.08120246,0.049961723,0.3053359,4.216878,3.511201,0.4856382,0.060101874,0.123338714,0.17215188,0.34113443,5.9724565,4.8215885,1.4913644,0.18709628,0.35887986,0.4183175,3.8487496,8.05877,1.8008155,0.17400244,0.2197719,0.3831421,4.617406,2.9726884,0.6468871,0.1526761,0.12648933,0.6073854,0.16620092,0.027150692,0.007586748,0.007143746,0.011139179,0.007469031,0.00651842,0.012589878,0.010192647,0.002860211,0.001714449,0.002707048,0.002211405,0.001450781,0.001547847,0.00242028,0.002017209,0.003054908,0.003475485,0.001879098,0.006150457,0.011059385,0.007743614,0.009209836,0.010688294,0.023879247,0.03580566,0.010226793,0.004605275,0.003185267,0.001812823,0.00091052,0.000965176,0.000490893,0.000505921,0.000345655,0.000223934,8.91E-05,7.98E-06,1.70E-07,8.09E-08,6.17E-08,4.96E-08,4.11E-08,3.49E-08,3.01E-08,2.63E-08,2.33E-08,2.08E-08,1.87E-08,1.70E-08,1.55E-08,1.42E-08,1.31E-08,1.22E-08,1.14E-08,1.07E-08,1.01E-08,9.51E-09,9.05E-09,8.64E-09,8.30E-09,8.00E-09,7.75E-09,7.56E-09,7.40E-09,7.29E-09,7.22E-09,0.00050658,0.00243341,0.007841999,0.010787271,0.08043902,0.8219797,16.108292,14.234534,0.090564586,0.20491202,0.22605339,0.06062738,1.821887,10.009355,7.357353,0.10648758,0.006645241,0.01755241,0.03641753,0.2591237,1.9117209,2.668661,1.0623773,0.021484518,0.018192811,0.11169577,0.20598175,1.3501934,4.8348703,3.4597037,0.1644767,0.05173113,0.21734866,0.11462444,0.56328505,5.7526755,3.1293886,0.8932244,0.0840495,0.3071631,0.4028651,0.69220245,10.846039,4.5599065,2.7602909,0.17799795,0.7211104,0.7085944,7.3510075,11.8872595,2.1254961,0.144716,0.2898415,0.5092624,10.089831,3.3556511,0.7787347,0.10879151,0.12466737,1.1462476,0.26446822,0.028112192,0.007341583,0.012870194,0.02046421,0.006637112,0.00528786,0.019840816,0.01376491,0.00201998,0.001193236,0.003255789,0.001506264,0.000986692,0.001252662,0.001809832,0.001506041,0.002835982,0.003546983,0.001198288,0.006646464,0.011720635,0.004831685,0.006366233,0.007381734,0.022893578,0.03305913,0.008064419,0.004328132,0.002017185,0.001560659,0.000640419,0.001093469,0.000415097,0.000510397,0.000264428,0.000235717,7.90E-05,7.28E-06,1.49E-06,9.81E-07,7.49E-07,6.02E-07,4.98E-07,4.24E-07,3.66E-07,3.20E-07,2.83E-07,2.53E-07,2.27E-07,2.06E-07,1.88E-07,1.73E-07,1.59E-07,1.48E-07,1.38E-07,1.29E-07,1.22E-07,1.15E-07,1.10E-07,1.05E-07,1.01E-07,9.71E-08,9.40E-08,9.16E-08,8.97E-08,8.84E-08,8.75E-08,0.145921,0.08856036,0.22046216,0.19947022,0.9518361,0.617274,0.070221856,0.025571661,0.11646586,0.049098123,0.036296286,0.2432902,0.10285597,0.09332125,0.18890306,0.154023,0.15023378,0.2832672,0.04222976,0.035377555,0.065178044,0.046171572,0.047855753,0.13657765,31.18853621,23.29047254,25.25592925,20.86099666,17.19562691,66.34102039,18.65583191,3.763040868,4.216104303,4.339240932,3.182615907,1.95167867,8.069025911,2.650818852,hyperkinetic dysphonia
voice022.wav,5.21453,0.2872224,0.037263397,0.017604148,-237.7396,125.55427,-56.029938,9.284081,-16.152708,1.8187121,22.250635,-29.796858,-8.822204,-5.99028,-8.211216,3.3668835,-39.448696,93.705696,38.540176,35.688786,8.021168,15.394725,6.193118,7.208226,15.382111,6.6549964,6.023475,4.389982,5.7356825,14.291848,0.001501377,0.003691825,0.008447071,0.014130129,0.04989416,0.10067745,0.21347724,1.09773,237.11081,2497.02,336.81168,27.780302,1.5687509,0.04918536,0.07210165,0.130801,0.25571966,1.0113341,4.7402916,19.782679,3.4729438,1.0355953,0.9090094,0.7087349,0.14040369,0.73417974,3.9460495,8.0060215,29.72973,68.03162,12.598851,0.29541424,0.6678522,0.7333318,0.57950103,2.0435238,1.501126,1.5596441,2.3517468,6.5598197,2.7383459,0.23028524,0.118738905,0.4637314,1.7172036,1.5761359,2.3801577,8.684723,28.694002,14.5640745,2.8956153,1.5397885,2.299268,1.0596722,0.8249781,6.0842304,9.802626,1.3180089,0.12486187,0.022773555,0.003113178,0.01422258,0.04779583,0.031008305,0.013135451,0.020286502,0.042419877,0.19694817,0.33239102,0.067756176,0.008816632,0.008663323,0.04671251,0.08452317,0.037305854,0.03801294,0.10085593,0.20457487,0.07244689,0.015061438,0.027286882,0.04445672,0.009740373,0.002434392,0.010207797,0.011958506,0.003252889,0.044691052,0.12956186,0.044494182,0.114594966,0.39640594,0.122279234,0.057229746,0.063865446,0.037384424,0.050300166,0.021237139,0.001123008,1.12E-05,2.56E-10,1.88E-10,1.51E-10,1.26E-10,1.07E-10,9.31E-11,8.19E-11,7.28E-11,6.53E-11,5.91E-11,5.39E-11,4.94E-11,4.55E-11,4.22E-11,3.94E-11,3.69E-11,3.47E-11,3.28E-11,3.12E-11,2.97E-11,2.84E-11,2.74E-11,2.65E-11,2.57E-11,2.52E-11,2.46E-11,2.49E-11,2.60E-11,0.00358511,0.014725727,0.03456862,0.06125095,0.08728378,0.13574433,0.31814143,6.848873,319.46136,1583.7742,360.16885,167.41321,10.787676,0.09009501,0.21814422,0.70520025,1.9391515,6.3852363,9.501252,14.892444,4.7402287,5.69055,5.2282004,4.698993,0.5367785,5.2706456,27.784403,44.471577,60.274586,65.005684,16.687967,0.7154696,3.6541374,4.05951,2.5351434,12.474815,9.11009,8.508149,4.632738,8.628613,6.1606846,0.6496728,0.23354831,2.1237926,10.354438,9.265525,12.501446,18.788336,33.774387,17.864792,8.462089,4.814411,8.702986,3.7837684,2.6375544,10.083281,10.825242,2.017082,0.46512166,0.07633981,0.005939523,0.05455483,0.091517076,0.044993557,0.039457723,0.07629376,0.20079763,0.2759846,0.2900349,0.1335632,0.01307691,0.012636018,0.07516733,0.12540896,0.08390637,0.14027938,0.22078818,0.19412261,0.11175971,0.025107065,0.04007808,0.046204973,0.013538672,0.003366454,0.013499157,0.014432451,0.004000493,0.13567214,0.4049093,0.073728025,0.18559818,0.50906134,0.15655726,0.077383295,0.07081833,0.07489957,0.07810579,0.029199224,0.001336534,1.54E-05,2.95E-09,2.26E-09,1.82E-09,1.52E-09,1.30E-09,1.13E-09,9.91E-10,8.82E-10,7.91E-10,7.16E-10,6.52E-10,5.98E-10,5.51E-10,5.11E-10,4.76E-10,4.46E-10,4.20E-10,3.97E-10,3.77E-10,3.59E-10,3.44E-10,3.31E-10,3.20E-10,3.11E-10,3.03E-10,2.97E-10,2.93E-10,2.90E-10,0.09214798,0.09925073,0.11113147,0.10336007,0.12697558,0.15820321,0.073480114,0.055250354,0.090360984,0.3615832,0.87384444,0.3582049,0.17703938,0.1901341,0.16946895,0.23819408,0.22914347,0.23021893,0.16424341,0.14204605,0.19960149,0.25498295,0.26284498,0.25311893,19.80286044,29.83928073,25.25105484,25.50766192,20.11897419,70.72290183,21.20996764,3.858697211,6.916839154,5.733219094,6.193488247,3.483710979,8.69146444,3.232888344,hypokinetic dysphonia
voice023.wav,6.2293105,0.14732148,0.092281879,0.011902665,-284.16208,147.34398,-69.85088,4.8310804,-38.83476,11.621331,39.34616,-39.68647,16.539734,14.178244,-21.535952,8.900555,-32.139904,46.736053,20.01973,14.823794,5.2058234,7.8523088,5.368571,9.309603,8.908313,4.6153674,5.1839037,4.920034,4.502027,6.1747146,0.003311871,0.00446752,0.007523673,0.008269705,0.09986374,0.07502469,0.099593684,0.05590476,0.041650835,38.892708,80.50055,0.6935405,0.02110794,0.009151835,0.009252728,0.006466299,0.009905219,0.008249409,0.016396724,0.26017144,20.134985,13.074088,0.052153297,0.009696727,0.017515859,0.023263553,0.033704214,0.033729002,0.054922987,0.0907785,27.925024,290.39648,106.04237,0.46969184,0.072348185,0.03784793,0.027429884,0.023921946,0.024195595,0.02540508,1.1388652,38.261177,49.227203,6.484897,0.0553414,0.027501088,0.0186688,0.020348122,0.025068555,0.05182072,8.63148,37.577877,13.08112,0.11390877,0.06870162,0.047096264,0.030123845,0.0853502,0.9628182,1.7249796,0.09366946,0.005432013,0.00367946,0.00272231,0.006998377,0.03255459,0.014521402,0.001834557,0.001513579,0.001572096,0.00694836,0.021163294,0.002047262,0.001486041,0.001883812,0.008565989,0.008092253,0.000879749,0.000819223,0.004204418,0.006166984,0.001069807,0.00096434,0.022640634,0.033823945,0.003479484,0.008984046,0.05691801,0.023079948,0.008007661,0.38519508,0.567182,0.09249083,0.6669833,0.8064234,0.039974436,0.013191045,0.009535627,8.57E-05,8.46E-06,5.52E-06,4.22E-06,3.39E-06,2.81E-06,2.39E-06,2.06E-06,1.80E-06,1.60E-06,1.43E-06,1.28E-06,1.16E-06,1.06E-06,9.75E-07,9.00E-07,8.35E-07,7.79E-07,7.31E-07,6.88E-07,6.51E-07,6.19E-07,5.91E-07,5.67E-07,5.47E-07,5.30E-07,5.17E-07,5.06E-07,4.98E-07,4.93E-07,0.017209005,0.016343886,0.019232037,0.01795043,0.09722333,0.058940023,0.075915456,0.043924507,0.05704812,19.7275,25.268742,0.42826152,0.118022114,0.066639334,0.08433779,0.055710874,0.09753413,0.07187653,0.16035117,0.645321,9.674843,6.1418266,0.08226488,0.023786947,0.07591007,0.06947148,0.16769513,0.16581565,0.48088017,0.61372143,36.214954,124.88798,116.39553,1.9294436,0.22389054,0.19238965,0.068684526,0.06666807,0.034888152,0.06725528,3.8875957,53.005676,22.537176,9.713993,0.22146578,0.06463215,0.022876637,0.019140253,0.028253809,0.1042884,15.384385,26.071846,18.011757,0.4243254,0.2014796,0.09117255,0.050849803,0.23903991,1.1407356,1.7074866,0.19730338,0.03815168,0.027845474,0.020795438,0.018948961,0.03368821,0.032120027,0.013722752,0.012886582,0.012131028,0.011922665,0.031663537,0.008017751,0.008211142,0.0075247,0.008422164,0.00901203,0.005506756,0.005111569,0.007575582,0.007082538,0.004420894,0.004269518,0.036933318,0.03684075,0.006985374,0.021116473,0.077708945,0.032540023,0.014254976,0.5038633,0.51636094,0.14378196,0.8137245,0.6440578,0.0747141,0.021828512,0.014998072,0.000268496,0.000100371,6.70E-05,5.11E-05,4.11E-05,3.41E-05,2.90E-05,2.50E-05,2.19E-05,1.94E-05,1.73E-05,1.56E-05,1.41E-05,1.29E-05,1.18E-05,1.09E-05,1.01E-05,9.45E-06,8.86E-06,8.35E-06,7.90E-06,7.51E-06,7.17E-06,6.88E-06,6.64E-06,6.43E-06,6.26E-06,6.13E-06,6.04E-06,5.98E-06,0.097514264,0.00432307,0.050731238,0.15986538,0.02081748,0.15075588,0.96586335,0.20847264,0.01327714,0.012284716,0.13919272,0.5314797,0.034744933,0.0264348,0.055793677,0.08815097,0.040910188,0.10012245,0.12733021,0.121896245,0.037909348,0.02630788,0.1341049,0.28601125,18.29294239,31.32710163,34.33824779,28.91080539,22.52738187,77.16062468,19.9885861,3.036137243,4.488279736,4.83006361,3.346537774,2.874346438,9.3609037,2.784160283,hyperkinetic dysphonia
voice024.wav,6.108611,0.2165352,0.075998191,0.013575691,-222.12375,176.67542,-83.25746,17.563505,-30.481335,-19.523304,23.87174,-42.124363,-6.4147973,17.585037,-9.092055,-6.8382897,-20.753248,50.65166,23.461683,18.278345,9.178223,7.118239,5.6043115,6.112159,7.373827,4.025588,5.523273,3.6424453,3.4775548,3.9334278,0.033453565,0.03659045,0.048498277,0.05938105,0.18833873,0.27434564,87.94679,534.4331,18.164696,0.13101143,0.079937816,0.039630506,0.043893546,0.0712635,82.25137,232.2005,4.734969,0.046858814,0.050464086,0.052042313,0.08200162,0.33249548,149.39563,261.39597,5.672387,0.42504713,0.45439297,0.3706971,0.28838283,1.0909479,55.26466,59.160378,1.1331187,0.20522675,0.20466731,0.1285435,0.1748952,1.225549,15.661113,9.7961445,0.27064285,0.09600864,0.080601595,0.070119925,0.090699896,3.3103936,10.440957,1.3446236,0.062299013,0.07911978,0.11763817,1.562583,29.407545,16.73245,0.25543052,0.22152977,0.16733705,1.6198734,3.1952593,0.19048232,0.026850183,0.017629223,0.17209317,0.36790785,0.017833862,0.004286902,0.018602211,0.10090798,0.020723306,0.001939241,0.017586099,0.07667506,0.015135208,0.003675524,0.05260691,0.06966149,0.00610567,0.040191635,0.11282753,0.022463173,0.041771036,0.19450617,0.080433324,0.8741837,1.1998,0.115616485,0.04925968,0.044559132,0.008589297,0.023097806,0.007113442,0.012583967,0.010022095,0.010004645,0.014992836,0.019051608,0.049875032,0.012015448,0.002007973,4.31E-06,1.01E-06,7.80E-07,6.34E-07,5.30E-07,4.54E-07,3.94E-07,3.46E-07,3.08E-07,2.76E-07,2.49E-07,2.26E-07,2.07E-07,1.90E-07,1.76E-07,1.63E-07,1.52E-07,1.43E-07,1.35E-07,1.28E-07,1.21E-07,1.16E-07,1.11E-07,1.07E-07,1.04E-07,1.01E-07,9.94E-08,9.79E-08,9.69E-08,0.34062517,0.34301576,0.4554319,0.5176281,0.9681794,1.7280428,30.306974,149.07559,12.869801,0.9672097,0.6126605,0.16823699,0.1616594,0.16107327,47.864784,61.764275,3.6782253,0.27824694,0.31181136,0.23794875,0.50893515,0.9448576,84.48446,92.68346,7.469656,0.8058223,0.5394664,0.352505,0.34785885,2.6961575,37.09465,25.26031,1.678756,0.24217159,0.23566154,0.12736405,0.18027766,2.9888184,11.9614935,5.3088903,0.30573174,0.113328815,0.11313289,0.08758765,0.11671712,4.928279,4.941738,1.3634483,0.05996558,0.057261012,0.09554555,3.7080505,17.74679,12.268587,0.20667936,0.2466195,0.22254428,2.6032343,2.229728,0.20595895,0.027347373,0.019310625,0.21499006,0.39094815,0.03156572,0.00783647,0.033118717,0.09254559,0.025399966,0.002609219,0.036562886,0.068710625,0.018229125,0.004975713,0.06674306,0.06359177,0.006475079,0.0835995,0.10201125,0.028713144,0.08072336,0.12709503,0.06246854,1.9472317,1.0815371,0.13812934,0.06273833,0.03318201,0.011764647,0.026096733,0.007724005,0.014528185,0.007045053,0.012729912,0.011675239,0.026265625,0.040811554,0.01282777,0.003638481,1.85E-05,1.22E-05,9.47E-06,7.69E-06,6.43E-06,5.51E-06,4.78E-06,4.20E-06,3.73E-06,3.34E-06,3.02E-06,2.74E-06,2.51E-06,2.31E-06,2.13E-06,1.98E-06,1.85E-06,1.74E-06,1.64E-06,1.55E-06,1.47E-06,1.41E-06,1.35E-06,1.30E-06,1.26E-06,1.23E-06,1.21E-06,1.19E-06,1.18E-06,0.1350751,0.6381358,0.11083685,0.05981503,0.100806214,0.31705722,0.9842883,0.22167802,0.013413202,0.021896241,0.045516808,0.010626094,0.10400538,0.19719535,0.08950977,0.07871537,0.08735361,0.12632227,0.1156188,0.09553379,0.06031919,0.05974602,0.062479176,0.065431856,36.30498924,28.32384095,29.67246511,24.49517881,23.30161331,69.05802444,17.4501752,5.544853117,4.912124003,5.118992688,3.178259032,2.710737724,8.800523938,2.410016326,healthy 
voice025.wav,6.6184964,0.1954039,0.090901154,0.01328761,-188.79472,181.14127,-106.34055,19.987263,-29.98001,-16.867327,34.61249,-33.117466,-2.382938,5.058616,-3.3663383,16.223694,-29.401525,55.205193,24.640907,17.240194,7.8652573,5.6556406,3.47258,6.353754,6.7755146,2.355706,2.205386,2.2484443,3.5797896,4.90302,0.002926372,0.00681633,0.016930688,2.403933,40.873585,3.5186071,0.15843615,0.07448146,3.4798589,63.245033,6.969343,0.03855476,0.028965237,1.6098139,26.821402,3.3490644,0.020108348,0.016131418,1.4760818,25.473108,4.221653,0.033988256,0.05713223,4.326403,66.33985,15.061084,0.20828693,0.18409628,34.205154,483.2803,99.53617,0.43217742,0.1769897,0.48315784,1.2870067,0.35602498,0.15759924,0.17575386,6.3502812,79.45283,23.85591,0.26044175,0.1306811,1.0770714,10.809839,2.840939,0.2901817,1.8085313,119.458206,101.25701,1.7677982,0.646119,5.2508554,3.112934,0.23657578,0.6685519,3.0225265,0.41005757,0.050796248,0.7053651,0.32441893,0.012180189,0.15230684,0.106788926,0.011047441,0.34290227,0.17451027,0.045015927,0.15774569,0.019589344,0.20494694,0.14093839,0.02286301,0.053188577,0.027530443,0.29997072,0.10316879,0.6113983,0.34485444,0.67188364,0.20368814,0.14831068,0.037967462,0.07377987,0.019322755,0.026037617,0.024177223,0.021251135,0.047614466,0.038704533,0.061348163,0.26924968,0.1864988,0.16950458,0.14805369,0.06483933,0.04868077,0.028531125,0.000667829,7.52E-06,2.35E-06,1.74E-06,1.36E-06,1.09E-06,9.10E-07,7.70E-07,6.61E-07,5.77E-07,5.07E-07,4.51E-07,4.04E-07,3.65E-07,3.32E-07,3.04E-07,2.80E-07,2.59E-07,2.41E-07,2.26E-07,2.13E-07,2.01E-07,1.91E-07,1.83E-07,1.76E-07,1.70E-07,1.65E-07,1.61E-07,1.59E-07,1.57E-07,0.013628813,0.030820401,0.0829915,0.7600492,10.423638,1.5459834,0.20565669,0.20777676,1.8096194,17.728516,3.7130873,0.24184816,0.1825474,1.2861127,5.729797,1.535508,0.14041352,0.10242198,1.3685532,5.5994806,2.7827532,0.17241308,0.1921195,5.1830516,18.24748,13.6860285,0.43083152,0.31621704,39.33575,125.392006,57.253883,1.0916811,0.24106659,0.8910787,1.7919369,0.26732424,0.2569036,0.40319073,8.136086,22.198599,15.612815,0.37521723,0.19945414,0.9237006,4.8295236,3.211042,0.2604666,3.8302913,37.042526,60.985153,2.8802824,0.86947817,4.073636,2.2916143,0.184359,0.7016466,0.99710625,0.4073027,0.060078014,0.3120988,0.2224069,0.017158816,0.07967752,0.08219289,0.011297293,0.18085496,0.14443575,0.04491121,0.05951792,0.016907383,0.107692316,0.079671,0.019687904,0.029974783,0.02196466,0.18145093,0.09539851,0.40566015,0.26321396,0.3244139,0.13767588,0.10377884,0.025937008,0.05032826,0.012995788,0.018287465,0.012714759,0.012624767,0.03397665,0.019888176,0.03651789,0.17921501,0.12539463,0.11054626,0.08928728,0.044255048,0.03489486,0.021327049,0.000714505,3.70E-05,2.38E-05,1.76E-05,1.37E-05,1.11E-05,9.19E-06,7.77E-06,6.67E-06,5.82E-06,5.12E-06,4.55E-06,4.08E-06,3.68E-06,3.35E-06,3.07E-06,2.82E-06,2.61E-06,2.43E-06,2.28E-06,2.14E-06,2.03E-06,1.93E-06,1.85E-06,1.77E-06,1.71E-06,1.67E-06,1.63E-06,1.60E-06,1.58E-06,0.029790575,0.11587292,0.54972094,0.089335054,0.14429057,0.9856851,0.21621849,0.009375743,0.010219435,0.0549138,0.29834315,0.08020947,0.017858937,0.021358455,0.18333831,0.05815823,0.073067114,0.114571676,0.08780738,0.037499934,0.02803424,0.036358245,0.06540997,0.0443285,31.35849941,27.5007008,32.63279267,27.53229252,21.50241521,73.5338292,18.98154099,4.40723928,4.061386853,4.830547393,2.982657663,2.133210159,9.100028376,2.643945418,healthy 
voice026.wav,8.675374,0.1638537,0.094425833,0.016951471,-194.41104,190.4329,-129.89615,23.201626,-28.081123,-17.354094,26.187828,-37.49248,10.339889,-0.002753858,-15.177806,9.311959,-36.4581,57.33164,23.630705,19.343754,7.230596,5.07674,5.1307187,5.6830335,5.794527,4.585326,4.39318,3.3536932,4.5153995,6.3231897,0.003257729,0.007787646,0.016852934,0.033252962,0.6110188,192.32884,81.0708,0.13680078,0.054296,0.042854007,0.085434884,42.66705,52.526653,0.35160273,0.025989674,0.026843188,0.049260795,8.679346,27.750917,1.710973,0.048001196,0.058564913,0.094656914,3.5319517,39.122097,13.263235,0.32406527,0.2903686,0.33344945,4.127882,69.31692,55.88377,1.7905337,0.39695767,0.40439323,1.8845348,42.9085,76.35533,10.264364,0.22748289,0.15381905,0.2680646,9.624219,17.219166,4.473708,0.3020422,0.43174475,2.317284,22.86928,28.25141,1.9019648,0.39371684,2.9406638,22.73097,17.142805,0.8786314,0.717554,7.07786,5.735727,0.5345554,0.13876274,0.3299282,0.5920904,0.095006794,0.11892704,0.5070077,0.33345932,0.0696195,0.33807373,0.39417905,0.12034617,0.4217581,0.4486094,0.14066355,0.25589263,0.20298123,0.05696255,0.03094827,0.020713998,0.094621636,0.20276718,0.33773282,0.4467722,0.1308031,0.071247265,0.033606637,0.019876916,0.018351892,0.01897465,0.01999722,0.028207552,0.03472171,0.061159767,0.14939429,0.4588942,0.55432624,0.2537504,0.059672963,0.004945008,6.28E-06,9.90E-07,6.04E-07,4.16E-07,3.08E-07,2.42E-07,1.96E-07,1.64E-07,1.41E-07,1.23E-07,1.09E-07,9.73E-08,8.82E-08,8.06E-08,7.44E-08,6.90E-08,6.45E-08,6.07E-08,5.74E-08,5.45E-08,5.21E-08,5.00E-08,4.82E-08,4.67E-08,4.54E-08,4.44E-08,4.35E-08,4.30E-08,4.26E-08,0.015224921,0.038334463,0.08510239,0.17652397,0.92959315,46.00234,30.615757,0.4105533,0.21100014,0.121886335,0.19932956,25.29437,17.9881,0.380162,0.048412092,0.033570603,0.059712563,9.587186,6.585716,1.6099007,0.03923672,0.06320472,0.077589594,4.662895,12.833099,10.784888,0.22380015,0.215669,0.23264892,8.854046,49.3912,39.13314,2.3808029,0.3290073,0.27865288,4.36894,41.4924,37.210213,14.498376,0.27044865,0.25336668,0.5951801,16.785114,18.561893,7.5823927,0.24961121,0.33388683,4.304389,14.571345,21.38626,3.1105213,0.26905236,5.240708,14.653242,13.623941,0.89362484,1.2417223,10.648754,6.2753415,0.7250931,0.09093404,0.34802964,0.47320983,0.071405165,0.13667485,0.28285232,0.2588097,0.07064428,0.35558552,0.32423797,0.08600447,0.41548094,0.34030625,0.087394156,0.22539389,0.10508079,0.04154452,0.02208525,0.011003478,0.08919502,0.15652885,0.3143509,0.3691,0.10533388,0.058130912,0.019832794,0.014203177,0.011747022,0.010700568,0.01015331,0.015678117,0.016884794,0.03115213,0.079016544,0.28441766,0.33753416,0.15269002,0.037265487,0.003819448,2.34E-05,1.00E-05,6.10E-06,4.19E-06,3.11E-06,2.44E-06,1.98E-06,1.65E-06,1.42E-06,1.24E-06,1.09E-06,9.81E-07,8.89E-07,8.13E-07,7.50E-07,6.96E-07,6.51E-07,6.12E-07,5.78E-07,5.50E-07,5.25E-07,5.04E-07,4.86E-07,4.70E-07,4.57E-07,4.47E-07,4.39E-07,4.33E-07,4.30E-07,0.11948208,0.4264264,0.9668482,0.24682324,0.2390459,0.33634904,0.49213314,0.048094906,0.23170322,0.6110384,0.08174135,0.114038505,0.11114881,0.22617401,0.13077497,0.074163444,0.09820747,0.26437977,0.22614065,0.07815959,0.20280012,0.13423607,0.055691253,0.13704723,34.05657494,25.52235851,24.91622932,23.25150748,19.04270047,74.49421565,18.65201156,4.192757697,3.888641898,3.970030625,2.607376881,1.663559677,8.951676329,2.654170713,hypokinetic dysphonia
voice027.wav,14.135662,0.23917983,0.122371802,0.034435678,-201.11182,161.61472,-125.88721,2.6198251,-18.907188,-21.52221,15.441007,-22.800789,7.644181,-0.5598407,-1.6605787,17.556448,-36.235554,48.76533,22.087168,18.332518,6.971871,4.0302453,4.029864,4.1458454,4.181398,2.6807566,2.3420115,2.6248312,3.6002512,5.6936035,0.000938169,0.002574479,0.00371249,0.010387347,0.058820482,13.803447,70.23297,1.9380628,0.04244165,0.043404024,0.023466593,0.044651203,9.890815,21.84243,0.32246298,0.004973119,0.007844853,0.014654643,0.15527979,37.35324,48.170258,0.62319535,0.047784775,0.094190665,0.14659667,7.6746335,268.79214,229.4992,2.5820336,0.2050122,0.15616317,0.58361995,40.32034,376.11096,188.3624,1.1581017,0.11045372,0.11359594,0.19616428,3.4038773,21.77184,13.051738,0.2809075,0.15864442,0.23745567,5.7354403,83.77063,70.96072,2.8401277,0.16841435,1.1438013,40.24374,174.1817,46.5774,0.24045017,0.28593436,3.7957377,10.689645,1.6244857,0.022340082,0.18656166,2.8630288,1.8006684,0.023519725,0.10641264,1.3299966,0.7584615,0.020236235,0.59776837,3.5285964,0.99831927,1.2924358,10.147208,4.0968413,0.063898996,0.5550132,0.2829314,0.030750329,0.17866394,0.055174336,0.036707364,0.098036334,0.014333242,0.055150434,0.032321323,0.012094088,0.0245906,0.007020285,0.025409909,0.009687689,0.024540424,0.01027049,0.04975639,0.04995423,0.13294503,0.06441385,0.09558966,0.014764237,0.001150244,3.37E-06,1.43E-06,1.04E-06,8.06E-07,6.51E-07,5.43E-07,4.61E-07,3.98E-07,3.49E-07,3.08E-07,2.75E-07,2.48E-07,2.24E-07,2.05E-07,1.88E-07,1.74E-07,1.62E-07,1.51E-07,1.42E-07,1.34E-07,1.27E-07,1.21E-07,1.16E-07,1.12E-07,1.08E-07,1.05E-07,1.03E-07,1.01E-07,1.00E-07,0.005055402,0.016948873,0.02130489,0.07670858,0.2238641,5.0441093,28.697786,2.3106775,0.31350037,0.3303956,0.15881698,0.38337222,5.3395295,7.2133813,0.35529968,0.030741205,0.062110525,0.12927695,0.6675575,16.071426,23.90968,1.1469321,0.1709343,0.5825041,0.65956974,27.015203,92.62962,153.39343,5.303197,1.1009972,0.5252319,2.5996373,113.291916,158.30067,148.91245,2.1631804,0.3048913,0.37576303,0.7062011,6.5317855,19.308699,27.871954,0.5952601,0.24817407,0.5981052,17.935785,69.49634,37.45113,6.0492344,0.14113459,6.8047695,57.65495,60.15055,50.25902,0.3471025,1.1766144,5.045119,5.6408143,2.169242,0.035383586,0.325743,1.3860009,1.3894633,0.029656267,0.1831843,0.64915234,0.6053232,0.07721637,0.5440583,2.536772,2.345995,2.177195,5.768339,4.9297767,0.12385529,0.40760976,0.3009041,0.044977095,0.08751131,0.05499752,0.036911104,0.04827923,0.017279863,0.03134284,0.025064588,0.010159282,0.013713646,0.005785515,0.01155579,0.007176377,0.01275233,0.009333694,0.038921494,0.042853516,0.085753754,0.055966433,0.07113954,0.020229006,0.001534017,2.87E-05,1.73E-05,1.26E-05,9.77E-06,7.90E-06,6.59E-06,5.60E-06,4.83E-06,4.23E-06,3.74E-06,3.34E-06,3.00E-06,2.72E-06,2.49E-06,2.28E-06,2.11E-06,1.96E-06,1.83E-06,1.72E-06,1.62E-06,1.54E-06,1.47E-06,1.41E-06,1.36E-06,1.31E-06,1.28E-06,1.25E-06,1.23E-06,1.22E-06,0.06537926,0.1385029,0.20233417,0.20131235,0.9896497,0.21157831,0.04794904,0.21156193,0.6721841,0.087691516,0.039188866,0.14729175,0.05772958,0.10709953,0.10019017,0.13110934,0.046918485,0.12650079,0.118405186,0.17235135,0.17254803,0.10452314,0.10374179,0.088371515,34.71155173,28.34009259,33.61729615,29.91278399,30.31168631,71.31721813,18.84595226,4.465270198,4.640865424,5.105173248,3.170913187,2.949467721,8.361243696,2.581671238,reflux laryngitis
voice028.wav,10.491733,0.1364307,0.097939981,0.015517096,-230.6662,149.91254,-118.584114,26.010593,-14.123255,-13.666293,40.643715,-21.20176,-2.1360466,-6.312585,-32.92901,3.2039838,-2.9161904,52.915234,20.241716,20.531458,7.1636353,7.8291683,5.0170074,8.212166,6.863952,3.8515666,3.0081968,5.2172775,4.6881967,2.3943615,0.001951896,0.002865312,0.006336753,0.01289093,0.10485317,0.07690509,0.10102821,0.068390034,14.70947,102.76572,5.3519883,0.028655639,0.014020169,0.012327519,0.020646637,0.011501776,0.009942561,0.011762782,13.231972,47.486473,2.710822,0.00896051,0.005707834,0.023069259,0.043440178,0.017673593,0.010672267,0.027677625,8.190288,19.91726,3.8377938,0.10013572,0.021956902,0.07941778,0.1212559,0.0964401,0.083439104,1.2015209,114.30329,196.08026,24.624847,1.703379,0.43642434,2.1232548,2.6338649,0.6276603,0.3187649,10.216815,33.009315,6.2827764,0.5912311,0.05995074,0.09173377,0.04713399,0.06841287,2.6378095,2.6638937,0.48512927,0.06479435,0.080233745,0.046253156,0.99772394,3.918634,1.1678351,0.27690622,0.17432332,0.11527894,0.4452632,0.26692712,0.07782022,0.100441664,0.05320711,0.12288524,0.05343371,0.03914903,0.0448939,0.07474677,0.13707098,0.046078004,0.048442136,0.18097055,0.3228913,0.10087994,0.13486008,0.7389844,0.4171388,0.10374983,0.22122118,0.21447751,0.016455462,0.040019132,0.05902488,0.00960373,0.034803852,0.033901017,0.010309654,0.05806614,0.022427209,0.000748913,5.68E-06,2.17E-07,1.50E-07,1.11E-07,8.58E-08,6.86E-08,5.61E-08,4.67E-08,3.95E-08,3.39E-08,2.93E-08,2.57E-08,2.27E-08,2.02E-08,1.82E-08,1.64E-08,1.50E-08,1.37E-08,1.27E-08,1.18E-08,1.10E-08,1.03E-08,9.79E-09,9.33E-09,8.94E-09,8.64E-09,8.40E-09,8.23E-09,8.13E-09,0.00415637,0.006295161,0.008260562,0.011871541,0.10014522,0.055290326,0.070359915,0.068741925,8.78808,34.50537,4.981398,0.049443956,0.017656125,0.016230788,0.027059859,0.018741315,0.025321562,0.038872752,9.3349495,13.232182,4.3580003,0.018308917,0.008137653,0.027576402,0.0525909,0.018265909,0.01270458,0.05186012,6.288839,8.047591,16.101152,0.5049563,0.02289894,0.096416876,0.18001816,0.10850416,0.09793847,3.3866425,88.0028,103.23409,75.73838,9.610992,0.58830667,3.6869757,4.844508,0.9374767,0.41469854,11.691597,18.914467,10.479112,3.5494215,0.065520994,0.10097393,0.05603179,0.11790455,2.1217942,2.066395,2.6313603,0.08962547,0.09022124,0.035587598,1.0242376,2.6210096,2.9391239,0.894387,0.1773004,0.104826115,0.39523318,0.25118837,0.1253072,0.10508595,0.0445724,0.11163152,0.04786457,0.03852388,0.042379815,0.068133354,0.14959605,0.037048627,0.035630327,0.15042101,0.3068318,0.07319115,0.10999026,0.87180567,0.5856436,0.12265102,0.28505537,0.3078245,0.017087094,0.04820616,0.08454251,0.011152466,0.03924145,0.05467145,0.013079083,0.05231909,0.033604514,0.002042839,1.16E-05,2.56E-06,1.77E-06,1.31E-06,1.01E-06,8.09E-07,6.61E-07,5.50E-07,4.66E-07,3.99E-07,3.46E-07,3.03E-07,2.68E-07,2.38E-07,2.14E-07,1.94E-07,1.76E-07,1.62E-07,1.49E-07,1.39E-07,1.30E-07,1.22E-07,1.15E-07,1.10E-07,1.05E-07,1.02E-07,9.90E-08,9.70E-08,9.57E-08,0.027354673,0.04059467,0.14156222,0.031400066,0.017872196,0.09478796,0.04113406,0.018034916,0.0330681,0.1400071,0.99151725,0.3068169,0.07459353,0.074827515,0.080959044,0.051810496,0.041555487,0.06000469,0.06876409,0.06783487,0.06973266,0.0971324,0.06230658,0.17635044,18.07007078,28.55278514,29.8797773,28.66736994,21.80801836,71.62988578,18.47128044,3.351515611,4.285783333,4.595377243,3.445820535,2.429900023,8.455774232,2.592777282,reflux laryngitis
voice029.wav,18.739935,0.13546145,0.09976012,0.022389934,-206.73032,199.23434,-109.42333,32.825924,-41.320797,-2.9238753,50.77052,-49.74857,4.312563,11.670704,-12.1918335,16.393192,-34.14726,61.938473,26.665445,17.932688,9.499618,6.2139273,3.2537637,7.8315787,7.264367,2.414974,3.4788456,2.7213387,3.9689412,5.503192,0.001542479,0.003925278,0.024714123,27.432642,12.00757,0.10914146,0.25228974,84.773674,126.73093,0.42949733,0.03509844,1.3633614,8.868262,0.40609115,0.006590871,0.18384339,9.262917,2.6312628,0.00992487,0.022518741,8.288568,8.724757,0.07177687,0.064796485,13.401986,45.72682,2.1168292,0.07287881,2.1442335,27.065248,5.3358808,0.1015839,0.498107,18.999498,13.109082,0.20317394,0.22028269,5.0109777,10.258543,0.5833352,0.14337614,1.3468542,9.622922,2.0620484,0.21321231,2.6650488,16.394499,2.5529206,0.5798483,32.97549,42.44553,1.3458651,7.5560646,20.880672,1.4994255,0.3828982,1.6152412,0.2201239,0.109135136,0.33842254,0.03004381,0.15983577,0.1515506,0.017260194,0.07017238,0.015395417,0.04718353,0.025639547,0.013030333,0.023272166,0.009272633,0.01945721,0.010138722,0.024373526,0.014871711,0.02387807,0.034805164,0.046545155,0.05570073,0.07866071,0.38791364,0.46920592,0.63946843,0.10578184,0.035420015,0.019032257,0.007479859,0.011218272,0.03487277,0.15593588,1.2696595,1.008123,0.66199714,0.58891684,0.6586342,0.52982426,0.14052185,0.024558699,0.00128617,5.58E-06,2.79E-06,2.09E-06,1.65E-06,1.34E-06,1.13E-06,9.63E-07,8.33E-07,7.31E-07,6.47E-07,5.78E-07,5.21E-07,4.73E-07,4.32E-07,3.97E-07,3.67E-07,3.41E-07,3.18E-07,2.99E-07,2.82E-07,2.67E-07,2.55E-07,2.44E-07,2.35E-07,2.27E-07,2.21E-07,2.17E-07,2.13E-07,2.11E-07,0.001703968,0.005323307,0.06489002,7.2349486,3.548596,0.11346164,0.20411988,24.595179,37.23016,0.2833815,0.059170373,0.5250128,2.8769045,0.25203517,0.006317401,0.30180833,2.322461,1.2005651,0.019156812,0.04224895,2.8351924,3.5366352,0.05302225,0.04456248,7.442796,16.39608,2.178147,0.063211784,2.3583355,10.065567,3.2530003,0.11347545,1.1381776,9.468613,7.537778,0.19077003,0.2995734,3.3571153,4.747845,0.69980943,0.122045584,1.5776395,5.572533,2.4032745,0.20243496,2.456015,6.6583242,2.8990622,1.1205229,17.013565,21.964169,1.1791904,10.177324,11.602176,1.9794271,0.41730615,0.8439049,0.27276576,0.13129964,0.2905855,0.03592008,0.08981505,0.100621894,0.021507,0.049839888,0.016477095,0.02808618,0.015809001,0.006896733,0.0183375,0.006673575,0.010763275,0.006513877,0.013175578,0.009435234,0.013668328,0.02058456,0.03212339,0.032877013,0.04456668,0.2537458,0.2485775,0.3992378,0.055642344,0.020058116,0.010845775,0.003903668,0.006149443,0.025588911,0.12442473,0.9215841,0.46518484,0.3063888,0.29862103,0.35877797,0.2723324,0.07780514,0.012711529,0.000869091,5.27E-05,3.38E-05,2.53E-05,2.00E-05,1.63E-05,1.37E-05,1.17E-05,1.01E-05,8.87E-06,7.85E-06,7.01E-06,6.32E-06,5.73E-06,5.24E-06,4.81E-06,4.45E-06,4.13E-06,3.86E-06,3.62E-06,3.42E-06,3.24E-06,3.09E-06,2.96E-06,2.85E-06,2.76E-06,2.69E-06,2.63E-06,2.59E-06,2.56E-06,0.11427817,0.23930334,0.92632484,0.40805772,0.24731359,0.21462944,0.2559803,0.9050983,0.3030508,0.13285305,0.068076715,0.17234026,0.04441416,0.07036931,0.13820009,0.15030739,0.095486686,0.05512795,0.07621151,0.1492356,0.07222767,0.061320927,0.047896612,0.050156794,30.04406381,29.37666564,26.29967554,26.23049089,22.59360118,77.76595479,18.08377251,3.713448269,3.938852999,3.981540328,2.697504324,2.068020936,8.945415995,2.5396376,reflux laryngitis
voice030.wav,14.332726,0.16783398,0.111632891,0.018947863,-206.68361,156.09053,-148.13087,30.374193,-5.2182765,2.59419,34.24422,-40.362583,6.236659,-6.696801,-30.55222,8.157225,-18.345633,56.425858,21.832579,23.221039,13.313598,4.8662534,5.164028,6.983433,6.650012,5.762017,3.7939167,9.422392,4.7520375,5.7022324,0.002502514,0.005601821,0.009550851,0.012074139,0.07677803,0.08849542,3.1892369,172.93431,51.103077,0.063508056,0.033619076,0.013059678,0.009108682,0.008313206,0.64241374,27.741936,24.724382,0.44928515,0.007893992,0.008550907,0.013467189,0.017422084,0.6481325,10.239556,13.651082,1.3050833,0.023482505,0.003285465,0.002922669,0.006121215,0.5730121,8.535515,18.739569,4.2493973,0.2833345,0.061836332,0.07876925,0.25030616,2.5083997,29.789728,112.35388,60.52117,6.643943,0.8100075,0.32212266,0.70638,5.762845,28.022736,43.918247,9.491597,0.9127359,0.7925119,9.3418255,27.866312,55.13027,23.778471,2.0840402,0.667527,3.0407116,18.786474,32.91138,5.2394133,0.3644556,0.80267304,8.860224,11.471611,1.3252796,0.18973917,0.75901103,2.0159051,0.6256281,0.05562621,0.36731476,0.76469433,0.18301377,0.080531865,0.3703149,0.38599768,0.10533971,0.3728563,0.62044245,0.14288038,0.09040487,0.22253796,0.0871232,0.18742302,0.44154766,0.15694527,0.50112516,0.42393208,0.38216507,0.335396,0.07923953,0.18048221,0.23971622,0.31557995,0.5559746,0.12050261,0.019916847,2.88E-05,1.56E-06,1.05E-06,7.59E-07,5.81E-07,4.63E-07,3.79E-07,3.17E-07,2.71E-07,2.34E-07,2.05E-07,1.82E-07,1.63E-07,1.47E-07,1.33E-07,1.22E-07,1.13E-07,1.05E-07,9.77E-08,9.17E-08,8.67E-08,8.23E-08,7.86E-08,7.55E-08,7.29E-08,7.09E-08,6.92E-08,6.81E-08,6.73E-08,0.007548855,0.020504063,0.03926869,0.05122867,0.08201386,0.10710756,3.8451693,70.45086,32.57247,0.09902068,0.027496869,0.015504502,0.010641105,0.013787999,1.4733834,9.599526,20.09272,1.6820555,0.013647807,0.009596035,0.014878184,0.021685326,1.8288243,6.714022,7.6977353,3.4069564,0.090631306,0.002944485,0.002910818,0.009339562,1.4921547,7.567276,11.650953,6.2659726,1.5038282,0.061502554,0.07404618,0.47757593,6.805108,32.738346,80.80815,76.98009,21.300055,1.7223204,0.2668028,2.937218,12.879384,24.010813,44.97134,17.492441,3.4292731,2.3820348,28.999651,38.2589,42.900654,31.329868,7.878601,1.6381323,5.124409,17.785528,52.631462,10.372307,0.68328905,2.0518017,13.494223,20.72217,3.8228867,0.20012859,0.8881043,2.8015862,1.2611427,0.07428743,0.42199087,0.77171284,0.3332928,0.11009607,0.2835756,0.43992713,0.14182828,0.32595596,0.5453245,0.22334176,0.09513076,0.33737764,0.159311,0.22434676,0.7363186,0.2676306,0.6982271,0.66767687,0.591883,0.39893505,0.10512398,0.15648417,0.41438687,0.408573,0.7835106,0.14976741,0.030366795,5.60E-05,1.90E-05,1.27E-05,9.21E-06,7.05E-06,5.62E-06,4.60E-06,3.85E-06,3.28E-06,2.84E-06,2.49E-06,2.21E-06,1.97E-06,1.78E-06,1.62E-06,1.48E-06,1.37E-06,1.27E-06,1.18E-06,1.11E-06,1.05E-06,9.98E-07,9.54E-07,9.16E-07,8.84E-07,8.59E-07,8.39E-07,8.26E-07,8.17E-07,0.17907716,0.08208078,0.39237908,0.16078608,0.28236353,0.45649734,0.23960784,0.83210456,0.3600022,0.12029266,0.19570568,0.68359256,0.19140697,0.07917614,0.1359962,0.12485258,0.32001543,0.22522987,0.1045603,0.23555511,0.25515506,0.13118894,0.09823615,0.28801867,32.28240719,28.87611015,28.68628332,25.21213918,23.48264083,75.23529534,18.02465067,4.18995235,4.987694661,3.832890829,3.511300009,2.850725784,8.559021783,2.678814373,reflux laryngitis
voice031.wav,13.214862,0.27128872,0.109938654,0.032271155,-174.7688,163.20085,-122.56423,4.2613115,-35.82693,-20.305277,37.555046,-31.156683,-8.019226,7.876742,-10.384651,-7.6823163,-36.3376,49.258076,20.482157,18.183016,7.284769,5.3144,7.3244495,6.149306,5.3663855,4.4782953,3.0203202,3.287181,3.8884351,7.1223774,0.01209726,0.013909491,0.020233002,0.02915013,2.1065023,35.033264,3.0535197,0.033255238,0.02883977,0.028418973,4.8890367,93.942276,11.019637,0.022237232,0.008260008,0.013125655,4.3225174,81.17861,11.779305,0.025116008,0.021621803,0.017640352,1.6160493,32.17736,6.6671605,0.08128663,0.13464466,0.19610895,43.644825,784.45966,181.20337,0.5436461,0.35650066,0.33048502,21.022072,379.27737,108.95943,0.34267277,0.13552688,0.113343194,9.978222,171.99814,61.737495,0.6457939,0.32535905,0.2775103,48.38074,133.68275,5.46502,0.45492673,0.4998553,36.88481,68.83954,2.055746,0.60785276,6.6774964,37.24823,3.592158,0.06777861,0.7035307,3.4348543,0.37580827,0.025838004,0.24525611,0.2588451,0.013096682,0.07071349,0.24874955,0.023463732,0.063732155,0.28214654,0.03462318,0.07311056,0.27576905,0.04346581,0.34640598,0.26853794,0.6582531,3.6558838,0.80868655,5.725539,2.7017643,0.45540696,0.31708688,0.061180033,0.070775636,0.013363437,0.017074343,0.07083149,0.21112701,0.46774492,0.3907488,0.118555725,0.06479623,0.09617099,0.03166575,0.03416418,0.011903476,0.002588098,9.95E-06,2.80E-06,2.11E-06,1.68E-06,1.38E-06,1.17E-06,1.01E-06,8.80E-07,7.79E-07,6.94E-07,6.25E-07,5.66E-07,5.16E-07,4.74E-07,4.38E-07,4.06E-07,3.79E-07,3.55E-07,3.34E-07,3.16E-07,3.01E-07,2.87E-07,2.76E-07,2.66E-07,2.58E-07,2.51E-07,2.46E-07,2.42E-07,2.40E-07,0.12222237,0.13050167,0.1789669,0.23852442,1.2633196,11.945479,0.9652355,0.041917995,0.067877226,0.12873177,3.3071082,26.859926,4.831443,0.1445474,0.025077853,0.05950521,4.381872,25.753319,5.173625,0.09930409,0.11997513,0.08742816,1.7877456,8.346212,4.3728714,0.40632617,0.85281575,0.77104163,54.78567,202.39935,106.091675,1.1112059,0.4526005,0.59865123,27.161364,115.60476,66.106186,0.4673765,0.3431202,0.298981,14.526699,65.234406,47.272503,1.0877101,0.45560452,0.3652134,28.158924,52.98846,10.122915,0.45610505,0.71186984,22.589859,43.856438,2.9343486,0.5416754,9.23399,20.19544,2.9532151,0.05145159,1.0059522,1.5914427,0.48322767,0.022880599,0.21696533,0.17470029,0.012285402,0.123452105,0.3335385,0.021546284,0.11621366,0.21339966,0.03646144,0.06988854,0.15835042,0.035136603,0.59911215,0.35840464,1.5241331,3.1048126,0.6992161,4.294171,1.690024,0.98935294,0.6272194,0.11194011,0.0801545,0.023180515,0.01939601,0.090166174,0.20917535,0.45941618,0.179101,0.113822915,0.040526595,0.05518195,0.016275251,0.02831816,0.010042341,0.002575356,5.42E-05,3.40E-05,2.56E-05,2.04E-05,1.68E-05,1.42E-05,1.22E-05,1.07E-05,9.45E-06,8.42E-06,7.57E-06,6.87E-06,6.26E-06,5.75E-06,5.31E-06,4.92E-06,4.59E-06,4.31E-06,4.05E-06,3.84E-06,3.65E-06,3.48E-06,3.34E-06,3.23E-06,3.12E-06,3.05E-06,2.98E-06,2.94E-06,2.91E-06,0.07324245,0.33057386,0.10222544,0.16418137,0.27900174,0.99227893,0.1238443,0.10056618,0.58076715,0.12631752,0.10638924,0.22577393,0.074862726,0.06467198,0.07038668,0.09242023,0.0833506,0.055770904,0.0907564,0.1278174,0.12379109,0.09506149,0.08387208,0.068797655,33.23238089,29.49433726,33.31563863,27.44298228,25.31325844,72.96809381,18.97581766,4.933513274,4.439867918,5.127507303,2.83578608,2.145890486,8.378953105,2.659201097,reflux laryngitis
voice032.wav,15.557476,0.29007918,0.077420433,0.010054069,-193.73741,146.19128,-117.915726,39.877476,-23.352009,-34.215252,13.496813,-34.226307,10.733912,15.031068,-6.4442277,-12.2670965,-36.155445,49.385376,18.825161,16.908216,9.892778,3.6714346,5.222531,3.997272,5.356711,3.1737225,3.3960521,4.39754,2.5581028,6.070642,0.001315464,0.002302698,0.006035511,0.008981238,0.045065686,27.39133,59.791264,0.35543177,0.018946223,0.01883492,0.028460694,0.22943822,116.30356,69.726166,0.11734535,0.04891853,0.03483293,0.049825396,10.312979,191.21693,28.523155,0.05595284,0.03030833,0.03774144,0.111317255,221.72609,623.61786,17.400862,0.116452955,0.121919654,0.122459255,4.50475,541.83966,464.37622,1.8902272,0.046882074,0.034225713,0.024687817,4.218945,60.295696,15.425652,0.06406015,0.03488612,0.022216985,0.074633606,2.5577722,2.883468,0.045396563,0.015485376,0.014372816,1.865553,24.685215,3.8489113,0.026876753,0.05886796,22.897747,161.22661,14.071117,0.12035782,0.48810527,12.264316,5.780747,0.021215217,0.07597764,3.609364,1.5151082,0.006059293,0.19897324,1.2044078,0.059833404,0.015654877,0.47623798,0.15568975,0.029458366,1.9474992,0.92779386,0.2788452,9.595906,2.3770874,2.2561224,8.877612,0.21446532,0.88394004,0.42962584,0.1021654,0.19545805,0.011845118,0.06799366,0.010249118,0.07082752,0.014027061,0.084165834,0.026466893,0.17022623,0.10548335,0.45247295,0.55860955,0.80971026,0.005508692,0.000130376,1.63E-05,1.27E-05,1.04E-05,8.74E-06,7.50E-06,6.53E-06,5.74E-06,5.12E-06,4.59E-06,4.14E-06,3.77E-06,3.45E-06,3.17E-06,2.93E-06,2.73E-06,2.55E-06,2.39E-06,2.25E-06,2.13E-06,2.03E-06,1.94E-06,1.86E-06,1.80E-06,1.74E-06,1.70E-06,1.66E-06,1.64E-06,1.62E-06,0.008211849,0.008744889,0.02033148,0.046882432,0.112875186,7.3592296,17.672176,0.2105792,0.03400145,0.043576222,0.0952269,1.1284945,37.8652,19.133062,1.0344695,0.4810641,0.34738487,0.49795613,8.57698,47.3042,17.399672,0.40257677,0.22923873,0.31140947,0.51076794,98.74973,197.91476,19.4716,0.40483287,0.84904003,0.7700573,16.893423,155.87392,187.09645,4.9606814,0.2678415,0.26380745,0.12337712,7.4550877,15.417691,9.246601,0.4265834,0.30077708,0.15623596,0.28531218,1.7039081,1.8357936,0.09001455,0.05511791,0.029151091,3.157348,9.604217,4.242049,0.09661874,0.18671975,25.174435,60.901867,14.929777,0.11225198,1.3374557,9.276719,5.3551445,0.047918577,0.24546178,1.710714,1.0232687,0.023507332,0.24091671,0.5414611,0.1044287,0.038509924,0.14330453,0.13782153,0.083026536,0.74146307,0.7587869,0.6434864,4.3649807,2.4848306,1.8803729,4.4839683,0.3740748,0.6013251,0.32010397,0.075153336,0.074800365,0.01590147,0.03295827,0.012456048,0.042084586,0.012241089,0.033623513,0.015508004,0.07935233,0.06467481,0.20980975,0.4322601,0.54283386,0.01654596,0.000325431,0.00019756,0.000154375,0.000126177,0.000105962,9.10E-05,7.92E-05,6.97E-05,6.20E-05,5.56E-05,5.02E-05,4.57E-05,4.18E-05,3.85E-05,3.56E-05,3.31E-05,3.09E-05,2.90E-05,2.73E-05,2.59E-05,2.46E-05,2.35E-05,2.26E-05,2.18E-05,2.11E-05,2.06E-05,2.01E-05,1.98E-05,1.96E-05,0.012702569,0.02544945,0.18114868,0.90162957,0.1978995,0.2513256,0.28033903,0.8924224,0.10232553,0.059089947,0.25878328,0.055173162,0.05500057,0.08146117,0.07325804,0.150531,0.055985816,0.08513892,0.09956937,0.113142215,0.10006678,0.11115027,0.06331153,0.05267343,34.04497845,30.93073295,34.67403629,30.33622957,28.76377946,74.29037696,18.23155127,3.868763517,4.435568288,4.675078187,3.775393347,3.125222527,9.151321235,2.679519937,healthy 
voice033.wav,21.772509,0.1789247,0.109938654,0.013601203,-173.70024,162.58376,-125.095024,19.812677,-34.891373,-15.379947,41.675377,-37.358654,1.1917605,4.365457,-33.993763,-4.339261,-13.732497,58.296547,28.615583,18.111618,12.0568905,9.453783,8.857429,8.681088,6.676138,5.015649,3.2711878,5.3367233,3.4698727,4.0032454,0.001974093,0.005032908,0.006874216,0.021968516,0.079504706,0.081332244,0.2147307,16.323704,80.72216,2.678344,0.09135223,0.15760654,0.65326214,0.55129415,0.28361484,0.31772643,18.088303,41.44011,1.4362339,0.046962,0.06789578,0.19881792,0.16091138,0.23651583,1.0567741,43.119526,66.2914,3.164098,0.27426103,1.5406421,3.5561893,2.3256922,1.5904503,7.44929,61.410915,59.597828,6.3964195,1.6903305,4.2747803,7.604549,6.279132,3.8961828,56.335052,310.3146,131.39423,5.2001443,1.5185499,1.7762212,1.0622599,0.5075431,7.511796,17.370405,4.7886014,0.59638816,0.6282105,0.58123904,3.1222496,19.922245,10.880745,1.1815023,0.585562,0.48599684,3.7861266,3.8375802,0.47202942,0.07903919,0.04250456,0.28086308,0.41876194,0.09335245,0.03905085,0.12432633,0.33717567,0.09893671,0.041171182,0.15632617,0.41765445,0.13331768,0.07383332,0.38249922,0.45281798,0.11119817,0.5516173,1.9169853,0.88192564,1.3192142,2.773846,0.48719537,0.21369773,0.32095906,0.0729973,0.15385996,0.13844341,0.097356856,0.24883495,0.112604946,0.21468912,0.11066565,0.004256289,2.01E-05,3.30E-08,2.13E-08,1.51E-08,1.13E-08,8.78E-09,7.04E-09,5.77E-09,4.83E-09,4.11E-09,3.54E-09,3.08E-09,2.72E-09,2.42E-09,2.17E-09,1.96E-09,1.79E-09,1.64E-09,1.52E-09,1.41E-09,1.32E-09,1.24E-09,1.18E-09,1.13E-09,1.08E-09,1.05E-09,1.02E-09,1.00E-09,9.88E-10,0.004713136,0.005504716,0.007929017,0.03646176,0.07611763,0.06728753,0.1774865,9.516545,26.594875,1.6768672,0.093538225,0.14888592,0.9615098,0.6553762,0.4184809,0.534161,11.069228,10.461828,1.4307395,0.0588898,0.12662837,0.37879062,0.25152248,0.3715274,1.1959832,22.133823,31.65492,4.4210343,0.38203794,3.3988762,5.4984865,3.7363265,2.706887,7.6421804,36.379642,47.383488,13.244793,2.713418,7.753901,11.760086,10.271611,5.359342,80.06327,261.64645,127.883995,10.8049,2.386325,2.7723901,1.9336604,0.6190392,7.817938,11.391396,8.5426035,0.9226713,0.8627265,0.70223475,4.096583,16.170113,11.304772,1.8756719,0.6537616,0.4278227,5.600819,3.2528217,0.5851162,0.110578425,0.050591033,0.340944,0.3764989,0.1045809,0.047697444,0.17186646,0.32185307,0.088373154,0.050226048,0.16547862,0.33639213,0.111129045,0.082450576,0.2964266,0.35804355,0.10744222,0.42749804,1.1967795,0.79922086,1.3381886,1.9779863,0.5140568,0.22109507,0.2472402,0.07826822,0.14192002,0.12851168,0.09075056,0.2026962,0.12435457,0.18374424,0.10943886,0.008540438,2.59E-05,4.00E-07,2.59E-07,1.83E-07,1.36E-07,1.06E-07,8.54E-08,7.00E-08,5.86E-08,4.98E-08,4.29E-08,3.74E-08,3.29E-08,2.93E-08,2.63E-08,2.38E-08,2.17E-08,1.99E-08,1.84E-08,1.71E-08,1.60E-08,1.51E-08,1.43E-08,1.37E-08,1.31E-08,1.27E-08,1.24E-08,1.21E-08,1.20E-08,0.9538583,0.17552987,0.06836142,0.346752,0.13868369,0.08783179,0.16002792,0.14913991,0.5992681,0.22108962,0.0864579,0.26957077,0.11535585,0.10825276,0.07463759,0.15081397,0.10481447,0.08555423,0.09760233,0.12708771,0.28083512,0.16437118,0.13899532,0.11995996,19.95965885,23.69004916,25.91022537,24.11164881,21.4469827,73.21758796,18.41652094,3.263602497,4.973459804,6.123789826,5.143589352,3.853029439,8.023123902,2.867089373,hyperkinetic dysphonia
voice034.wav,6.905792,0.051737722,0.05170538,0.018257558,-309.63712,183.81395,-101.44832,25.41036,-3.7410958,2.2097454,24.760412,-38.459312,12.146068,6.900112,-27.083313,4.2732153,-21.82333,57.895626,26.39121,16.529863,6.126242,3.6779628,3.904681,4.955163,6.573965,5.027888,3.9891517,5.004515,2.3538198,4.1604304,0.001968776,0.004447208,0.01213293,0.007349064,0.09652508,0.10210586,0.23599756,31.949192,29.055828,0.12625429,0.056072965,0.049850035,0.04819624,0.017253885,0.028108682,1.1240462,4.201279,0.58130425,0.006238116,0.006255003,0.01206536,0.00575931,0.006706498,0.14140756,1.5225154,2.375504,0.37911668,0.046141725,0.049327277,0.032494217,0.026038988,0.051421538,0.45186058,1.3256971,0.3678591,0.027171321,0.014463224,0.017073058,0.028125392,0.14650732,0.7503465,2.5341628,2.6420906,0.35369867,0.04440801,0.027592828,0.02728852,0.21439981,1.0094776,1.710935,0.5268311,0.13172118,0.033028197,0.089762546,0.41104868,1.3488305,1.7204618,0.44907698,0.12227055,0.14694941,0.3229031,0.47590935,0.14300644,0.035464946,0.018152947,0.022712056,0.027804244,0.006741492,0.003760156,0.005119414,0.011682543,0.008998395,0.003894333,0.007619598,0.024588488,0.014857518,0.003498911,0.00397916,0.004106313,0.001249195,0.000710886,0.001194606,0.00112272,0.001230855,0.002574066,0.002113009,0.004091845,0.025186958,0.03508213,0.017833915,0.015083388,0.004621689,0.003704144,0.002886628,0.001606559,0.002020792,0.001454096,0.001700261,0.000213637,6.60E-07,1.20E-08,8.11E-09,5.89E-09,4.46E-09,3.49E-09,2.78E-09,2.24E-09,1.84E-09,1.52E-09,1.27E-09,1.07E-09,9.08E-10,7.74E-10,6.62E-10,5.70E-10,4.92E-10,4.28E-10,3.73E-10,3.27E-10,2.88E-10,2.55E-10,2.28E-10,2.05E-10,1.87E-10,1.72E-10,1.61E-10,1.53E-10,1.48E-10,0.003972156,0.006417862,0.017104639,0.013825769,0.08541499,0.087833956,0.23124786,11.374556,13.778597,0.18492997,0.04836623,0.092845075,0.09465795,0.01443302,0.06223831,1.6656476,2.0897062,0.6552991,0.009629173,0.015172619,0.037014436,0.00979769,0.011808544,0.36589584,0.86383337,2.546744,1.4900758,0.044238564,0.042434197,0.024977468,0.017092187,0.09439839,0.47444502,1.0839412,0.46128458,0.071943246,0.024033554,0.03718617,0.036612708,0.45790473,1.2824138,1.7981676,2.536256,0.6932211,0.11108029,0.055488683,0.0719696,0.577759,1.240334,1.1677101,0.6072135,0.5587854,0.04698068,0.20011835,0.72113985,1.0489975,1.9132386,1.2321706,0.24800512,0.23823154,0.3957094,0.3720555,0.15681726,0.061377026,0.01700404,0.021091614,0.028380487,0.006608946,0.004113447,0.004938768,0.010165615,0.009559125,0.004609841,0.00828945,0.018804591,0.014902784,0.004237213,0.00328809,0.003530523,0.001117809,0.00052941,0.000893324,0.000941755,0.000698738,0.002212055,0.001443654,0.002819461,0.023958687,0.024360253,0.009660256,0.016322995,0.003717805,0.002446406,0.002283419,0.000764371,0.001504806,0.000878879,0.001287881,0.000146779,5.85E-07,1.45E-07,9.84E-08,7.15E-08,5.41E-08,4.23E-08,3.37E-08,2.72E-08,2.23E-08,1.85E-08,1.54E-08,1.30E-08,1.10E-08,9.38E-09,8.03E-09,6.91E-09,5.97E-09,5.19E-09,4.52E-09,3.96E-09,3.49E-09,3.10E-09,2.77E-09,2.49E-09,2.27E-09,2.09E-09,1.95E-09,1.85E-09,1.79E-09,0.07612267,0.038289767,0.21687357,0.14859974,0.054691315,0.17034143,0.25083506,0.92712533,0.6100262,0.0533658,0.04202616,0.18759659,0.07982451,0.085961886,0.10939717,0.14754364,0.06499644,0.09917907,0.17798613,0.18323617,0.30702162,0.064023465,0.067278355,0.0791757,24.97901344,25.61431897,23.99698563,22.06023068,20.9644164,70.89333047,17.7347785,4.738066752,4.296797065,4.184832894,2.983144937,2.517586223,7.766642954,2.558895643,healthy 
voice035.wav,19.301113,0.1971803,0.112445601,0.021663442,-173.80243,174.45113,-109.43849,44.78262,-41.715828,-28.954527,46.59639,-41.6317,-10.486453,6.800543,-3.2982502,25.088608,-29.784231,55.792767,23.055464,16.965813,9.122187,6.775548,5.0723715,7.243957,7.1797333,2.6988497,3.7707825,3.281003,5.687952,5.7913227,0.001607045,0.002966853,0.0172938,7.0135655,100.485466,7.5222726,0.17269908,0.13028915,13.019068,166.98828,14.709512,0.09151562,0.028140085,3.420851,29.43168,2.609898,0.015526159,0.030938461,4.9766994,50.147095,6.861689,0.0639795,0.17458935,34.067375,251.78976,39.934074,0.2055062,0.14941648,30.73474,166.30656,22.522419,0.15598464,0.09136599,3.14777,14.208945,2.7324374,0.036980487,0.0745181,7.3009605,27.991302,5.5577135,0.10739781,0.11058695,9.893244,44.184837,7.013333,0.13861942,7.183967,78.44683,41.503334,0.48522693,3.3826551,25.389301,8.983721,0.06316208,0.6011,1.6233268,0.17785364,0.055733662,0.25618687,0.07130935,0.019449985,0.18173516,0.08155673,0.030117659,0.16210948,0.040824443,0.06420499,0.179322,0.027853766,0.20824665,0.13145262,0.24214682,0.3606409,0.3041766,1.1248434,0.5236569,1.6542324,0.7130653,1.920449,0.60657185,0.7947488,0.31335276,0.30402833,0.15278776,0.20434229,0.13850038,0.15486185,0.31803375,0.5859736,1.1931388,1.8293377,2.1803033,1.789856,1.0882517,0.40093264,0.12180166,0.012156197,0.000492204,1.86E-06,3.65E-07,2.86E-07,2.37E-07,2.01E-07,1.75E-07,1.53E-07,1.36E-07,1.22E-07,1.11E-07,1.01E-07,9.23E-08,8.50E-08,7.87E-08,7.32E-08,6.84E-08,6.42E-08,6.06E-08,5.74E-08,5.46E-08,5.21E-08,5.00E-08,4.81E-08,4.66E-08,4.52E-08,4.42E-08,4.33E-08,4.28E-08,4.24E-08,0.010852615,0.012863771,0.14394115,2.9592388,31.363659,5.1479764,0.8576746,1.0397801,8.428949,66.74064,9.807776,0.89434355,0.21416022,3.4803858,9.39457,1.481118,0.09794961,0.24553533,4.3146877,18.004671,6.461984,0.21866998,0.42749336,38.00377,97.26197,43.126507,0.5552106,0.21123223,36.16353,66.87018,16.797422,0.3037937,0.1286451,4.583667,11.423291,4.438254,0.061412644,0.10653146,10.363966,12.549112,5.360095,0.4373157,0.29217365,10.553897,25.026293,9.781995,0.2161377,11.550366,36.535637,36.999443,0.5961787,5.6084094,16.952738,9.130524,0.07075182,0.60254973,0.8143194,0.2515658,0.08567228,0.119765274,0.07048585,0.03573858,0.07876665,0.06729227,0.042360805,0.06750307,0.042065494,0.054241113,0.112233706,0.027124142,0.10689424,0.11622492,0.20007867,0.22169563,0.3011974,0.6728288,0.5318668,1.1360047,0.562862,1.0747477,0.5221308,0.68084854,0.32162917,0.17598718,0.09229317,0.21838896,0.08522466,0.14292823,0.25271797,0.39819413,1.2257721,0.9756618,1.508639,1.5318031,1.1964519,0.26608068,0.08622947,0.00912862,0.000434685,7.27E-06,4.43E-06,3.47E-06,2.87E-06,2.44E-06,2.12E-06,1.86E-06,1.65E-06,1.49E-06,1.34E-06,1.22E-06,1.12E-06,1.03E-06,9.54E-07,8.88E-07,8.30E-07,7.79E-07,7.35E-07,6.96E-07,6.62E-07,6.32E-07,6.06E-07,5.84E-07,5.65E-07,5.49E-07,5.36E-07,5.26E-07,5.19E-07,5.14E-07,0.16607068,0.3962347,0.9814273,0.1902398,0.21216641,0.5749913,0.08412595,0.052657586,0.084639646,0.18531838,0.5422595,0.14971185,0.070925206,0.18898347,0.11746656,0.07840176,0.11285532,0.20068309,0.04054174,0.064200915,0.061870314,0.0911818,0.2133386,0.072435595,33.71257101,29.77978842,29.52229307,29.9019801,23.84315155,77.60382051,18.42522542,4.541532161,5.081862316,4.392183227,3.543658359,2.469231565,9.363626443,2.596723555,reflux laryngitis
voice036.wav,6.907788,0.048945144,0.06912149,0.012850596,-323.83868,163.4272,-94.93853,44.983345,-5.389098,2.9874387,36.34204,-35.3784,7.9557643,-0.17659307,-28.604876,7.993259,-19.267006,52.756115,21.56779,17.23685,8.747909,5.4008403,3.5268764,7.806231,6.528153,4.523494,2.9725146,5.249298,4.6627793,6.0290256,0.002013009,0.004645146,0.006126413,0.013154408,0.105700925,0.11006742,0.23643748,0.15818197,41.705475,24.436424,0.080604166,0.022823885,0.03981736,0.037905376,0.018613564,0.018970925,0.012374647,0.42976326,1.0739359,0.031296767,0.005522211,0.005902966,0.005646192,0.002702618,0.001337948,0.002295038,0.18891665,3.3815048,1.083997,0.009239269,0.005784066,0.007312939,0.007866594,0.005980752,0.005149632,0.00980306,0.46078956,0.6337569,0.034909777,0.01520413,0.022318637,0.029908264,0.026111966,0.031030964,0.109348655,2.288026,2.7130754,0.087222524,0.009479777,0.010519277,0.012150979,0.00839257,0.06440099,0.956706,0.34733185,0.020511353,0.027564928,0.023558272,0.016894333,0.092254445,0.15975524,0.02517686,0.013303488,0.014454629,0.0248253,0.07607621,0.011963856,0.002443807,0.002185836,0.007786975,0.023242598,0.004292305,0.00231348,0.003511591,0.021498661,0.014938538,0.002894551,0.002013774,0.006145862,0.003725647,0.001246133,0.003325242,0.008485603,0.003579517,0.004751799,0.015180066,0.01853889,0.01766882,0.02546336,0.012110386,0.003579282,0.0156424,0.007927232,0.007084613,0.01697991,0.004791994,0.008357802,0.005494057,0.000337781,1.26E-06,1.23E-10,1.45E-10,1.51E-10,1.49E-10,1.44E-10,1.38E-10,1.30E-10,1.23E-10,1.15E-10,1.09E-10,1.02E-10,9.66E-11,9.13E-11,8.65E-11,8.21E-11,7.81E-11,7.45E-11,7.13E-11,6.84E-11,6.58E-11,6.35E-11,6.15E-11,5.98E-11,5.83E-11,5.72E-11,5.62E-11,5.55E-11,5.51E-11,0.002527567,0.004493836,0.006407527,0.010142193,0.090194486,0.07016903,0.16488197,0.18328306,13.142173,7.478718,0.095807955,0.021039573,0.053876705,0.069943205,0.04291529,0.038637564,0.017104223,0.30814382,0.5165498,0.03552163,0.009526602,0.010653799,0.012517236,0.004063893,0.001357338,0.002543096,0.22849998,1.7592298,1.2209022,0.012033368,0.004835624,0.005355042,0.005937273,0.00450562,0.004043182,0.02580743,0.5638312,0.7774787,0.06400894,0.015797129,0.025064053,0.03192795,0.018784245,0.021954183,0.2323274,1.3482628,1.607392,0.20126916,0.007714272,0.007999824,0.008449008,0.006307494,0.109276794,0.9360809,0.4303766,0.016815752,0.020018166,0.016977664,0.01131599,0.085022435,0.17918855,0.0227353,0.009348418,0.011676588,0.024379084,0.0630431,0.012312847,0.001835341,0.001591742,0.009677951,0.017883444,0.004369175,0.001484223,0.002657855,0.016559495,0.014281425,0.002029662,0.001367374,0.005989624,0.003875428,0.000770407,0.002356475,0.006268608,0.002632431,0.003312089,0.010224533,0.013939365,0.011625826,0.023058278,0.014750388,0.002655564,0.010283996,0.006737894,0.007246923,0.017452132,0.00431499,0.007226471,0.00542387,0.000282538,1.39E-06,1.42E-09,1.70E-09,1.78E-09,1.76E-09,1.70E-09,1.62E-09,1.53E-09,1.45E-09,1.36E-09,1.28E-09,1.21E-09,1.14E-09,1.08E-09,1.02E-09,9.67E-10,9.20E-10,8.78E-10,8.40E-10,8.06E-10,7.75E-10,7.48E-10,7.25E-10,7.05E-10,6.87E-10,6.74E-10,6.62E-10,6.54E-10,6.49E-10,0.055208694,0.17416453,0.03859914,0.041140415,0.19039758,0.065530345,0.024560492,0.03952734,0.27964115,0.99836296,0.3451907,0.028535971,0.09082193,0.092041716,0.1200665,0.120287105,0.13299233,0.10612278,0.08615534,0.10964103,0.14670828,0.012380957,0.1435342,0.087431625,19.00551063,27.51412054,26.10153198,23.36047471,18.94404187,74.09906093,17.79104962,3.346800205,4.154616882,3.645344846,2.422689206,1.881123713,8.23087085,2.67995054,hypokinetic dysphonia
voice037.wav,23.468601,0.17667109,0.086353686,0.027490145,-205.2721,165.33882,-114.30689,54.37862,-34.76857,-26.270233,34.558266,-46.126072,8.432205,10.192212,-20.991278,5.9699664,-35.09925,55.778316,21.546047,19.043497,9.784987,6.4021316,6.440343,6.3135757,6.7352533,2.6003783,3.3024244,3.5083027,3.8074973,5.014826,0.005128832,0.006014684,0.011357143,0.02064093,0.15382235,127.01707,152.5878,0.41196316,0.06156513,0.08308628,0.08515767,10.153526,249.33495,38.26816,0.098760515,0.03655121,0.03870813,0.052741844,19.2224,33.65798,0.51390094,0.032767627,0.07339598,0.081413284,4.0627527,98.00997,33.572414,0.23515911,0.21313779,0.22030988,0.22867624,37.241,110.4876,7.117426,0.075875394,0.07807033,0.05424586,0.57804203,13.159909,8.117197,0.12067755,0.041374333,0.059960186,0.09807689,5.890176,9.645149,0.42548677,0.04649755,0.09168157,0.47676322,5.420638,1.7368115,0.1903139,0.34878013,1.9300754,12.696695,2.3768055,0.0308562,0.041688453,1.4675721,1.190959,0.023092875,0.046523955,0.6353115,0.43200928,0.014566892,0.15880589,0.96891385,0.14846043,0.01876307,0.21725531,0.13209048,0.011072732,0.22126652,0.15922296,0.038976237,0.54349464,0.344024,0.5330516,3.0536056,0.9749938,2.337685,1.541422,0.16957451,0.3361737,0.05892636,0.12436423,0.05896955,0.20705688,0.16200852,0.47627613,0.6345629,2.6070497,2.5022328,4.7351246,0.80173695,0.31909856,0.023512552,0.002403105,2.58E-06,1.37E-06,9.86E-07,7.42E-07,5.77E-07,4.62E-07,3.76E-07,3.11E-07,2.62E-07,2.23E-07,1.91E-07,1.66E-07,1.45E-07,1.28E-07,1.14E-07,1.02E-07,9.14E-08,8.29E-08,7.56E-08,6.94E-08,6.42E-08,5.97E-08,5.60E-08,5.29E-08,5.03E-08,4.82E-08,4.66E-08,4.55E-08,4.48E-08,0.04659932,0.028392632,0.06672878,0.10529098,0.36867842,34.83394,41.125862,0.5990184,0.19740035,0.4488568,0.41188082,8.702997,59.12983,16.425903,0.8788485,0.23472925,0.26328883,0.3120121,6.9252615,10.075816,0.860031,0.17477916,0.3322394,0.29684657,6.3554935,21.787292,27.04419,0.3987944,0.38173816,0.39734167,0.45907515,17.093403,56.155746,12.406981,0.35653532,0.36305833,0.17015502,1.0243466,3.7611983,7.26767,0.2969679,0.08370901,0.12041282,0.26157644,3.249912,4.0328026,0.9215484,0.08702525,0.18872978,0.6945864,2.3945794,1.738835,0.46046492,0.6733035,2.6144066,6.4196067,3.429419,0.041333575,0.08423765,0.70296264,0.7182297,0.042540055,0.08522494,0.36245787,0.3584314,0.022442482,0.19484319,0.3527415,0.17777228,0.037312087,0.13234434,0.15582629,0.019096749,0.18819858,0.18694898,0.06697623,0.5296066,0.7083463,0.7543311,4.055,2.5188322,1.570453,0.873917,0.18549062,0.23684074,0.108312346,0.091705695,0.09008199,0.19640607,0.31537643,0.5400498,1.236127,3.6774805,3.8067443,2.4289424,0.716571,0.21256575,0.029328873,0.002492481,2.53E-05,1.66E-05,1.20E-05,9.00E-06,7.00E-06,5.60E-06,4.56E-06,3.78E-06,3.18E-06,2.70E-06,2.32E-06,2.01E-06,1.76E-06,1.55E-06,1.38E-06,1.23E-06,1.11E-06,1.01E-06,9.17E-07,8.42E-07,7.79E-07,7.24E-07,6.79E-07,6.41E-07,6.10E-07,5.85E-07,5.65E-07,5.52E-07,5.43E-07,0.027616393,0.056398854,0.24291465,0.9929186,0.31780678,0.07907204,0.09669137,0.35729507,0.08093329,0.09036242,0.18777467,0.049693763,0.066211745,0.081297666,0.10867728,0.052439902,0.08200685,0.08690493,0.08574178,0.13187736,0.11438491,0.1267718,0.104606,0.0811427,34.66051583,30.24463233,28.92648087,24.96469336,24.63683346,78.17009113,19.07276908,4.506487768,5.089640971,4.622866238,2.98772704,2.715891997,9.315415509,2.641068817,reflux laryngitis
voice038.wav,23.272778,0.18501881,0.13506056,0.031797884,-168.72476,205.99625,-132.75288,15.043614,-44.445393,-11.68121,58.335728,-38.17179,-2.9490516,17.741446,-10.8726635,3.0704284,-25.089485,59.01671,25.958925,18.228716,9.846295,7.583387,4.1569176,7.894642,6.1223574,2.9863856,2.793731,2.4115984,2.3694708,4.3005795,0.002632367,0.006674384,0.8689532,10.232612,0.68572235,0.072649136,6.3376336,53.11143,3.3429518,0.035952717,0.94283676,6.89294,0.53216624,0.013654974,1.6624833,7.658057,0.54682904,0.02150954,1.5733343,6.6281314,0.6489513,0.05146475,6.3795877,19.49961,1.841786,0.25606444,13.831797,53.655327,7.090242,1.1768155,45.000755,124.55588,17.708574,2.7863998,37.815655,81.602936,17.098108,4.1043086,44.261284,58.093998,7.444595,2.6498508,24.958002,47.642708,6.5416913,7.5928097,37.15865,29.677694,6.356409,47.139397,87.42669,13.627836,37.891052,55.4682,6.5768075,4.4919047,3.5499463,0.5919024,1.4658469,0.8247342,0.19774131,0.42573535,0.10688225,0.12453758,0.057549752,0.0669187,0.06387955,0.04563058,0.043349363,0.0456374,0.055222314,0.05954841,0.07074267,0.06351308,0.07108879,0.09230414,0.0889036,0.162662,0.16658588,0.22189613,0.34854823,0.5127367,1.0072526,2.0396082,2.0981717,1.0897387,0.5347911,0.19945237,0.11975154,0.08805188,0.06503464,0.07927633,0.06940665,0.08705344,0.09688854,0.11959591,0.11153221,0.058316115,0.004139284,5.08E-06,3.08E-08,2.74E-08,2.34E-08,1.98E-08,1.69E-08,1.45E-08,1.25E-08,1.09E-08,9.60E-09,8.49E-09,7.56E-09,6.77E-09,6.11E-09,5.54E-09,5.06E-09,4.64E-09,4.28E-09,3.98E-09,3.71E-09,3.48E-09,3.29E-09,3.13E-09,2.99E-09,2.87E-09,2.78E-09,2.70E-09,2.65E-09,2.62E-09,0.014010703,0.039953288,0.28459826,3.1651857,0.5514496,0.20839083,3.3169336,17.376741,2.8739762,0.2295401,0.6482444,3.4395368,0.5403186,0.019664546,1.3073177,2.053275,0.52903664,0.03472938,1.3507593,3.0169625,0.78601587,0.09805576,5.233091,6.864097,2.2454548,0.63292044,9.423803,32.040054,9.019908,2.6989696,35.262375,64.861565,24.812809,6.556317,37.50631,57.827465,28.772692,8.19151,41.366306,31.345064,10.150988,4.845625,19.631735,34.72175,9.798042,11.414613,19.62578,29.787733,10.730316,34.07864,68.47125,17.845016,29.518509,35.09588,8.563685,3.420982,2.25906,0.49052915,0.8331557,0.8025644,0.13822474,0.26893735,0.08341396,0.06890334,0.049374375,0.03786629,0.047164846,0.032885056,0.031522278,0.031804986,0.036691856,0.032193273,0.04506735,0.034134172,0.051224016,0.053655308,0.04664063,0.121492475,0.09172793,0.14680672,0.26922885,0.39672095,0.73922735,1.3388662,1.6819333,1.1164262,0.5858822,0.16966861,0.09558562,0.06397418,0.045620162,0.060519174,0.04950681,0.064785965,0.083053716,0.10150445,0.0922149,0.050352734,0.003662763,5.80E-06,3.74E-07,3.32E-07,2.83E-07,2.40E-07,2.05E-07,1.76E-07,1.52E-07,1.33E-07,1.16E-07,1.03E-07,9.17E-08,8.22E-08,7.41E-08,6.72E-08,6.13E-08,5.63E-08,5.20E-08,4.82E-08,4.50E-08,4.23E-08,3.99E-08,3.79E-08,3.62E-08,3.48E-08,3.37E-08,3.28E-08,3.22E-08,3.18E-08,0.362237,0.53577197,0.7720485,0.92530334,0.6953678,0.44970676,0.90125036,0.32217824,0.5561827,0.38815102,0.46494257,0.33728382,0.10478491,0.09465667,0.14544396,0.098508686,0.15046321,0.19855809,0.1359081,0.1606689,0.15187232,0.20347074,0.16840693,0.1185615,31.5750127,22.97896726,27.15811072,24.17820748,21.48126649,71.56985628,17.75582465,4.094473457,3.994735183,4.168113929,3.058037495,2.77299007,7.731762055,2.492710336,hyperkinetic dysphonia
voice039.wav,15.652113,0.2769396,0.121162568,0.018241941,-188.81123,126.15882,-140.00137,24.339155,-24.567707,-6.6692605,41.696507,-35.696846,11.559586,4.2701106,-33.696987,8.216623,-18.723911,48.24042,18.35219,19.562645,8.410072,4.661246,3.3464096,6.6310215,5.9379826,4.1584415,2.7560253,5.030933,4.1770434,4.3161364,0.002876799,0.005711892,0.008965941,0.013226725,0.061321065,0.05656063,0.0790777,0.08793754,53.057056,65.17846,0.19718002,0.014905112,0.00998637,0.006916382,0.006996727,0.007938095,0.022993024,2.7842836,54.20787,10.625979,0.009724115,0.004374355,0.004407866,0.00536143,0.011188029,0.021258498,0.2017105,89.50677,194.84462,8.527852,0.12781242,0.093500525,0.09900656,0.08728983,0.11025274,0.23049788,23.258305,305.65674,148.40883,2.5290875,0.23113492,0.24317048,0.2785409,0.29163224,0.32592344,16.34472,531.9455,439.23434,6.00966,0.25286475,0.12906255,0.10399197,0.18022217,29.798195,138.07068,24.177439,0.14949141,0.08707429,0.047748078,2.0104072,54.056282,42.4328,0.4830629,0.063225344,0.067353204,5.502779,14.812644,1.0707793,0.019139057,0.01954858,1.0274886,2.8824751,0.20499665,0.012138626,0.211654,1.891915,0.5593074,0.011534457,0.20316786,1.8563743,0.5360986,0.014140724,0.6259866,1.5408387,0.13565503,0.5217401,4.3399744,1.1808928,0.6153639,5.6785946,1.2020802,0.8642591,3.0656543,0.26696298,0.3799921,0.5296182,0.043360326,0.11969811,0.011716355,3.27E-06,1.36E-06,9.68E-07,7.36E-07,5.83E-07,4.77E-07,3.98E-07,3.37E-07,2.91E-07,2.53E-07,2.23E-07,1.98E-07,1.77E-07,1.60E-07,1.45E-07,1.33E-07,1.22E-07,1.13E-07,1.05E-07,9.83E-08,9.26E-08,8.76E-08,8.35E-08,7.99E-08,7.69E-08,7.46E-08,7.27E-08,7.15E-08,7.06E-08,0.017369421,0.029687056,0.03648082,0.06200853,0.07846761,0.12331314,0.109111495,0.29946324,21.789354,18.495653,0.21882688,0.04781891,0.029226441,0.019313822,0.03416048,0.03254805,0.13766044,3.1322103,16.21358,6.292463,0.034872714,0.024774909,0.016247675,0.013952146,0.07665111,0.117027976,1.1795455,44.28715,82.72879,14.409948,0.617263,0.32413727,0.4192225,0.28738886,0.533635,0.8494214,39.434986,124.90507,164.41225,8.149377,0.90320545,0.7103473,0.76807755,1.1938785,1.6146866,32.171192,206.74358,321.05966,17.938457,0.4914591,0.21940538,0.13630772,0.24523348,37.370033,60.737984,45.05987,0.15212324,0.075114734,0.04260536,4.311328,18.649986,39.32821,1.4651396,0.053522058,0.053404257,6.7521024,6.3571386,1.4698572,0.017301856,0.017928809,0.7875861,1.4896035,0.49731755,0.009790232,0.3473688,0.7847548,0.63525885,0.011297354,0.33034864,0.9116036,0.7227899,0.01119082,0.5387685,1.1225984,0.4072583,0.99338305,2.8470418,1.9866587,0.8681497,3.46096,1.4219538,1.4195534,3.18518,0.4206153,0.30078945,0.29512644,0.056385428,0.09794207,0.010158151,2.82E-05,1.65E-05,1.17E-05,8.92E-06,7.07E-06,5.78E-06,4.82E-06,4.09E-06,3.52E-06,3.07E-06,2.70E-06,2.40E-06,2.15E-06,1.94E-06,1.76E-06,1.61E-06,1.48E-06,1.37E-06,1.27E-06,1.19E-06,1.12E-06,1.06E-06,1.01E-06,9.69E-07,9.33E-07,9.05E-07,8.82E-07,8.67E-07,8.57E-07,0.30021957,0.976941,0.09619602,0.10205379,0.51914996,0.10332085,0.08871905,0.15110987,0.16484278,0.62563914,0.10962586,0.018113077,0.13260458,0.07892448,0.06876218,0.07548886,0.14827208,0.08903746,0.06873778,0.108447365,0.14329645,0.23509267,0.10479619,0.051679563,18.25206866,30.05584416,33.37159128,29.3809615,25.89187245,75.42036592,19.70891698,3.704721547,4.521525111,4.009883017,3.379342884,2.364124035,8.315027773,2.701539938,hyperkinetic dysphonia
voice040.wav,13.192253,0.19193347,0.091377412,0.033680791,-183.0394,191.83916,-111.78165,8.710728,-52.86936,-24.321772,42.77667,-26.333126,-5.9623075,-0.08742866,-3.473068,3.584492,-25.618895,56.407986,24.560196,16.507715,6.086245,8.935057,4.027682,7.348636,5.347396,2.717338,3.0694413,2.811859,3.0888336,5.0751553,0.001536796,0.004656513,0.008245812,0.029689219,15.222666,69.141785,2.144907,0.0781239,0.046003193,0.067003,14.242877,29.110502,1.0875328,0.05349443,0.058039427,0.30138934,17.758364,21.561897,1.2686541,0.06976095,0.08766506,6.742685,73.842415,51.320137,4.6357713,0.852505,0.9630214,28.619884,171.58562,103.314896,10.1824665,1.1872879,2.5427616,58.66303,135.76308,50.485554,7.075356,1.4404647,3.8286445,31.071692,53.095512,27.203089,7.7403173,2.0634556,15.398191,69.67987,48.73264,11.61638,3.3322327,9.702744,30.979237,19.297213,2.2301505,0.41495392,0.9342379,1.2241333,0.35997632,0.14741494,0.32354742,0.43319887,0.12923245,0.15002288,0.22630806,0.13824432,0.03736245,0.053042036,0.050512288,0.019303117,0.035612848,0.050381467,0.019911068,0.050615016,0.045995157,0.03816569,0.09775108,0.09058096,0.22515726,0.42334732,1.3425318,1.953889,1.1535708,0.6536997,0.2951386,0.13917336,0.09268351,0.05079188,0.04462644,0.032200642,0.029310828,0.02610437,0.02617413,0.020522656,0.015281034,0.014754961,0.025427006,0.10667041,0.21135195,0.18334296,0.023727827,0.000118757,4.23E-06,2.88E-06,2.13E-06,1.66E-06,1.35E-06,1.12E-06,9.42E-07,8.10E-07,7.04E-07,6.20E-07,5.50E-07,4.93E-07,4.45E-07,4.05E-07,3.71E-07,3.42E-07,3.17E-07,2.95E-07,2.77E-07,2.61E-07,2.47E-07,2.36E-07,2.26E-07,2.18E-07,2.11E-07,2.06E-07,2.03E-07,2.00E-07,0.005507065,0.025842244,0.046327624,0.21010399,6.653411,21.058817,2.5620573,0.106626995,0.07554975,0.13962919,7.6064625,11.509002,2.9479313,0.19920395,0.11733993,0.72529835,9.689277,16.40889,4.0245504,0.39188328,0.45201716,12.356079,44.975685,48.74076,16.84279,1.0043757,1.5798044,37.91028,88.84735,113.434525,37.79942,0.9964335,5.6070356,65.92706,80.077354,56.32361,26.99693,1.4152611,7.37659,30.03417,35.724846,38.0497,30.424175,2.571649,22.67919,58.69958,39.66067,21.760523,11.151349,13.448544,27.162998,22.624355,4.2237473,0.73030645,0.7652879,1.1418111,0.46948683,0.26689076,0.27393603,0.44000855,0.1779311,0.19670452,0.15076827,0.16281977,0.043857034,0.045402348,0.046262845,0.021315787,0.02491301,0.04761366,0.016203336,0.040710542,0.04327351,0.03461697,0.07671002,0.08232277,0.17895749,0.41723293,1.3791113,1.6425852,1.3581902,0.6869816,0.34602845,0.08403864,0.08253785,0.024753137,0.040223725,0.016975133,0.02147365,0.011951785,0.017546812,0.010750164,0.008633355,0.007996535,0.014263785,0.0792976,0.1248955,0.11542459,0.01719283,0.00014125,5.13E-05,3.50E-05,2.59E-05,2.02E-05,1.63E-05,1.35E-05,1.14E-05,9.82E-06,8.54E-06,7.51E-06,6.68E-06,5.98E-06,5.40E-06,4.91E-06,4.50E-06,4.14E-06,3.84E-06,3.58E-06,3.35E-06,3.16E-06,3.00E-06,2.86E-06,2.74E-06,2.64E-06,2.56E-06,2.50E-06,2.46E-06,2.43E-06,0.20976782,0.829102,0.48768044,0.25460163,0.24952754,0.8030817,0.3395372,0.11098821,0.71063745,0.38023913,0.12212249,0.32718703,0.10878508,0.20334117,0.28290674,0.1204778,0.124217436,0.19922072,0.29838195,0.12541753,0.23195677,0.25245023,0.12137544,0.09140044,32.57657187,24.27254906,27.15912391,26.57710662,23.04537909,72.42161693,18.40549941,4.23440383,3.898371409,3.636145961,2.941679067,2.220816733,8.432895767,2.760387751,healthy 
voice041.wav,19.583529,0.1525906,0.119255322,0.018283678,-193.21701,186.74551,-122.41616,36.10046,-57.791866,-26.578268,64.18698,-38.504143,-8.746535,12.753792,-9.912258,12.695477,-30.301332,62.394814,25.21578,19.042957,9.071047,9.007271,5.380824,10.415352,5.722935,3.8740106,3.6851735,4.2330174,3.8388247,4.8799086,0.001464696,0.002978433,0.006467195,0.39235693,32.744305,7.3735204,0.14967535,0.059883468,0.10881926,25.793667,12.992102,0.04720131,0.034815285,0.045886688,8.071447,9.356223,0.08598502,0.021018995,0.037571013,14.436891,28.737972,0.9120586,0.096450984,0.15226515,12.476774,42.06031,3.710213,0.26896426,0.41282046,24.793715,128.74707,27.153343,0.5907275,0.7534543,7.178044,82.20908,54.249138,1.3935763,0.7287355,3.6252835,20.986189,11.432404,0.68738884,0.54214084,3.638799,21.932018,9.499941,0.66909647,2.1892598,39.755962,50.967644,4.1529984,1.4088886,11.400248,8.108044,0.40261698,0.2480037,0.7914474,0.21148828,0.017146701,0.06261081,0.047055725,0.004377703,0.011838518,0.007366588,0.002494987,0.016883345,0.026403194,0.10309521,0.49019238,0.21106014,0.3826016,0.3782159,0.10124904,0.21122503,0.053810067,0.092057295,0.07891672,0.2389735,0.21772228,0.44669363,0.43320185,0.79207,0.9855887,3.3177383,2.97395,3.017662,1.0013655,0.52580935,0.35507125,0.23845088,0.2556788,0.17142405,0.12541182,0.12874638,0.10782261,0.08073571,0.038857285,0.00319011,1.02E-05,8.43E-07,6.19E-07,4.85E-07,3.94E-07,3.30E-07,2.81E-07,2.44E-07,2.14E-07,1.90E-07,1.70E-07,1.53E-07,1.39E-07,1.28E-07,1.17E-07,1.09E-07,1.01E-07,9.48E-08,8.92E-08,8.43E-08,8.01E-08,7.64E-08,7.33E-08,7.07E-08,6.84E-08,6.67E-08,6.53E-08,6.43E-08,6.36E-08,0.004375615,0.009894063,0.019221677,0.26608363,9.461772,2.9425125,0.118082255,0.07108328,0.21660559,8.196087,3.8028643,0.18839513,0.09094254,0.19681035,1.9405179,4.7027745,0.16239819,0.029210962,0.11821233,7.669676,11.2357855,1.287739,0.23066434,0.4469083,10.762941,20.749075,4.5178404,0.3528922,0.45624977,26.900532,39.32116,27.434887,0.5344217,0.8211486,9.004742,32.612038,60.006332,2.6175687,0.95652956,6.6116657,15.305217,8.582433,0.9977143,0.556572,4.9534974,15.412071,7.9151254,0.58720285,4.0156784,34.80997,32.038597,8.652556,2.544165,11.802285,4.3419905,0.5901046,0.3242836,0.5367909,0.1862735,0.019943418,0.054454457,0.030852051,0.005548919,0.011108635,0.006639835,0.006070752,0.01830309,0.04490922,0.19007598,0.32754713,0.18758145,0.3332692,0.2308504,0.08860633,0.12602307,0.03486442,0.041511662,0.07144882,0.14923002,0.1556198,0.27802804,0.29237264,0.49796548,0.8091277,2.0266304,2.0490205,1.3495212,0.5951796,0.3357092,0.23596515,0.15098749,0.24801037,0.09983709,0.0802736,0.082524195,0.05669975,0.037890572,0.021309124,0.002549364,1.93E-05,1.02E-05,7.51E-06,5.88E-06,4.78E-06,4.00E-06,3.41E-06,2.95E-06,2.60E-06,2.30E-06,2.06E-06,1.86E-06,1.69E-06,1.55E-06,1.42E-06,1.32E-06,1.23E-06,1.15E-06,1.08E-06,1.02E-06,9.71E-07,9.27E-07,8.89E-07,8.57E-07,8.30E-07,8.09E-07,7.92E-07,7.80E-07,7.72E-07,0.19158171,0.18454956,0.20646235,0.7653973,0.22653694,0.2445404,0.90903336,0.28533542,0.18819584,0.62436634,0.1766147,0.47926486,0.06332185,0.096563846,0.099753916,0.23784341,0.08804002,0.1100792,0.19524163,0.13530377,0.0613729,0.28378317,0.09574755,0.13794939,30.22727275,23.79348752,27.58378656,27.65686833,26.12052012,73.69307562,18.35956941,3.740375119,4.366973926,4.437357997,3.943172697,2.971828698,9.137694801,2.660176104,reflux laryngitis
voice042.wav,12.099828,0.088724926,0.087267984,0.015220145,-256.268,189.38074,-131.62724,8.451321,-0.48807853,-9.22601,31.716757,-30.776453,-8.530624,12.163405,-19.12311,-6.9080596,-4.073823,57.57812,26.17937,20.58928,6.8362207,3.2800837,4.181653,5.9497356,4.7739162,3.9744883,3.4273665,4.2705197,2.7282186,2.761655,0.003877061,0.006069075,0.008297459,0.012480773,0.08010816,0.09150922,0.26438668,1.2750015,60.610764,21.066246,0.0868436,0.023332167,0.011826999,0.033418767,0.032497324,0.02987375,0.27494788,17.425495,14.567825,0.3730148,0.030952044,0.02181964,0.07144356,0.11029835,0.037332848,0.22777882,6.216322,12.153195,1.883695,0.33659372,0.09466496,0.07827598,0.24329843,0.16858223,0.3212153,2.4145062,7.2342725,1.8270253,0.44997677,0.31278473,0.3672112,0.8647856,0.9347998,2.719704,14.654653,40.67959,8.262823,1.7656355,0.55018556,0.34474003,0.55511504,1.0196956,5.940123,4.4452085,0.7980696,0.52438504,0.5238137,1.1018238,3.420744,8.4964075,1.9026464,0.7208298,0.35347626,0.22166865,0.4725797,0.2585857,0.05017033,0.02096386,0.026164219,0.07650482,0.041402105,0.009515527,0.006596476,0.029325815,0.0465656,0.014660492,0.018309161,0.051365975,0.065121695,0.028396728,0.034050062,0.10829178,0.09057092,0.049328703,0.09729963,0.114952065,0.032051437,0.013838011,0.009785971,0.002342816,0.00173524,0.001264509,0.000892381,0.001295149,0.001106096,0.001128027,0.001364627,0.000561873,6.17E-05,2.88E-07,6.78E-08,5.16E-08,4.14E-08,3.43E-08,2.92E-08,2.52E-08,2.20E-08,1.95E-08,1.74E-08,1.57E-08,1.42E-08,1.30E-08,1.19E-08,1.10E-08,1.02E-08,9.50E-09,8.90E-09,8.38E-09,7.92E-09,7.53E-09,7.18E-09,6.89E-09,6.64E-09,6.43E-09,6.26E-09,6.13E-09,6.04E-09,5.98E-09,0.02239946,0.025096446,0.021041846,0.037273876,0.07594343,0.09822988,0.21663661,3.4796226,26.838364,10.478715,0.19587922,0.03535069,0.01814334,0.17133883,0.11297814,0.058046494,0.97298604,10.69206,5.7716002,1.2217174,0.05081196,0.025564203,0.25087866,0.53591967,0.071185865,0.9442384,4.9342055,6.130747,4.1630683,1.1823677,0.19950424,0.16939254,1.0857725,0.49889004,1.0367321,2.8723578,4.209927,2.1816704,1.096517,0.42578885,0.3920615,2.0956726,2.380016,10.618241,17.744968,32.52573,8.657026,4.146389,0.98953426,0.4089464,1.0643089,1.9365352,5.9050303,3.4307907,1.2453825,0.80268407,0.7578099,2.3394685,3.464923,6.42282,1.8290268,0.93795127,0.44170615,0.32770082,0.49338576,0.18503472,0.061385375,0.02469577,0.03825991,0.06426415,0.039956927,0.01104391,0.006258292,0.024560194,0.029211115,0.015506385,0.017342119,0.054623697,0.06310692,0.021684656,0.02669183,0.09899459,0.09134603,0.039415684,0.08182151,0.06597708,0.023144946,0.009398785,0.007674042,0.001183821,0.001067175,0.000616449,0.000447087,0.000646312,0.000636402,0.000553819,0.000765409,0.000370044,5.60E-05,1.24E-06,8.22E-07,6.26E-07,5.02E-07,4.16E-07,3.54E-07,3.05E-07,2.67E-07,2.37E-07,2.11E-07,1.90E-07,1.72E-07,1.57E-07,1.44E-07,1.33E-07,1.24E-07,1.15E-07,1.08E-07,1.02E-07,9.61E-08,9.13E-08,8.71E-08,8.36E-08,8.06E-08,7.80E-08,7.60E-08,7.43E-08,7.32E-08,7.25E-08,0.20885874,0.7368939,0.1695592,0.07778623,0.3682194,0.16508599,0.122662805,0.23254526,0.22715232,0.8777943,0.3644887,0.055650417,0.20144798,0.26437914,0.14559244,0.071661934,0.100417554,0.14196774,0.08932813,0.13904367,0.13892043,0.21065407,0.25092837,0.09654993,19.26742074,27.69818973,25.37919028,21.49691129,20.48982626,66.34616821,17.74004662,3.595564267,4.57899152,3.652099309,3.084044872,1.82648191,8.022464628,2.589103021,reflux laryngitis
voice043.wav,14.095196,0.07180451,0.088477218,0.037975322,-277.9903,179.14073,-138.90128,36.882748,-3.4983082,-8.995422,38.683105,-36.009785,2.5256917,7.7816176,-29.65545,-0.6404337,-16.175238,57.65039,22.369307,20.386366,8.894697,3.5392377,3.4845154,7.6580677,5.0390863,2.9365497,2.125022,4.386436,2.8109543,3.389014,0.001912361,0.00328854,0.005363074,0.006045337,0.064458564,0.056334227,0.13729881,18.69451,24.332474,0.123340786,0.0563663,0.020318432,0.013482816,0.006989314,0.005711056,0.53083056,17.463074,3.8627229,0.011828794,0.005467612,0.009029499,0.007673938,0.00747188,0.007397552,1.0841281,2.2880056,0.07569866,0.006598225,0.011656215,0.019204572,0.019425802,0.022564232,1.2913911,31.506155,13.283541,0.13982722,0.040456373,0.037011452,0.026420416,0.021487521,0.035192993,2.861567,7.0321465,0.5906385,0.05526403,0.109260805,0.25963348,0.17743221,0.7134906,14.370026,8.074684,0.14439884,0.09545512,0.09343764,0.04917305,1.460406,2.8448944,0.22136678,0.1143955,0.1871769,0.27863795,4.7834797,2.2804692,0.11996501,0.058877937,0.038144942,0.10500006,0.041876763,0.022509873,0.020059438,0.20293027,0.2049485,0.011389698,0.006728419,0.044568725,0.043708257,0.007355525,0.020109417,0.13169721,0.037322443,0.014528527,0.07204409,0.04547275,0.018628543,0.16666162,0.20226961,0.056131836,0.04667811,0.026577268,0.009350253,0.02567201,0.009540107,0.010686616,0.008487309,0.003154556,0.004977067,0.002542013,0.002624828,0.000330134,1.82E-06,8.61E-07,6.60E-07,5.32E-07,4.41E-07,3.75E-07,3.24E-07,2.83E-07,2.50E-07,2.23E-07,2.00E-07,1.81E-07,1.65E-07,1.52E-07,1.40E-07,1.30E-07,1.21E-07,1.13E-07,1.06E-07,1.01E-07,9.55E-08,9.11E-08,8.74E-08,8.43E-08,8.16E-08,7.95E-08,7.78E-08,7.66E-08,7.58E-08,0.001974805,0.003290355,0.004646426,0.005909371,0.04561255,0.032803062,0.08818489,5.1564183,8.257296,0.10727334,0.045775834,0.028607091,0.015244803,0.022622803,0.013535548,0.39771897,5.760379,2.9932382,0.061043423,0.017103335,0.028467638,0.014757155,0.033079527,0.021565069,0.51073086,0.8705824,0.13766345,0.016026407,0.025763402,0.039011523,0.04946407,0.10504181,1.7461241,10.439819,9.266651,0.33679044,0.031987026,0.028597254,0.020184662,0.015586932,0.041138336,2.3832147,2.7940388,0.9041376,0.036901012,0.09262285,0.33589038,0.14716446,0.99721867,7.520737,4.634035,0.2610781,0.06822212,0.06325201,0.030882763,1.3434094,1.2994224,0.33256167,0.07761075,0.17559764,0.3031922,2.1176221,1.4054675,0.112051874,0.051228512,0.02823813,0.09300596,0.043118227,0.015577883,0.01397992,0.15603407,0.11664319,0.011795977,0.004089968,0.030096797,0.0298024,0.004044428,0.020410042,0.06632382,0.029767895,0.00727995,0.0608996,0.031865135,0.011301112,0.11256806,0.13496324,0.030903762,0.027904637,0.017540071,0.004803912,0.01618587,0.005828632,0.00572663,0.004752063,0.00141199,0.003369008,0.001140609,0.001578775,0.000252137,1.59E-05,1.04E-05,8.01E-06,6.45E-06,5.35E-06,4.55E-06,3.93E-06,3.43E-06,3.03E-06,2.70E-06,2.43E-06,2.20E-06,2.01E-06,1.84E-06,1.70E-06,1.57E-06,1.46E-06,1.37E-06,1.29E-06,1.22E-06,1.16E-06,1.11E-06,1.06E-06,1.02E-06,9.89E-07,9.64E-07,9.43E-07,9.29E-07,9.19E-07,0.02861728,0.055013005,0.35037243,0.09550753,0.045265865,0.09035769,0.17218775,0.99820274,0.28764638,0.023720836,0.039277125,0.12737648,0.059111163,0.06659236,0.110840805,0.09422834,0.09150659,0.11294359,0.09769106,0.017962703,0.12684003,0.09917348,0.09498847,0.052653164,21.65711782,27.12147886,27.86682459,24.61124156,23.12716473,71.63107698,17.70155081,3.731716467,3.998286632,4.162748513,2.849100476,2.027315773,8.748283608,2.591077521,hypokinetic dysphonia
voice044.wav,13.617254,0.18811062,0.111400707,0.032036265,-201.43805,168.93738,-136.71101,14.921768,-7.5024586,-14.408609,8.628624,-36.01817,14.681268,6.2430034,-14.61565,1.4986215,-27.202597,52.19961,21.722704,18.49468,6.172327,3.7424977,5.747363,3.4840364,5.6305676,3.4260292,2.5711734,2.9505222,2.985086,4.2278447,0.002859079,0.003891429,0.00679756,0.007987832,0.06202128,0.06087079,0.1923144,87.011986,87.59431,0.17638767,0.0482015,0.021218484,0.01940067,0.015647164,0.01725056,5.9532785,68.84753,8.471652,0.025312345,0.020905504,0.02450306,0.02985352,0.028224565,0.4615466,46.778084,55.568398,0.8517988,0.30292773,0.48014575,0.45883855,0.42539552,0.9501715,50.098106,205.67125,26.545929,0.1114912,0.08705621,0.057268567,0.0378274,0.03361074,1.146338,25.84158,25.323921,0.90485466,0.1687145,0.21676336,0.22627163,0.85190713,22.362822,109.77062,26.912561,0.36733526,0.31103945,0.26484042,1.5281441,50.082817,58.031116,1.6370895,0.41331235,0.5185499,13.801877,56.08093,9.055124,0.3415106,0.328926,2.370535,6.833251,0.76779276,0.04875386,0.1487616,1.415995,0.6360453,0.023160039,0.06919957,0.47551507,0.1780383,0.015732192,0.24843247,0.71120167,0.07006733,0.023621887,0.11732243,0.033155162,0.031154994,0.31939203,0.16113353,0.06502421,0.10875969,0.01504515,0.002691702,0.004075036,0.001730106,0.01803943,0.017397285,0.07075254,0.18471594,0.1481243,0.2833069,0.009335207,4.27E-06,1.63E-07,1.09E-07,8.36E-08,6.93E-08,6.02E-08,5.36E-08,4.85E-08,4.45E-08,4.12E-08,3.84E-08,3.60E-08,3.39E-08,3.21E-08,3.05E-08,2.90E-08,2.77E-08,2.66E-08,2.56E-08,2.47E-08,2.39E-08,2.32E-08,2.26E-08,2.20E-08,2.16E-08,2.12E-08,2.09E-08,2.07E-08,2.06E-08,0.017576968,0.019461576,0.028179543,0.023986258,0.059540886,0.073855594,0.21462984,21.072664,27.305138,0.17366163,0.048944287,0.021656603,0.02352595,0.026266452,0.04867978,4.152567,23.356987,7.497183,0.046995953,0.025235938,0.025042951,0.029073419,0.02708512,2.0138197,11.718782,33.17042,1.0218291,0.29215902,0.5138264,0.43595955,0.37452355,3.5084236,69.83154,101.01202,21.091894,0.11108839,0.10508071,0.06531447,0.038167562,0.041923225,2.863524,15.781942,15.14879,1.4007885,0.16219017,0.196364,0.18211484,3.5222046,34.67036,35.4924,26.38628,0.3204883,0.24316172,0.19201553,4.1558647,23.508633,45.196125,2.3307362,0.28814006,1.1899614,16.315334,20.05,9.603438,0.2779637,0.501521,2.7838614,2.3750167,0.9170988,0.03905981,0.2476957,0.64115196,0.5347533,0.019324332,0.112533905,0.22827648,0.16102934,0.017240543,0.24984534,0.34751564,0.0912879,0.02866667,0.059731003,0.030963648,0.038358673,0.13297364,0.13716394,0.08088717,0.08263625,0.012177805,0.002312191,0.001945934,0.001763417,0.009714316,0.014667258,0.043770477,0.12612422,0.12205812,0.19638932,0.011038087,6.78E-06,1.92E-06,1.28E-06,9.85E-07,8.17E-07,7.09E-07,6.31E-07,5.71E-07,5.25E-07,4.86E-07,4.52E-07,4.24E-07,4.00E-07,3.78E-07,3.59E-07,3.42E-07,3.27E-07,3.13E-07,3.01E-07,2.91E-07,2.81E-07,2.73E-07,2.66E-07,2.60E-07,2.54E-07,2.50E-07,2.46E-07,2.44E-07,2.42E-07,0.026059069,0.058242805,0.5416315,0.18092428,0.08997218,0.3179322,0.17285758,0.9982476,0.3180287,0.047813483,0.038015004,0.11680121,0.03340505,0.0477811,0.12431106,0.11949188,0.053044803,0.18304493,0.11231661,0.018453699,0.14178208,0.08179322,0.061466146,0.04772983,26.85382868,28.46225395,27.71963276,26.81375769,27.84715694,73.22628611,17.82003843,3.806582448,4.553281757,3.505701135,2.697805534,3.146997183,8.299995991,2.592462112,reflux laryngitis
voice045.wav,13.630489,0.15720971,0.088480495,0.014271452,-231.70392,159.48349,-118.95845,29.683771,-15.621887,-20.41326,33.90507,-23.768696,11.018054,11.46455,-33.107807,-7.484534,-10.144121,53.918983,21.954395,19.097776,7.1646338,4.2634525,4.2366834,6.251105,4.731889,3.241248,2.8720338,4.81926,3.1591017,2.5062726,0.011158458,0.01366913,0.01817681,0.019321343,0.10658402,0.111036055,2.2362497,136.96971,29.896734,0.05488704,0.047699627,0.013411671,0.013574279,0.012918669,0.20609163,42.30579,21.830343,0.056838382,0.009276637,0.009889754,0.006294922,0.007308948,0.09655427,24.56771,22.38568,0.14405298,0.018801033,0.033450015,0.07569383,0.073068894,0.47165653,120.05272,210.27605,5.965519,0.100115076,0.1004236,0.09403651,0.10524018,0.21176796,26.05692,80.853806,7.4253845,0.12274835,0.095997445,0.1260686,0.046012618,0.5453024,18.49995,12.264258,0.12238861,0.021961313,0.034269977,0.027773999,2.7002437,9.071239,0.5190529,0.034385506,0.0518268,0.8495311,19.776407,10.503164,0.13204435,0.09112527,0.34366354,4.2245092,1.3426065,0.026687348,0.02278189,0.40837866,0.44141015,0.015207483,0.009957912,0.24460776,0.26522905,0.006968394,0.018234333,0.17837946,0.046011843,0.009519609,0.18301362,0.18502381,0.02080302,0.53237426,0.7029558,0.09785282,1.2057098,0.6526255,0.028368246,0.14928539,0.03336008,0.030762909,0.036896877,0.005493252,0.027613454,0.005317673,0.026116317,0.010083395,0.004805801,0.001322166,4.41E-07,1.56E-07,1.17E-07,9.35E-08,7.72E-08,6.56E-08,5.66E-08,4.95E-08,4.39E-08,3.93E-08,3.54E-08,3.22E-08,2.95E-08,2.71E-08,2.51E-08,2.34E-08,2.19E-08,2.05E-08,1.94E-08,1.84E-08,1.75E-08,1.68E-08,1.61E-08,1.56E-08,1.51E-08,1.47E-08,1.44E-08,1.42E-08,1.41E-08,0.10099615,0.11078917,0.13935824,0.1446308,0.23220292,0.3124714,1.9502777,35.08111,11.556847,0.19083709,0.06613082,0.02128141,0.033106405,0.042538837,0.48922226,9.875405,10.350058,0.3660836,0.059468523,0.06387836,0.020209307,0.04008557,0.21422409,9.455052,7.477697,0.33327565,0.06528826,0.07245902,0.15819801,0.17446002,1.1011951,55.261948,84.401924,10.634481,0.54284084,0.545582,0.30229795,0.5387268,0.63342327,21.107935,33.37837,10.994236,0.39606336,0.16063349,0.18722162,0.07682397,1.0274131,6.8807616,6.6152153,0.4368845,0.029510574,0.051530246,0.03055643,2.0731578,4.623224,1.1563752,0.076852076,0.09113509,2.0232673,7.37567,8.012701,0.35556123,0.116001494,0.63005686,1.4330927,1.1072636,0.028164618,0.024602963,0.31611502,0.24269277,0.030120471,0.011482398,0.1231046,0.15150273,0.011502564,0.030484516,0.07229127,0.039111245,0.011395915,0.075365216,0.13579763,0.024280557,0.2543346,0.49881306,0.10917755,0.88351494,0.48422325,0.023696158,0.11041899,0.041877326,0.023062179,0.024341187,0.00423257,0.018910818,0.004515462,0.011202354,0.007931994,0.00323709,0.000964998,2.87E-06,1.89E-06,1.42E-06,1.13E-06,9.37E-07,7.95E-07,6.86E-07,6.00E-07,5.33E-07,4.76E-07,4.30E-07,3.91E-07,3.57E-07,3.29E-07,3.05E-07,2.83E-07,2.65E-07,2.49E-07,2.35E-07,2.23E-07,2.13E-07,2.03E-07,1.96E-07,1.89E-07,1.83E-07,1.79E-07,1.75E-07,1.73E-07,1.71E-07,0.029278547,0.039000947,0.16544747,0.031612746,0.024305327,0.04665067,0.2298661,0.9919031,0.18368459,0.03234272,0.08364302,0.22797056,0.05921792,0.062636465,0.037486307,0.042169716,0.03882963,0.059202038,0.09530575,0.06941652,0.08190721,0.07278053,0.112418465,0.0746975,32.04912631,27.82865077,33.20698626,27.32374932,24.7489527,70.71461033,18.00083421,4.744064986,4.403794333,5.231233427,3.410399433,2.537653004,8.447640046,2.610268852,healthy 
voice046.wav,17.065079,0.11792003,0.09585387,0.034422865,-241.61021,152.8731,-124.51564,46.843456,-7.5450563,4.571294,22.655907,-53.171463,26.537964,10.045262,-25.884771,12.855459,-39.66115,53.321278,19.72608,18.938707,10.078683,4.4353676,3.773989,6.1095347,7.6878324,5.4012656,3.3537805,5.325247,4.144003,5.7693777,0.003268661,0.005379783,0.009568994,0.012653036,0.09745668,0.10845598,59.43634,147.14784,1.2673408,0.043601412,0.055914335,0.023798006,0.010234692,0.025673434,7.1938705,6.271621,0.024002176,0.005379051,0.007396636,0.009106758,0.009813403,1.6442182,22.618113,6.4816413,0.009034059,0.002700694,0.003146083,0.004522479,0.02248272,5.340509,23.737396,3.3181796,0.032584902,0.046924494,0.07204615,0.0669302,0.17826833,3.2057648,5.609645,0.42054608,0.003145334,0.001485806,0.001955909,0.00638849,1.2480727,6.5524426,2.569706,0.14906089,0.122655265,0.13086587,1.860567,33.376842,37.73764,1.2136482,0.07562723,0.122263364,5.8251576,17.062748,5.252552,0.26467428,0.1978522,2.7545743,8.364501,1.3157244,0.026756989,0.09169064,0.62703824,0.36711726,0.01719555,0.06252601,0.2740477,0.12899812,0.008319982,0.13153976,0.22597289,0.04118171,0.09312732,0.32421538,0.105632834,0.004039203,0.010977518,0.003342684,0.006882832,0.06624951,0.033370145,0.038753953,0.08405194,0.029089486,0.30297107,0.3047566,0.50882596,0.7756069,0.2543663,0.5015391,0.2655862,0.74076074,0.25175866,0.099184036,0.007816952,3.20E-06,4.03E-07,2.89E-07,2.24E-07,1.82E-07,1.53E-07,1.32E-07,1.15E-07,1.02E-07,9.13E-08,8.25E-08,7.52E-08,6.90E-08,6.37E-08,5.92E-08,5.53E-08,5.19E-08,4.89E-08,4.63E-08,4.41E-08,4.21E-08,4.04E-08,3.90E-08,3.77E-08,3.67E-08,3.58E-08,3.52E-08,3.47E-08,3.44E-08,0.019220984,0.01895087,0.023072878,0.03939685,0.107202396,0.18748245,26.401133,42.73535,0.8163291,0.03128268,0.052234214,0.03420042,0.008365696,0.043967795,2.433016,2.995694,0.02996598,0.006340061,0.01587212,0.01619298,0.011077978,2.6353583,8.696941,4.331902,0.010734258,0.002350109,0.003405076,0.004334864,0.030602967,5.1524296,9.759819,3.519912,0.03727955,0.056663938,0.10600499,0.08321669,0.3012569,2.0508122,3.180799,0.78805184,0.002993301,0.001116338,0.001797606,0.008931523,1.7887335,5.2163215,3.0125628,0.18984209,0.1269377,0.14805125,3.4584053,21.537598,26.675037,2.72613,0.0475891,0.09233554,9.487867,7.77029,6.3069477,0.21242262,0.14113307,3.58457,5.657297,1.6601168,0.017059129,0.14901192,0.48716173,0.3342655,0.018777942,0.10581646,0.16391861,0.11779813,0.006323089,0.18585378,0.11427088,0.06704071,0.15476595,0.25380272,0.10897198,0.004852831,0.01627507,0.004694772,0.009527772,0.054277103,0.040549193,0.037639186,0.072326675,0.028053988,0.20756097,0.27859938,0.48562086,0.54345393,0.3108457,0.29878822,0.22185975,0.55522275,0.2455375,0.08852152,0.009470635,9.29E-06,4.88E-06,3.50E-06,2.72E-06,2.21E-06,1.86E-06,1.60E-06,1.39E-06,1.24E-06,1.11E-06,1.00E-06,9.12E-07,8.37E-07,7.73E-07,7.18E-07,6.70E-07,6.29E-07,5.93E-07,5.62E-07,5.35E-07,5.11E-07,4.90E-07,4.73E-07,4.57E-07,4.45E-07,4.35E-07,4.26E-07,4.21E-07,4.17E-07,0.043968607,0.24858496,0.08199569,0.21460877,0.5343402,0.26654133,0.9959922,0.37021193,0.15487723,0.07272892,0.098450884,0.028560689,0.0498373,0.060158372,0.081693746,0.098088644,0.15036494,0.11606609,0.039697576,0.1435059,0.08572783,0.094199665,0.10715035,0.086776644,33.29011972,23.6734498,29.29349246,29.72070413,26.89598584,77.67240386,17.89647576,4.26157813,3.501129417,4.486026721,3.217319767,2.334694247,9.042182272,2.441047917,reflux laryngitis
voice047.wav,11.865242,0.17752926,0.095729519,0.017173043,-193.13571,186.68423,-115.90184,25.599365,-46.53319,-18.724995,54.067158,-31.850138,-6.2155876,6.464711,-5.305673,11.366155,-21.647142,56.953945,23.903154,17.571207,7.678443,6.4772506,4.05747,8.182035,5.978271,3.0414395,4.147552,3.5345936,2.7280097,3.7897465,0.002416445,0.004945849,0.010682515,0.6975206,35.948975,6.4692497,0.13268608,0.09414377,0.37492463,53.78851,20.241003,0.022420736,0.010204957,0.07816424,13.809702,9.231007,0.029476197,0.008187372,0.048857838,15.186338,19.148655,0.3099314,0.037267014,0.17662537,59.915752,128.2591,6.5126038,0.14998962,0.30762392,41.36068,125.37346,14.209994,0.1330952,0.18913278,11.805417,39.35572,8.738332,0.15432237,0.29785854,12.032261,46.464703,12.523428,0.53855956,0.8474728,37.728733,144.47028,41.362717,0.77168036,9.522535,59.83091,28.385115,0.61051345,0.35837355,3.2829947,2.3443294,0.07905775,0.28343898,1.0622306,0.24196921,0.070942566,0.4268439,0.17077816,0.02138762,0.16734722,0.11282225,0.009298594,0.055807963,0.027953448,0.024833705,0.052182425,0.011810387,0.073309354,0.062214084,0.043714512,0.115516305,0.06786951,0.21313347,0.1294961,0.34363,0.4440658,2.1665134,1.1527705,1.2986498,0.3290297,0.24577151,0.13382512,0.13072447,0.06861033,0.05447655,0.048794437,0.047239356,0.052551113,0.074580535,0.06735416,0.09297579,0.19657414,0.21546507,0.12227523,0.007526951,7.98E-06,1.37E-06,9.82E-07,7.59E-07,6.13E-07,5.12E-07,4.37E-07,3.78E-07,3.33E-07,2.96E-07,2.65E-07,2.40E-07,2.19E-07,2.01E-07,1.86E-07,1.72E-07,1.61E-07,1.51E-07,1.43E-07,1.35E-07,1.29E-07,1.23E-07,1.18E-07,1.14E-07,1.11E-07,1.08E-07,1.06E-07,1.05E-07,1.04E-07,0.012076682,0.01797675,0.037057362,0.40919694,9.182764,2.6537971,0.11376999,0.08588343,0.48307353,12.02294,8.615122,0.042559404,0.016587846,0.13020119,4.0699177,4.13483,0.05262323,0.035705924,0.107717395,4.454526,11.611661,0.55971366,0.08848529,0.27398747,26.378857,70.54588,12.093369,0.21510339,0.43014458,28.464659,60.529682,22.22304,0.257822,0.20792452,14.236841,14.778075,12.925536,0.15973994,0.31438816,16.097462,25.46836,12.673798,0.74450105,1.0644251,37.103333,62.58774,57.69931,0.80520964,18.578794,44.819565,27.962194,2.1008365,0.60339785,1.6987952,2.4899292,0.15011814,0.24995558,0.7647831,0.39591384,0.110839985,0.27145818,0.15366365,0.029161483,0.080455415,0.10631613,0.008488814,0.032756146,0.029237626,0.024320915,0.027464068,0.011574683,0.038399752,0.054698754,0.029032256,0.07782612,0.052309398,0.1156846,0.09049793,0.19536959,0.38504925,1.8081865,0.91438085,0.9943803,0.28135893,0.16873184,0.08907331,0.0839315,0.036878932,0.041674484,0.028779443,0.021613674,0.026621234,0.04540322,0.03942985,0.049224403,0.19109344,0.15391268,0.07836855,0.006250681,2.84E-05,1.62E-05,1.16E-05,8.94E-06,7.23E-06,6.04E-06,5.14E-06,4.46E-06,3.92E-06,3.48E-06,3.13E-06,2.83E-06,2.58E-06,2.37E-06,2.19E-06,2.03E-06,1.90E-06,1.78E-06,1.68E-06,1.59E-06,1.52E-06,1.45E-06,1.39E-06,1.35E-06,1.31E-06,1.27E-06,1.25E-06,1.23E-06,1.22E-06,0.7556384,0.43559888,0.9162489,0.18205331,0.10864789,0.5901946,0.17736584,0.08121746,0.17762108,0.10867779,0.47363234,0.22284263,0.22084992,0.13020065,0.17623086,0.09672463,0.047220655,0.12357543,0.12151964,0.0632484,0.05117039,0.048341,0.13252945,0.06569199,30.42728479,27.34942333,29.68956349,27.56757287,24.26323166,73.25676434,18.6612379,4.146242202,4.076825163,4.412455803,3.000819381,2.454948418,8.837377875,2.720054187,reflux laryngitis
voice048.wav,12.667932,0.18158583,0.096938575,0.014221053,-223.83678,190.96448,-116.96649,8.935914,-31.492739,-16.47951,45.473736,-36.94008,-6.46865,20.616415,-20.380007,0.47806898,-17.546469,54.507027,24.34464,17.826584,8.62079,5.5305333,4.110082,8.48765,5.8318567,2.622544,4.5599914,3.893942,2.5969818,2.869475,0.001374941,0.003806202,0.004827306,0.009350031,0.19792736,35.69002,12.686048,0.10712595,0.055607904,0.05117469,0.21336173,70.34401,68.825264,0.3197936,0.025384324,0.01771473,0.029467039,7.9779325,18.396147,0.7152036,0.011590258,0.015269123,0.026203701,9.083113,63.307415,12.032651,0.13160846,0.06700586,0.077192,11.247905,176.2846,61.720993,0.9703669,0.123284996,0.08030721,3.4267879,113.058846,78.59209,3.3382854,0.118411504,0.09670126,0.6635187,35.84567,56.65941,3.1186066,0.11799556,0.079513796,4.795296,48.819107,22.08002,1.7632301,0.4092588,16.064978,96.36206,19.45662,0.14191608,0.09700865,1.7973225,1.0769476,0.07204747,0.025167568,0.6499517,0.44387737,0.01283324,0.039232764,0.17651397,0.02888761,0.006740812,0.11350266,0.072547026,0.005350996,0.06709291,0.055736076,0.007259225,0.07017192,0.04690492,0.018991087,0.07729283,0.015416488,0.027926128,0.026338924,0.017464992,0.05654184,0.051659256,0.38693208,0.38874537,1.3344432,0.45751426,0.3236835,0.15229577,0.10659835,0.037698753,0.016140928,0.006343495,0.005220827,0.001763261,0.001680091,0.000823773,7.23E-05,7.56E-07,4.22E-07,3.17E-07,2.51E-07,2.06E-07,1.73E-07,1.48E-07,1.28E-07,1.13E-07,9.97E-08,8.91E-08,8.03E-08,7.29E-08,6.66E-08,6.12E-08,5.65E-08,5.25E-08,4.90E-08,4.60E-08,4.34E-08,4.12E-08,3.92E-08,3.76E-08,3.62E-08,3.50E-08,3.41E-08,3.33E-08,3.28E-08,3.25E-08,0.002020445,0.007089861,0.00557355,0.02095073,0.13513967,9.260425,6.493084,0.14179324,0.25522488,0.24247059,1.4006437,21.825886,25.47687,0.9902529,0.20943524,0.1457295,0.21061108,4.2965384,4.3649,1.5541649,0.032934904,0.042616047,0.053123675,7.3976383,19.907394,19.310545,0.3617837,0.060380533,0.12604329,14.011539,61.635574,43.327423,3.1673687,0.11260547,0.10680265,5.7542295,70.88114,37.689323,9.37792,0.28784454,0.16342498,1.5445083,22.90169,31.113928,4.647236,0.22565465,0.12675051,5.911003,23.741274,25.218143,6.8226986,0.30563942,18.62579,37.75193,18.174166,0.3140957,0.16830328,1.407825,0.6597711,0.24101403,0.033176932,0.34675533,0.32184058,0.031125195,0.0419242,0.09175809,0.03380546,0.009000978,0.061188716,0.07412412,0.009895419,0.036076516,0.04574999,0.008487768,0.037059147,0.053383768,0.017321637,0.045742866,0.020237789,0.01905774,0.02203298,0.016737593,0.04864188,0.054754414,0.29305935,0.48762068,1.1419576,0.4950273,0.27889526,0.17262286,0.11428023,0.052249134,0.015501046,0.004898234,0.004876681,0.001466853,0.001272561,0.000628992,9.68E-05,7.87E-06,5.12E-06,3.85E-06,3.05E-06,2.49E-06,2.10E-06,1.79E-06,1.55E-06,1.36E-06,1.21E-06,1.08E-06,9.74E-07,8.84E-07,8.07E-07,7.42E-07,6.85E-07,6.37E-07,5.95E-07,5.58E-07,5.27E-07,5.00E-07,4.76E-07,4.56E-07,4.39E-07,4.25E-07,4.13E-07,4.04E-07,3.98E-07,3.94E-07,0.35028878,0.15703225,0.91482455,0.40934753,0.60084784,0.3411835,0.89308065,0.18246755,0.09290856,0.7374225,0.23764555,0.114758104,0.10654609,0.08264447,0.12546587,0.17103255,0.16841921,0.10220588,0.16220893,0.109031044,0.11603132,0.21673028,0.09982833,0.075649716,30.73915589,29.83473962,29.40965614,28.49254489,23.77407501,69.46938853,18.66162124,4.101149745,4.64561487,4.265925603,3.509757473,2.642844854,8.483226471,2.637635318,reflux laryngitis
voice049.wav,10.591477,0.087812245,0.100192691,0.013394811,-259.39816,169.62825,-120.60308,21.911077,-14.41571,-10.580486,40.43758,-26.014019,-2.3899102,-0.24760985,-26.53157,2.2580333,-8.912864,54.26153,22.337349,18.780619,7.880517,5.0664473,4.1463857,7.1025906,5.8997493,2.97919,2.8557665,4.63613,3.5619545,2.6865106,0.001892054,0.003649832,0.005482352,0.005705203,0.07145705,0.09334819,0.26356533,18.291225,17.529291,0.06479314,0.04240605,0.01510134,0.016990757,0.010438549,0.008035159,2.562127,18.061634,2.0851223,0.00858024,0.012173678,0.01686827,0.011516545,0.008931726,0.17255148,4.951961,5.92756,0.1686568,0.0198258,0.03517915,0.033928663,0.023355288,0.28785354,5.3486695,19.228079,5.0504456,0.06907331,0.087012656,0.111167975,0.10816098,0.6665178,8.482393,56.13356,64.293045,5.5595775,0.36013323,0.26275292,0.18255594,0.46812302,2.4802804,6.316294,2.2682416,0.09309874,0.0850373,0.11632973,0.5429308,3.2896912,2.9320827,0.2535403,0.06177462,0.13433577,0.48680165,1.2016757,0.2472136,0.019432059,0.05738448,0.32170534,0.4404434,0.070366085,0.02758368,0.054466408,0.10749152,0.05041855,0.014190774,0.024434702,0.075888745,0.035989877,0.010859549,0.031196933,0.052958746,0.02423426,0.028308388,0.110109344,0.05797773,0.056794364,0.23275724,0.14982113,0.061715946,0.04899475,0.014545761,0.007942641,0.010138376,0.00522524,0.009772995,0.0083961,0.01008965,0.011319522,0.005384638,0.004365218,0.00032078,8.60E-07,2.26E-07,1.69E-07,1.34E-07,1.10E-07,9.28E-08,7.96E-08,6.93E-08,6.11E-08,5.44E-08,4.88E-08,4.41E-08,4.02E-08,3.68E-08,3.40E-08,3.15E-08,2.93E-08,2.75E-08,2.58E-08,2.44E-08,2.32E-08,2.21E-08,2.13E-08,2.05E-08,1.98E-08,1.93E-08,1.89E-08,1.86E-08,1.84E-08,0.002022961,0.003183542,0.005603297,0.004513886,0.066316895,0.0610697,0.21468203,8.622397,7.530655,0.05219019,0.034156587,0.025249515,0.019401796,0.010097561,0.009711951,3.1425304,7.9004464,1.9719775,0.008578787,0.016049735,0.020396668,0.012281618,0.013375325,0.8095773,2.2901793,4.179827,0.39099473,0.026094249,0.048250962,0.03577725,0.022885205,1.6167114,7.8388357,7.7615504,6.041199,0.101640575,0.1176266,0.13537303,0.09427128,3.8963723,24.6806,36.60463,49.65097,11.893536,0.6296755,0.32599777,0.21688697,2.2054658,4.2894583,3.3828194,2.75404,0.1258637,0.10559396,0.36626044,1.7141641,2.5237424,2.3478472,0.5095473,0.08931339,0.60717285,0.8236216,1.0528893,0.3343437,0.021835066,0.22733784,0.5000835,0.3003635,0.082012154,0.085449494,0.16175881,0.072159804,0.04509167,0.030115781,0.045468874,0.056673467,0.03243572,0.024480369,0.03474465,0.025336219,0.030534947,0.033432726,0.072125636,0.057731796,0.06515315,0.14647013,0.1306697,0.10139281,0.03249468,0.015024205,0.006326664,0.004971344,0.00506323,0.006114384,0.006869806,0.007725719,0.006631776,0.003720951,0.002532452,0.000285021,4.27E-06,2.74E-06,2.05E-06,1.62E-06,1.33E-06,1.13E-06,9.66E-07,8.40E-07,7.41E-07,6.59E-07,5.92E-07,5.35E-07,4.87E-07,4.47E-07,4.12E-07,3.82E-07,3.56E-07,3.33E-07,3.13E-07,2.96E-07,2.81E-07,2.69E-07,2.58E-07,2.48E-07,2.41E-07,2.34E-07,2.29E-07,2.26E-07,2.24E-07,0.112565175,0.062241208,0.19014077,0.042517964,0.05824328,0.08110176,0.1734337,0.52891034,0.11380416,0.039069,0.37832984,0.97557294,0.096759774,0.089442864,0.05219559,0.04029243,0.057480704,0.056914043,0.14037299,0.13267572,0.08097851,0.12206061,0.2583196,0.10556858,23.13607134,26.3865708,26.93971478,26.45361781,21.39281735,70.8243803,19.36728635,3.73049927,3.541597873,4.167824016,2.898516878,1.903764389,8.246593177,3.121654442,healthy 
voice050.wav,10.753132,0.095063716,0.108568844,0.017623302,-274.19516,162.65921,-117.95895,26.570396,-17.979195,11.320461,48.065742,-43.897926,5.5943727,2.8864064,-32.610302,11.1557255,-18.807169,53.38077,21.225775,18.153141,8.144125,4.184722,3.549975,7.973628,6.4267025,3.8905725,2.664303,5.59699,3.9046242,3.653324,0.001809359,0.003953885,0.005783227,0.007619875,0.09420397,0.07522535,0.22024283,0.13226873,11.88752,75.57373,2.9067574,0.024944305,0.015113298,0.010780922,0.008910681,0.005764416,0.005606067,0.009443684,4.622213,15.056182,0.4675432,0.005846965,0.004072759,0.003103504,0.002868124,0.003669469,0.004412483,0.02126375,12.598926,26.381124,0.76672375,0.024087094,0.016235854,0.014496061,0.013967687,0.013917091,0.01868699,0.10644047,20.508179,28.960125,0.8139285,0.17074378,0.23130248,0.2090515,0.20349976,0.15996006,0.25239044,19.097086,55.910614,3.0130157,0.08067855,0.11594081,0.107671626,0.107870065,0.19891323,6.1116443,3.3848038,0.15079734,0.08054781,0.03800321,0.020039309,0.4719194,0.9749114,0.035528693,0.015189174,0.011941136,0.011582304,0.19593719,0.07907403,0.00329022,0.003651183,0.00440268,0.029963672,0.00752533,0.002340773,0.002171311,0.027112983,0.035494123,0.003252851,0.00251875,0.027693922,0.030775087,0.002910047,0.005974788,0.059482876,0.017975109,0.011647983,0.18539119,0.1914368,0.07121519,0.22094798,0.1536231,0.016186472,0.052789725,0.030486396,0.012004457,0.03287607,0.006746327,0.000326348,1.30E-06,7.34E-09,4.70E-09,3.29E-09,2.45E-09,1.91E-09,1.52E-09,1.24E-09,1.03E-09,8.67E-10,7.37E-10,6.32E-10,5.47E-10,4.77E-10,4.18E-10,3.69E-10,3.27E-10,2.92E-10,2.62E-10,2.36E-10,2.14E-10,1.96E-10,1.80E-10,1.67E-10,1.57E-10,1.48E-10,1.41E-10,1.37E-10,1.34E-10,0.004321363,0.010928445,0.007368285,0.011580634,0.09966209,0.052137263,0.17178535,0.13244529,3.323877,23.776667,2.2557588,0.12451146,0.06518249,0.032844782,0.034149952,0.0299801,0.03362703,0.061830815,1.9288344,5.0967455,0.5666249,0.020461965,0.01747101,0.010859617,0.011622403,0.013081693,0.014059195,0.081298135,4.8933983,11.298388,1.451335,0.017231869,0.014049951,0.010700421,0.011443848,0.009015833,0.011784065,0.31877342,12.025842,19.55576,1.6249487,0.14236136,0.20468545,0.19345611,0.13447045,0.12840992,0.41906098,15.766685,29.070711,4.406407,0.05511338,0.0903814,0.077885605,0.07341262,0.2778711,3.521464,2.4187179,0.24635191,0.052262288,0.026954886,0.013549658,0.4990556,0.6165109,0.05088037,0.009099,0.008227658,0.016097106,0.080196746,0.04854683,0.002134028,0.002279611,0.0038372,0.019376654,0.004720747,0.001116687,0.001376258,0.014092417,0.02423049,0.003040206,0.001889129,0.012137368,0.019556278,0.002557178,0.005101115,0.028920824,0.014430869,0.007800661,0.081340455,0.1284776,0.03917158,0.18808317,0.1137672,0.009452199,0.033886347,0.020377614,0.006355448,0.01472288,0.004993437,0.000179881,1.62E-06,8.90E-08,5.70E-08,4.00E-08,2.97E-08,2.31E-08,1.85E-08,1.50E-08,1.25E-08,1.05E-08,8.94E-09,7.67E-09,6.64E-09,5.78E-09,5.07E-09,4.47E-09,3.97E-09,3.54E-09,3.17E-09,2.86E-09,2.60E-09,2.37E-09,2.19E-09,2.03E-09,1.90E-09,1.79E-09,1.71E-09,1.66E-09,1.62E-09,0.022022301,0.25493863,0.7272404,0.072722554,0.10176444,0.46277368,0.087135464,0.036171865,0.044092316,0.26839563,0.9863873,0.18558462,0.07484875,0.14474352,0.15712763,0.120599024,0.10771182,0.11424874,0.10567008,0.105100565,0.11943432,0.11694797,0.049314413,0.08373301,19.39706748,28.94492486,30.13069988,26.56480988,22.94878957,75.01633858,19.21906573,3.306816887,4.771696876,4.684669598,2.955513504,1.985602942,8.378701571,2.653824975,reflux laryngitis
voice051.wav,8.768631,0.12696192,0.110130516,0.015437922,-231.06999,157.05107,-109.22999,13.612668,-25.876688,12.760622,38.360386,-37.665077,18.391241,-6.444723,-35.67293,16.269247,-19.56804,53.042393,21.380445,17.434935,6.2767944,4.8900633,4.0333652,5.944134,6.1105657,4.044609,3.1497278,5.9713335,4.129722,3.8187299,0.002504656,0.006195114,0.010238422,0.014066988,0.08685887,0.41337448,48.11014,15.447518,0.07513084,0.03926138,0.04880967,0.019650102,0.038642462,16.114779,13.876694,0.057202727,0.009348539,0.006447622,0.003790387,0.00676077,3.7421293,7.6605473,0.30898625,0.006672411,0.005502065,0.007090364,0.017783029,7.275082,30.171717,5.5991235,0.05095714,0.036529683,0.04280573,0.043458115,4.3119044,26.546236,13.436189,0.43356162,0.111307785,0.14643098,0.27636555,13.002133,157.11958,129.10207,6.1560974,0.34018105,0.31467867,0.47485062,9.673288,11.859873,1.7676289,0.118120454,0.10224467,0.8048528,5.432435,3.5177422,0.25620002,0.059607707,0.34152126,2.2985637,1.3114147,0.09004325,0.12606505,1.479784,1.0618908,0.10167,0.025092835,0.08385132,0.06079594,0.012086764,0.020293608,0.05821071,0.022256462,0.005793967,0.020964578,0.015913032,0.005758694,0.019295577,0.02226876,0.006474738,0.012327065,0.011008387,0.004693218,0.011176475,0.008152108,0.015920997,0.023222389,0.025822854,0.0747321,0.115774654,0.33104634,0.3883395,0.34825853,0.18335585,0.19755124,0.10000966,0.083561674,0.031789392,0.003653928,1.77E-05,4.10E-06,2.95E-06,2.30E-06,1.87E-06,1.58E-06,1.35E-06,1.18E-06,1.05E-06,9.41E-07,8.50E-07,7.75E-07,7.11E-07,6.57E-07,6.10E-07,5.69E-07,5.34E-07,5.04E-07,4.77E-07,4.54E-07,4.34E-07,4.16E-07,4.01E-07,3.88E-07,3.77E-07,3.68E-07,3.61E-07,3.57E-07,3.53E-07,0.005039132,0.013134056,0.031555537,0.05527014,0.097921975,0.38623396,14.221949,9.283267,0.125797,0.032297954,0.03825453,0.018040525,0.05256305,4.5649757,7.7990966,0.092311904,0.012754352,0.00872242,0.00497564,0.012065563,1.6545459,4.158211,0.54846305,0.010850797,0.009055181,0.012454268,0.027228681,5.2800922,13.834334,8.757711,0.064567596,0.049630076,0.05152628,0.036207687,4.8569007,10.56115,18.467197,1.1747103,0.11061172,0.13786824,0.22031042,16.983349,93.81223,136.41626,15.415838,0.3979941,0.54690784,0.9646755,9.411701,10.547797,3.4270167,0.11983305,0.092767924,1.0667223,3.0327842,4.6073947,0.6867155,0.058375075,0.3949576,1.4920336,1.742815,0.117889546,0.13368727,1.215547,0.9486325,0.20942743,0.019293673,0.063573636,0.065122016,0.013263532,0.01949112,0.03783423,0.027652271,0.004388939,0.018606693,0.018935112,0.004455363,0.011059548,0.018122882,0.006422599,0.008720843,0.012631994,0.003269773,0.012137762,0.010018714,0.014727521,0.029926324,0.018325606,0.07330421,0.09304209,0.27405432,0.33788452,0.20550793,0.10048636,0.1084623,0.054868963,0.04667889,0.019555533,0.002570995,8.34E-05,4.83E-05,3.48E-05,2.71E-05,2.20E-05,1.86E-05,1.60E-05,1.39E-05,1.24E-05,1.11E-05,1.00E-05,9.13E-06,8.38E-06,7.74E-06,7.19E-06,6.71E-06,6.29E-06,5.93E-06,5.62E-06,5.34E-06,5.11E-06,4.90E-06,4.72E-06,4.57E-06,4.44E-06,4.34E-06,4.26E-06,4.20E-06,4.16E-06,0.9864865,0.16040668,0.09169789,0.092343174,0.1307882,0.3547613,0.07474754,0.027099248,0.08469722,0.16767834,0.02405475,0.23339511,0.11545957,0.13314265,0.10913067,0.067136586,0.09296782,0.11041665,0.05941585,0.03458394,0.06545702,0.066631205,0.026157299,0.146952,30.40783123,24.82129628,29.04170848,27.03265168,22.91245223,75.69088519,20.56913848,4.383452262,3.858526441,4.131161902,3.199265649,1.988822305,9.133495571,3.051315433,healthy 
voice052.wav,4.597564,0.06336741,0.062794935,0.011494839,-308.2108,178.44673,-100.44756,26.828981,2.2031345,-17.492369,30.364294,-8.600869,1.6879886,2.9171102,-17.417475,-6.917151,-17.096743,55.45611,25.733257,17.543047,5.543194,3.6256905,3.5823786,5.363498,3.4623492,2.6972184,2.4932766,4.266761,2.9269269,4.0933924,0.003584519,0.006266621,0.009474843,0.016829103,0.08243676,0.07691582,8.892692,68.53397,3.4972951,0.057974245,0.04692925,0.014377431,0.011006407,0.007566628,1.2591491,6.1287274,0.35700455,0.003947687,0.003458662,0.003289235,0.00267044,0.003640671,1.2729589,4.548671,0.3862831,0.007801991,0.006451616,0.008251078,0.00923424,0.026036477,6.4734488,14.349493,1.421763,0.03354132,0.023488492,0.031371422,0.029967109,0.07746457,3.982508,6.449373,0.7904476,0.014481814,0.010385102,0.011442844,0.013928335,0.39473024,4.216062,2.502726,0.13043444,0.020701604,0.019637175,0.020500565,0.20579262,0.38367853,0.07195891,0.018056924,0.017188715,0.039063934,0.16905004,0.09224608,0.013276153,0.014319117,0.080776,0.29935747,0.09648534,0.018521268,0.014300542,0.055756353,0.041507352,0.009643137,0.005861632,0.025512986,0.022177977,0.005213342,0.007572026,0.025129437,0.014751212,0.012460309,0.04881415,0.046206776,0.012410988,0.034294795,0.033885386,0.009338311,0.010151793,0.003549286,0.001904146,0.003095349,0.001211697,0.000968507,0.000682659,0.000448384,0.000628927,0.000496272,0.001059251,0.000654779,0.000872897,0.000381657,3.32E-05,5.72E-07,2.47E-07,1.87E-07,1.49E-07,1.23E-07,1.05E-07,9.01E-08,7.87E-08,6.97E-08,6.22E-08,5.60E-08,5.08E-08,4.64E-08,4.26E-08,3.94E-08,3.66E-08,3.41E-08,3.20E-08,3.02E-08,2.86E-08,2.72E-08,2.60E-08,2.50E-08,2.41E-08,2.34E-08,2.28E-08,2.23E-08,2.20E-08,2.18E-08,0.022034213,0.021864036,0.03867062,0.047510456,0.13063142,0.23806754,4.8121805,18.330935,2.4206254,0.17013952,0.09814062,0.044339493,0.04183668,0.03671929,0.79678446,1.8661544,0.40154436,0.012786587,0.015175897,0.01405159,0.00815653,0.0171185,0.7938483,1.8496999,0.640762,0.033220313,0.015726695,0.031613246,0.03166435,0.10403309,4.9333906,5.682374,2.7325146,0.052694578,0.01696019,0.024707593,0.022644129,0.12869042,3.6326141,3.5895424,1.5075525,0.041902766,0.00889013,0.012095907,0.015604787,0.68865216,2.4774806,3.158317,0.38033837,0.013729277,0.013778861,0.015653312,0.17529172,0.3693312,0.1463026,0.013664106,0.009952003,0.044184502,0.101926126,0.11900942,0.011863947,0.008401231,0.12240471,0.18918826,0.12651668,0.015138025,0.009345093,0.035905402,0.035274338,0.009160237,0.004313157,0.016082,0.019816423,0.004986717,0.006101676,0.023014078,0.019498197,0.0079971,0.028009938,0.055422194,0.008969814,0.01983836,0.035674643,0.008871119,0.007694267,0.003313975,0.000910144,0.001475549,0.000796612,0.000513194,0.000325583,0.000190361,0.000292762,0.000241333,0.000549281,0.000400275,0.000462281,0.000289734,2.14E-05,4.68E-06,3.00E-06,2.27E-06,1.81E-06,1.49E-06,1.27E-06,1.09E-06,9.54E-07,8.45E-07,7.54E-07,6.79E-07,6.16E-07,5.62E-07,5.17E-07,4.77E-07,4.43E-07,4.14E-07,3.88E-07,3.66E-07,3.47E-07,3.30E-07,3.15E-07,3.03E-07,2.92E-07,2.83E-07,2.76E-07,2.71E-07,2.67E-07,2.64E-07,0.03662958,0.21874687,0.061248317,0.014907122,0.02996863,0.28090206,0.9854558,0.28827864,0.030879747,0.058679063,0.1804632,0.029133534,0.05414861,0.07844567,0.06543726,0.039890923,0.05242652,0.12794784,0.11536245,0.15896076,0.08424944,0.08303673,0.07542641,0.060082804,31.39407676,23.8604234,28.78186749,24.24744896,21.01196152,67.044547,18.12209016,3.978467776,4.030766064,4.042184311,2.567791981,2.165010677,8.560765345,2.62232674,hyperkinetic dysphonia
voice053.wav,22.324844,0.22185177,0.145606788,0.031559364,-201.07054,134.06079,-134.0105,31.82812,-23.817633,-4.1773987,32.081345,-45.524403,20.222038,9.447397,-28.214035,11.868166,-28.42587,48.210117,17.267382,18.039482,10.101287,4.1922135,3.4844031,5.7061496,6.318471,4.1749544,2.3523405,4.3061447,3.2403283,4.273586,0.001244133,0.002426995,0.004796343,0.007763743,0.07202572,0.048390284,0.121948436,0.13635795,57.688732,81.614235,0.51937085,0.018015917,0.008290627,0.007903418,0.00993845,0.004933345,0.006085512,2.45934,28.456856,12.736341,0.025288321,0.00659085,0.009488099,0.014521793,0.015708301,0.02641533,3.1437654,74.35553,345.58194,53.100063,0.10587877,0.035135217,0.044305358,0.046668462,0.054061174,1.0200512,28.624868,127.49327,133.70483,5.697525,0.03686156,0.026988488,0.041098904,0.063664034,0.7964343,19.472393,77.15376,177.00618,22.648651,0.18827248,0.15472728,0.123861454,3.3659225,18.149086,76.138306,50.34666,0.57717425,0.3119733,0.58384293,4.5735893,23.25315,39.605247,2.2922733,0.042296655,0.38477015,1.6421783,5.089631,2.3189,0.01923566,0.11126289,0.5043708,1.7811022,0.5946796,0.043321688,0.32611057,1.0115243,1.2001088,0.046404403,0.06482805,0.2401585,0.22985417,0.02745507,0.1510201,0.52137387,0.14093149,0.14099956,1.3861002,1.6532547,0.9186872,2.4849658,2.3384626,0.3942628,1.4072115,1.0262562,0.69519895,1.8675083,0.57013875,0.11181839,0.017398667,3.00E-05,1.05E-05,8.04E-06,6.48E-06,5.38E-06,4.58E-06,3.96E-06,3.46E-06,3.07E-06,2.74E-06,2.46E-06,2.24E-06,2.04E-06,1.87E-06,1.73E-06,1.61E-06,1.50E-06,1.41E-06,1.32E-06,1.25E-06,1.19E-06,1.14E-06,1.09E-06,1.06E-06,1.02E-06,9.97E-07,9.76E-07,9.61E-07,9.52E-07,0.001494993,0.004712243,0.009431257,0.015145348,0.07522154,0.039550852,0.09136907,0.34944254,33.45666,23.542074,0.4363505,0.04848288,0.013046966,0.010961985,0.01179695,0.004590641,0.020508517,5.6505966,6.227614,9.627188,0.03615933,0.011033294,0.012788378,0.027985677,0.02428498,0.058181986,10.850157,57.827858,202.7823,62.44548,0.12798275,0.04941254,0.05513558,0.060863677,0.09235646,4.159841,67.351295,92.624596,79.75809,9.489325,0.060065858,0.040560193,0.0469075,0.07006381,3.1766636,48.40105,63.427944,124.76761,36.796,0.16468717,0.14055605,0.13995722,12.548343,31.730785,49.10141,52.0372,1.1618731,0.2647816,1.450665,11.940112,19.893042,26.250435,3.7785323,0.027891023,1.3151672,2.8057458,3.4101212,2.381862,0.021950688,0.32864308,0.8032751,1.1317146,0.7157413,0.13907053,0.71474504,0.71298206,1.0670228,0.09710328,0.13004677,0.17468241,0.20032896,0.05758356,0.20243414,0.3574621,0.18383214,0.2446504,0.9091575,1.8059847,1.9503667,1.8915153,2.1216903,0.62502116,1.0568057,0.98751944,0.81708807,1.2372277,0.6541133,0.14350908,0.01650988,0.000192055,0.000123579,9.48E-05,7.64E-05,6.34E-05,5.40E-05,4.66E-05,4.08E-05,3.61E-05,3.23E-05,2.90E-05,2.63E-05,2.40E-05,2.21E-05,2.04E-05,1.89E-05,1.77E-05,1.66E-05,1.56E-05,1.48E-05,1.41E-05,1.34E-05,1.29E-05,1.24E-05,1.20E-05,1.17E-05,1.15E-05,1.13E-05,1.12E-05,0.18903272,0.49427006,0.07644271,0.20943834,0.95375276,0.2370691,0.11416532,0.17054161,0.24297601,0.663218,0.13270326,0.019596629,0.19566874,0.10934696,0.08854933,0.21125692,0.12416029,0.15441385,0.109965354,0.09583119,0.28559726,0.19795917,0.074771084,0.041731656,19.98698692,30.20621159,32.80411825,28.36494114,26.06104129,76.81301926,18.88517641,3.575775042,4.360312249,4.706325597,3.601496609,2.208566246,8.900303039,2.714087491,reflux laryngitis
voice054.wav,9.765849,0.055331185,0.07711239,0.017669743,-315.67755,194.05804,-73.67166,43.674755,-37.12574,-3.008695,36.418736,-50.82423,7.5324116,-0.14654495,-11.418952,33.9512,-35.655563,56.809025,25.988823,12.03725,9.284996,7.2109175,7.563905,6.1002645,7.75808,3.9269004,3.028884,3.8552356,5.9367676,6.559443,0.002680417,0.006259506,0.009794381,0.02298023,19.736036,18.413069,0.20752712,0.10382191,0.04727092,1.0284564,9.145316,0.73196214,0.01384132,0.009597652,0.07482957,12.435353,9.175446,0.030192148,0.004107746,0.006001127,1.8268658,10.388128,1.1433733,0.014567611,0.015366841,0.14598702,5.8961406,4.4733405,0.09917996,0.03536611,0.050030094,1.1822209,2.4633796,0.35772786,0.007618333,0.004052831,0.030064698,0.2939146,0.25829726,0.016147835,0.007788387,0.011852982,0.15115978,0.35512224,0.043977816,0.017172957,0.057612937,1.1489973,3.15634,0.46962687,0.11976535,0.17789298,0.5521671,0.08978802,0.006823022,0.01317341,0.0409677,0.012097512,0.004244356,0.006245378,0.006003169,0.00156143,0.001187861,0.001894247,0.002083112,0.00275387,0.00334306,0.001466131,0.001084484,0.002939099,0.002710432,0.007697257,0.011252838,0.005542484,0.010179878,0.005430941,0.004055811,0.003648672,0.00129705,0.001963869,0.001427913,0.00157556,0.000735482,0.000301261,0.000517398,0.001141142,0.004198912,0.014496835,0.059378278,0.107056916,0.06652771,0.03417717,0.04152842,0.048283976,0.07740174,0.06400427,0.036499515,0.007055139,0.000222358,2.85E-07,1.10E-08,8.26E-09,6.56E-09,5.39E-09,4.54E-09,3.89E-09,3.38E-09,2.98E-09,2.64E-09,2.37E-09,2.14E-09,1.94E-09,1.78E-09,1.64E-09,1.52E-09,1.41E-09,1.32E-09,1.24E-09,1.17E-09,1.12E-09,1.06E-09,1.02E-09,9.83E-10,9.52E-10,9.27E-10,9.07E-10,8.93E-10,8.84E-10,0.014133022,0.02462495,0.033012405,0.07567387,6.227355,5.866122,0.14313667,0.09351989,0.042454742,0.9979646,4.9046345,0.77146876,0.024094623,0.012490911,0.23122022,10.725708,6.415226,0.062311664,0.004078861,0.008503224,2.319356,8.94114,1.7263005,0.012525787,0.017313097,0.35035118,4.2318587,3.4832234,0.19457155,0.02957557,0.05384694,2.615594,2.3847606,0.7004494,0.007038541,0.004768763,0.08104979,0.24637294,0.30743787,0.02766829,0.005824845,0.010627131,0.15733992,0.25953874,0.067296475,0.010200447,0.080123134,0.86492836,2.6640608,0.77553767,0.07416266,0.26522458,0.46481726,0.08848574,0.005931858,0.013906735,0.04608074,0.018129181,0.004442122,0.005926225,0.005464808,0.002786581,0.001777376,0.002694021,0.001445561,0.001751727,0.003059227,0.002020292,0.001084977,0.00273605,0.004881689,0.011568397,0.01654058,0.005232223,0.009376931,0.005792124,0.003169135,0.004409767,0.001139008,0.003596402,0.001319773,0.001013682,0.000744601,0.000575532,0.000518609,0.001029695,0.003923953,0.01178549,0.03803281,0.069387145,0.04725942,0.019085933,0.0248688,0.033038717,0.06029223,0.051175628,0.024877345,0.005992234,0.000178586,3.91E-07,1.33E-07,1.00E-07,7.96E-08,6.53E-08,5.51E-08,4.72E-08,4.10E-08,3.61E-08,3.21E-08,2.87E-08,2.59E-08,2.36E-08,2.16E-08,1.99E-08,1.84E-08,1.71E-08,1.60E-08,1.51E-08,1.42E-08,1.35E-08,1.29E-08,1.24E-08,1.19E-08,1.15E-08,1.12E-08,1.10E-08,1.08E-08,1.07E-08,0.9629284,0.3735289,0.25325984,0.18897355,0.36604223,0.053789537,0.18202057,0.66245425,0.13777317,0.04120805,0.06878919,0.38535783,0.08574636,0.13449928,0.15760301,0.071512364,0.084167436,0.07448665,0.14959776,0.22649834,0.10063451,0.09774876,0.11318546,0.13310404,29.33258014,24.28761384,25.41263032,24.18176853,21.54451995,75.70982325,18.88464631,3.677053794,3.741927461,3.571189424,3.094614256,2.66350068,8.515638644,2.75017678,hyperkinetic dysphonia
voice055.wav,8.031848,0.18499506,0.078157771,0.036924913,-224.52826,193.36763,-91.8901,12.200215,-34.240955,-27.862947,30.79467,-17.920044,-0.7910656,-0.5302859,-10.263072,5.2252774,-27.441744,51.59591,23.826141,15.285196,5.459861,5.642218,4.8168583,6.171862,3.403805,4.3184624,3.4466267,3.0158238,3.2983227,4.920981,0.007175589,0.008733189,0.017713305,0.025129767,0.5802009,181.52347,64.73998,0.13629392,0.050259557,0.03964691,0.083360605,40.20645,43.098457,0.14171846,0.016695585,0.015952189,0.035692066,20.761818,57.823086,1.5618705,0.030091753,0.019715289,0.028935218,9.003357,100.11577,16.964094,0.30995673,0.23129176,0.23470874,5.2491493,183.05563,88.4877,1.0390971,0.5500789,0.43325377,1.2064443,139.59857,157.09323,3.4888403,0.07128867,0.045550086,0.09076001,7.700241,16.311039,1.2491989,0.17663324,0.17290565,1.0922129,17.11488,8.184466,0.27644327,0.21239573,0.23541282,1.8900948,0.69676125,0.025898518,0.020241491,0.21021682,0.21740848,0.011611248,0.009978426,0.081332214,0.09133134,0.011238964,0.03481311,0.31023332,0.07771418,0.007995245,0.0452518,0.033957932,0.005306251,0.09910732,0.117590874,0.011983062,0.12096523,0.07789425,0.031650733,0.2673479,0.09255791,0.075023815,0.059321526,0.011242561,0.026617937,0.006700265,0.022130817,0.0108466,0.041019656,0.022868143,0.01734756,0.010432714,0.009776561,0.007251377,0.00805288,0.005644062,0.009253518,0.011470548,0.011303728,0.00739556,0.000903361,3.26E-06,1.88E-06,1.43E-06,1.14E-06,9.44E-07,8.01E-07,6.90E-07,6.02E-07,5.33E-07,4.75E-07,4.27E-07,3.87E-07,3.53E-07,3.24E-07,2.99E-07,2.78E-07,2.59E-07,2.43E-07,2.29E-07,2.17E-07,2.06E-07,1.97E-07,1.89E-07,1.82E-07,1.76E-07,1.72E-07,1.68E-07,1.66E-07,1.64E-07,0.070726775,0.06091259,0.11954491,0.13469495,0.7283049,44.210476,19.81061,0.13884611,0.048861876,0.028503753,0.16791943,11.090064,11.863857,0.2705858,0.017365236,0.019889906,0.109972335,12.51897,12.916582,1.5940578,0.04211811,0.018823693,0.08090405,7.6483545,26.270174,16.442526,1.3479929,0.9154111,0.9398971,9.503452,59.61177,56.757153,3.8233182,0.8108327,0.9586905,2.3288543,72.51676,63.0913,6.601998,0.19765562,0.085541636,0.1109536,7.5682135,6.8791075,2.0258138,0.24907422,0.15752222,2.6764557,10.755906,6.6140194,0.27606905,0.17376925,0.27283973,0.8104303,0.7260752,0.02334719,0.028790317,0.15457226,0.11871523,0.017882656,0.019345112,0.07564049,0.10836685,0.018652711,0.048895683,0.18181142,0.09522082,0.011547183,0.03929955,0.031683017,0.009110858,0.06250732,0.09893888,0.015943266,0.105098136,0.07106257,0.02141656,0.17507488,0.08582523,0.093121745,0.051226784,0.009310625,0.01763354,0.005632123,0.014131361,0.013092416,0.023363119,0.01731912,0.011506989,0.007214311,0.007352255,0.005437329,0.006659904,0.00437126,0.0071321,0.007743976,0.007168849,0.007025155,0.001031923,3.57E-05,2.28E-05,1.73E-05,1.39E-05,1.15E-05,9.72E-06,8.37E-06,7.31E-06,6.46E-06,5.76E-06,5.18E-06,4.70E-06,4.29E-06,3.93E-06,3.63E-06,3.37E-06,3.14E-06,2.95E-06,2.78E-06,2.63E-06,2.50E-06,2.39E-06,2.29E-06,2.21E-06,2.14E-06,2.09E-06,2.04E-06,2.01E-06,1.99E-06,0.07505765,0.18008094,0.73811126,0.22825369,0.03175806,0.17714448,0.70685995,0.10225158,0.13992132,0.94579566,0.20768304,0.039279882,0.052941155,0.074206814,0.14375627,0.12288623,0.07744541,0.11111514,0.1812243,0.11017347,0.09532201,0.12035838,0.120995864,0.067779884,34.23124526,25.98896356,28.16375271,29.76305738,20.70345462,68.26042016,18.84767636,4.02179707,4.05964391,4.018292229,2.897031262,2.151443977,7.911497723,2.819444056,hyperkinetic dysphonia
voice056.wav,13.376591,0.07515846,0.084705327,0.02995145,-274.3663,187.217,-119.53935,20.259243,-15.944192,-5.5502243,38.16599,-32.793865,4.344344,9.576236,-22.315866,-2.382106,-18.600052,57.54272,29.843872,20.736486,14.097287,6.0311856,5.8619094,9.848819,6.402213,4.1921477,4.6252255,4.9944,4.756986,5.8264613,0.002071371,0.004143943,0.007860315,0.010735771,0.05698065,0.061478294,3.2239518,44.93428,18.71353,0.2924851,0.053054895,0.046448313,0.035972495,0.014024507,0.47009358,3.3603523,4.2599716,1.4600792,0.08461729,0.013328668,0.021601899,0.11835047,1.1705761,2.7212467,3.5119572,1.9872724,0.8498127,0.24997614,0.26005054,1.4193348,5.653133,5.834725,5.8667684,4.167966,1.8452821,0.61071295,0.31017986,1.60459,4.345858,7.283829,11.161285,9.528577,3.4008603,1.4394891,0.51355666,0.97966987,3.153304,5.619206,4.7241488,1.5419878,0.7222297,0.4683377,1.2979385,2.7741008,3.9011452,2.1980603,1.2943418,1.3651643,0.8467022,0.82363534,0.44326255,0.15762088,0.0760546,0.08969498,0.111951046,0.08973749,0.03733117,0.03736041,0.05536847,0.059986606,0.028512001,0.017523896,0.01934406,0.015969533,0.007320599,0.008598767,0.0212649,0.018637558,0.017273521,0.028868483,0.0355249,0.031821262,0.05926987,0.134624,0.091186926,0.07680205,0.057708934,0.013679194,0.014428894,0.009785499,0.006444097,0.009156019,0.004893074,0.007449125,0.012880972,0.017881485,0.015876796,0.006019654,0.000551684,8.35E-07,1.90E-07,1.39E-07,1.07E-07,8.52E-08,6.96E-08,5.79E-08,4.89E-08,4.19E-08,3.62E-08,3.16E-08,2.79E-08,2.48E-08,2.22E-08,2.00E-08,1.81E-08,1.66E-08,1.52E-08,1.41E-08,1.31E-08,1.22E-08,1.15E-08,1.09E-08,1.04E-08,9.93E-09,9.59E-09,9.32E-09,9.13E-09,9.01E-09,0.00301919,0.005279336,0.008843249,0.015511714,0.047063917,0.036830824,4.8573794,18.626701,16.521992,0.93673825,0.05438717,0.07437326,0.06461387,0.02189581,0.90319663,2.686432,4.177514,3.411247,0.3904387,0.02338797,0.062009938,0.450168,2.491842,2.5836058,3.1475372,3.6699412,2.699989,0.8735523,0.5570984,4.6347113,10.929744,7.805999,5.7454953,5.3677964,4.2852597,2.088617,0.803845,4.840918,8.207711,10.54146,14.28749,12.879123,6.1457825,4.385203,1.2619891,1.9804509,7.4411955,8.289853,6.2605333,2.4152737,1.863038,0.7375237,2.466385,4.033768,5.460997,3.2339306,1.912558,2.1482544,1.2790334,1.1579754,0.5283015,0.19696358,0.094002016,0.12434104,0.13736741,0.13349687,0.044657532,0.04695091,0.07979753,0.0757562,0.035388496,0.021733705,0.025030352,0.022626737,0.008129556,0.012015515,0.0334745,0.030293755,0.025276743,0.03147644,0.04307109,0.036297254,0.07612464,0.1830798,0.12308352,0.15484443,0.12595788,0.019420082,0.026211668,0.014547148,0.008477953,0.014471266,0.007472536,0.009321488,0.016983114,0.020855524,0.018845648,0.005725563,0.000855143,3.67E-06,2.31E-06,1.69E-06,1.30E-06,1.03E-06,8.45E-07,7.02E-07,5.93E-07,5.08E-07,4.39E-07,3.84E-07,3.38E-07,3.01E-07,2.69E-07,2.43E-07,2.20E-07,2.01E-07,1.84E-07,1.70E-07,1.58E-07,1.48E-07,1.39E-07,1.32E-07,1.26E-07,1.20E-07,1.16E-07,1.13E-07,1.11E-07,1.09E-07,0.17151347,0.17343143,0.3687603,0.15921089,0.17238736,0.25594264,0.47682354,0.753349,0.40525663,0.115922585,0.25561816,0.4890022,0.18134692,0.17519772,0.26222533,0.14467984,0.14466827,0.13257171,0.33795074,0.30169046,0.3507588,0.1772317,0.220771,0.32101512,28.12415215,25.15876422,26.33521577,23.279117,19.84444525,71.1012361,17.37355448,4.846026619,4.500250561,4.701973658,4.413962377,2.575652632,8.288972092,2.592021372,hypokinetic dysphonia
voice057.wav,9.591734,0.13016494,0.060881135,0.011860997,-202.01848,200.45522,-96.1463,35.545387,-18.219957,-36.735737,21.588606,-35.488594,-5.160463,21.145502,-5.9522123,-1.6850682,-27.855587,57.522476,26.912075,16.578749,10.840993,8.07647,9.998529,6.9080734,6.5387993,5.1602817,5.1573277,3.869416,3.0330677,4.3723307,0.006401611,0.020660523,0.046679184,0.109191075,64.197495,124.00199,1.1965637,1.9556152,2.318648,0.5945567,43.96339,17.14968,0.1044988,1.4926558,0.9867959,6.3072243,32.151016,2.5272183,0.44620478,2.7501905,0.9786346,15.61926,17.546343,0.9446443,7.2141623,13.465022,12.432143,121.77145,35.463737,2.344463,7.321288,5.76499,7.2217937,14.091904,1.5878307,0.58735096,0.8204751,0.33546817,0.73878694,0.59305495,0.1681357,0.22804639,0.27171525,0.292603,0.5870384,0.29422098,0.40668556,0.4072276,0.64035165,1.2110835,0.71755713,1.1122179,1.1821989,3.3368382,2.1564987,0.8166949,0.59233177,0.9814058,0.47701636,0.17650488,0.17520967,0.22817907,0.09693426,0.07392011,0.1103458,0.054733608,0.03808994,0.0631026,0.036990006,0.032574236,0.06342246,0.043809824,0.052457362,0.0707759,0.08642088,0.22355227,0.22750576,0.6537503,0.65575004,0.35574284,0.29493684,0.14722274,0.13103475,0.06517443,0.0669008,0.050827768,0.059241757,0.04729893,0.050228048,0.051131587,0.059050184,0.097263336,0.09240366,0.0686522,0.012431309,0.002924949,0.00133213,0.00085726,0.000119693,3.97E-07,5.27E-08,3.81E-08,2.97E-08,2.41E-08,2.03E-08,1.74E-08,1.52E-08,1.34E-08,1.20E-08,1.08E-08,9.81E-09,8.98E-09,8.28E-09,7.67E-09,7.14E-09,6.69E-09,6.30E-09,5.95E-09,5.65E-09,5.40E-09,5.17E-09,4.98E-09,4.81E-09,4.67E-09,4.57E-09,4.48E-09,4.41E-09,4.37E-09,0.046919644,0.13716295,0.22471072,0.6621631,19.660612,34.1523,2.0089238,2.3094056,3.539011,0.675999,33.003193,8.027591,0.13882299,2.448207,2.217915,6.8115377,24.029129,2.1474175,0.7918043,5.116383,2.4639819,12.822193,9.479093,1.631284,13.876409,26.557613,15.052619,107.001076,26.578386,3.9982955,12.092185,13.371809,6.9493103,9.607564,1.8313466,0.7527639,1.0161812,0.7009743,0.6897397,0.4347919,0.2199018,0.2521266,0.34855098,0.36044413,0.6354521,0.32108453,0.46236008,0.54616296,0.7057814,1.1706842,0.6860252,1.1033951,1.0140382,2.5397587,2.2250845,0.683816,0.534511,0.9584101,0.55780494,0.1459598,0.13917933,0.16360505,0.070338875,0.050426055,0.08689255,0.03944521,0.027772905,0.051467676,0.023758814,0.019651324,0.049292106,0.029441698,0.031159956,0.04587594,0.07460255,0.18812504,0.1766585,0.4875688,0.590799,0.29927945,0.32168376,0.1597133,0.13969047,0.05496225,0.058544602,0.046424568,0.053530693,0.04334826,0.047932047,0.043675393,0.05354369,0.08015915,0.07825804,0.078333676,0.013221654,0.003813708,0.001113934,0.000694516,0.000106593,1.08E-06,6.39E-07,4.62E-07,3.60E-07,2.93E-07,2.46E-07,2.11E-07,1.84E-07,1.63E-07,1.45E-07,1.31E-07,1.19E-07,1.09E-07,1.00E-07,9.30E-08,8.67E-08,8.11E-08,7.64E-08,7.22E-08,6.86E-08,6.54E-08,6.27E-08,6.04E-08,5.84E-08,5.67E-08,5.54E-08,5.43E-08,5.35E-08,5.31E-08,0.74193376,0.40395087,0.24021184,0.33264172,0.8854657,0.25634116,0.17776221,0.32800528,0.13656986,0.037455086,0.06525818,0.19879158,0.20987763,0.24632463,0.26751605,0.2165025,0.19485927,0.14996934,0.18639225,0.06672933,0.088215634,0.08491302,0.12030577,0.11998664,32.40812734,22.20281939,23.76342067,18.76746728,18.28204405,72.52538804,17.63071915,4.536250959,4.017564466,4.225021122,2.767974078,2.037074518,8.36096617,2.506072511,reflux laryngitis
voice058.wav,16.714287,0.09348392,0.09375,0.01705615,-265.95844,166.06898,-139.83553,38.536797,-9.314145,-1.6060086,36.88803,-40.348843,18.840921,8.753461,-34.386894,8.889355,-19.078375,58.325356,22.407204,19.88322,8.383867,3.9646888,3.5743372,7.168457,6.440338,4.3617644,2.9904745,5.1642847,3.3327587,3.7824862,0.002270609,0.004712883,0.006835423,0.007267842,0.071883924,0.06993437,0.13275114,0.3377511,50.828568,20.170677,0.056810826,0.02792427,0.015954241,0.010555713,0.004951629,0.003025217,0.013184655,3.4936368,4.578248,0.057877485,0.0036351,0.003936993,0.00464686,0.003894777,0.00559929,0.014633704,4.810439,18.014996,1.5907441,0.041928943,0.020268958,0.018589355,0.01581074,0.024982609,0.0476495,4.453234,35.659008,12.733773,0.17602618,0.030167017,0.022011887,0.018138101,0.02728185,0.07089941,6.231508,36.572575,9.85026,0.19437833,0.10694733,0.11822852,0.067867376,0.12601033,7.4111605,22.19785,2.2774796,0.06699287,0.07383641,0.10619352,1.2036157,10.346465,3.9913394,0.14780162,0.07536126,0.10108178,2.606619,3.7563894,0.18354273,0.023743479,0.021018429,0.512046,0.5847164,0.019410491,0.00576216,0.037676908,0.1197916,0.01876163,0.003986166,0.03587894,0.08604736,0.011354824,0.004375452,0.055338763,0.07553213,0.009858834,0.07229824,0.2469085,0.04698409,0.28378603,0.8699643,0.0948668,0.04384409,0.0784206,0.015854172,0.06624501,0.0488981,0.018381,0.041984685,0.009135908,0.000509984,7.64E-06,4.95E-08,3.79E-08,2.99E-08,2.42E-08,2.01E-08,1.69E-08,1.44E-08,1.24E-08,1.08E-08,9.48E-09,8.41E-09,7.51E-09,6.76E-09,6.13E-09,5.59E-09,5.12E-09,4.73E-09,4.39E-09,4.10E-09,3.85E-09,3.64E-09,3.46E-09,3.30E-09,3.18E-09,3.08E-09,3.00E-09,2.94E-09,2.90E-09,0.002930467,0.009255695,0.006128805,0.013753185,0.0728437,0.07041704,0.10811828,0.44967002,13.246614,7.952116,0.13911104,0.04906115,0.017547837,0.010361938,0.008696458,0.003742463,0.045929104,1.1367193,2.089208,0.15569665,0.01212644,0.007156025,0.00417376,0.002854538,0.012551505,0.03008722,3.1189651,7.1906524,2.2284923,0.12325546,0.03964532,0.02860023,0.017532531,0.021360151,0.05495816,6.0496254,11.137852,14.395518,0.4402766,0.04252634,0.03680795,0.022020461,0.02778796,0.09884183,9.085876,20.0116,8.906915,0.35864082,0.073207304,0.07901745,0.0465875,0.28079286,4.454675,16.482708,5.093816,0.09814895,0.055139367,0.064188726,1.7312117,5.64813,5.3365817,0.15966463,0.049616203,0.10553551,2.2327921,2.276465,0.41575292,0.025070777,0.03571353,0.35499746,0.41255808,0.04619723,0.008663492,0.043962553,0.06697252,0.027899437,0.00413724,0.040217794,0.061234336,0.016591443,0.003361598,0.033461306,0.08551281,0.013708912,0.07722499,0.2021109,0.064718105,0.25088456,0.6155739,0.16542305,0.03716878,0.054992076,0.018210562,0.036399525,0.038628202,0.016118888,0.0200236,0.012546867,0.000428178,8.29E-06,6.00E-07,4.60E-07,3.63E-07,2.94E-07,2.43E-07,2.04E-07,1.74E-07,1.50E-07,1.31E-07,1.15E-07,1.02E-07,9.11E-08,8.20E-08,7.43E-08,6.78E-08,6.22E-08,5.74E-08,5.33E-08,4.97E-08,4.67E-08,4.41E-08,4.19E-08,4.01E-08,3.85E-08,3.73E-08,3.63E-08,3.57E-08,3.52E-08,0.15942314,0.5424713,0.07304126,0.08996812,0.5972096,0.16226746,0.10904202,0.2344468,0.23002547,0.9935354,0.25746757,0.03881941,0.12875554,0.19653134,0.0964345,0.10595785,0.15925342,0.1350787,0.10000752,0.13077362,0.12463324,0.030565375,0.14256337,0.10034438,17.96312058,29.48963145,27.94403517,25.45123615,24.72017566,74.23553465,17.94605148,2.701031697,4.350337767,3.603734928,2.631864163,2.166848476,8.215254544,2.642694795,hypokinetic dysphonia
voice059.wav,12.466439,0.1669735,0.100844825,0.035792279,-213.09325,156.62395,-137.96164,15.576831,-13.99697,-15.106082,35.471786,-24.010939,1.5944016,6.0457616,-20.847914,-7.835827,-19.959047,49.334568,19.714127,18.41126,7.5934377,3.7577066,3.034432,5.9085765,3.8585558,2.5870636,2.3068097,4.43443,3.738681,3.622017,0.001466156,0.003092049,0.00607039,0.005547863,0.048477903,0.05874347,21.71974,20.324911,0.04180745,0.017104784,0.021613229,0.006568722,0.007079973,2.1079679,17.457375,1.2381548,0.006664552,0.007830228,0.006980662,0.007223086,0.054166693,19.518427,17.615158,0.081167884,0.006810664,0.009648741,0.010106822,0.016272964,13.354216,71.12779,7.537246,0.060463283,0.06277908,0.08647349,0.11706338,6.369671,240.4061,156.633,1.7342817,0.2518453,0.25613075,0.19778542,0.29331648,24.519003,53.118237,2.8860881,0.077797696,0.13966465,0.17583777,5.8938932,67.2224,19.85435,0.14168213,0.09620313,0.15685432,20.497736,36.968723,1.9280746,0.20411524,0.2519434,17.023838,15.995491,0.27272317,0.019724583,0.3820929,1.4791882,0.19439846,0.013451427,0.31960452,1.2456477,0.11699203,0.010916191,0.33660483,0.3966186,0.01346005,0.26207906,0.97304153,0.09477567,0.30624282,1.4017178,0.19067065,0.3502651,0.72805077,0.050742712,0.3692977,0.17931686,0.019549161,0.09763943,0.014838308,0.045721456,0.020859437,0.019548314,0.02738589,0.017338315,0.036692597,0.01891122,0.039352275,0.005294063,0.00205439,2.58E-06,6.03E-07,4.74E-07,3.89E-07,3.28E-07,2.82E-07,2.46E-07,2.17E-07,1.94E-07,1.74E-07,1.58E-07,1.44E-07,1.32E-07,1.22E-07,1.13E-07,1.05E-07,9.87E-08,9.29E-08,8.78E-08,8.33E-08,7.95E-08,7.61E-08,7.32E-08,7.08E-08,6.87E-08,6.70E-08,6.57E-08,6.48E-08,6.42E-08,0.004345077,0.003400447,0.007577045,0.00839755,0.04420319,0.045157492,5.323121,5.3322797,0.037848037,0.013306837,0.016858215,0.007230969,0.009416563,1.3619095,4.217144,0.725112,0.009751394,0.008437128,0.008142764,0.014804129,0.093764625,4.4815335,8.887825,0.12058321,0.011851626,0.01723859,0.0191037,0.03051725,10.292971,18.054245,7.443118,0.07425964,0.0884302,0.08636126,0.14845791,15.164991,127.36314,71.1808,2.6409914,0.18542024,0.27740812,0.18389127,0.4294868,24.019554,16.88052,4.329834,0.07795828,0.15822968,0.1412547,9.618724,24.537214,16.555943,0.11537718,0.08426958,0.31240183,18.785078,16.377481,3.0884526,0.14795548,0.5605699,14.784758,7.1921425,0.48860577,0.014952258,0.5345969,0.64064145,0.26239806,0.010063367,0.35080346,0.67859876,0.16157578,0.011144173,0.20703223,0.24888733,0.01003952,0.22349766,0.412759,0.13221537,0.32822457,0.51430494,0.23528858,0.31486714,0.26818302,0.056730464,0.34485352,0.11685546,0.021417841,0.046306536,0.014574361,0.02764009,0.014088391,0.011862152,0.016340392,0.012143812,0.01791831,0.013498398,0.018957267,0.004004658,0.001756161,1.15E-05,7.32E-06,5.75E-06,4.72E-06,3.97E-06,3.42E-06,2.99E-06,2.63E-06,2.35E-06,2.11E-06,1.91E-06,1.75E-06,1.60E-06,1.48E-06,1.37E-06,1.28E-06,1.20E-06,1.13E-06,1.06E-06,1.01E-06,9.64E-07,9.23E-07,8.88E-07,8.58E-07,8.33E-07,8.13E-07,7.97E-07,7.86E-07,7.78E-07,0.3091961,0.10318858,0.10954618,0.296131,0.09277318,0.51251096,0.16838941,0.13131037,0.21565372,0.9978695,0.16414751,0.048889693,0.076413125,0.111461654,0.07457776,0.06738129,0.042577315,0.072319634,0.088372186,0.083231755,0.09602,0.01826657,0.10877051,0.08829832,31.28620452,25.292972,29.99182215,26.83875003,24.33405978,70.9003274,17.78116149,4.208727722,3.638769632,4.224981251,3.386248441,2.138607105,8.269135021,2.609576964,hyperkinetic dysphonia
voice060.wav,11.615755,0.17394917,0.086196387,0.032663498,-215.19778,179.05028,-110.56131,15.734407,-37.641876,0.08486304,44.342617,-43.902855,6.951149,11.940798,-19.34852,3.9537919,-30.63061,53.87249,22.526018,17.368433,8.033863,6.9966893,4.1735606,8.810989,6.9086695,3.3743238,3.2555723,3.7114918,3.2684782,4.9242105,0.008876594,0.010206319,0.020715432,0.03686119,2.8305802,88.10711,12.519926,0.11731781,0.03160894,0.03862591,1.2635218,84.14137,22.121674,0.044012807,0.012195997,0.011572687,0.20019647,20.67898,8.475791,0.020928198,0.010015104,0.0201333,0.41558242,51.771774,30.546679,0.15998285,0.043909978,0.039127044,0.6054037,113.1301,126.750275,2.2850842,0.12935334,0.10875502,0.40232122,80.20306,100.30573,3.5473132,0.13538094,0.10275511,0.22324622,18.746288,32.27463,2.8462193,0.19337413,0.15474433,2.6546807,39.701435,17.566027,0.41003424,0.28649363,9.4167185,81.4454,20.56472,0.2561642,0.2660245,4.479543,2.361157,0.08293156,0.049422808,1.2564079,0.7739618,0.015374667,0.035970327,0.12611182,0.020690765,0.006413482,0.09733902,0.049049713,0.005104566,0.045847546,0.022480112,0.004527564,0.037275065,0.01829754,0.010997213,0.03628458,0.009249863,0.0335005,0.032473214,0.02081383,0.05409377,0.03757453,0.22522034,0.13165478,0.39342692,0.10787559,0.096194744,0.034880694,0.038620654,0.026427235,0.08282591,0.08392562,0.14475657,0.23539022,0.2210346,0.15324448,0.02578471,0.002782508,4.22E-06,1.12E-06,8.45E-07,6.72E-07,5.53E-07,4.67E-07,4.00E-07,3.48E-07,3.07E-07,2.72E-07,2.44E-07,2.21E-07,2.01E-07,1.84E-07,1.69E-07,1.57E-07,1.46E-07,1.36E-07,1.28E-07,1.21E-07,1.15E-07,1.10E-07,1.05E-07,1.01E-07,9.81E-08,9.55E-08,9.35E-08,9.20E-08,9.11E-08,0.07792519,0.06413411,0.1381164,0.23302619,1.8384037,27.946348,4.1480966,0.09141968,0.026087884,0.05059329,1.4473011,19.353798,9.525794,0.34083953,0.07970925,0.08947528,0.27777952,6.719948,3.5912037,0.11439045,0.068620466,0.16456951,0.823495,20.289667,9.8829565,0.34667483,0.067158505,0.07585296,1.5013268,38.65979,85.741066,5.846138,0.211139,0.3476267,0.7297045,42.00244,42.285435,9.485511,0.09481305,0.09090333,0.33810395,14.327872,17.48452,6.6893735,0.24391656,0.23819229,3.4436061,16.579512,17.230423,0.7697003,0.25530404,12.987846,30.028831,20.920637,0.34076178,0.26617664,4.3725,1.0931329,0.13233373,0.046057634,0.896606,0.47316432,0.029029384,0.049437806,0.1012372,0.023833983,0.007568051,0.071772695,0.035000987,0.01084755,0.043508995,0.013678431,0.008486183,0.02334045,0.016479257,0.010070878,0.025082478,0.008595127,0.022744568,0.021076385,0.018102743,0.040702153,0.026252717,0.21137135,0.08289623,0.46722263,0.0974016,0.09732089,0.025189282,0.03952348,0.02057573,0.055157974,0.059824597,0.10188704,0.1523195,0.11420891,0.093100846,0.017696558,0.002732812,2.41E-05,1.36E-05,1.02E-05,8.16E-06,6.71E-06,5.66E-06,4.86E-06,4.22E-06,3.72E-06,3.30E-06,2.96E-06,2.68E-06,2.43E-06,2.23E-06,2.05E-06,1.90E-06,1.77E-06,1.65E-06,1.56E-06,1.47E-06,1.40E-06,1.33E-06,1.28E-06,1.23E-06,1.19E-06,1.16E-06,1.13E-06,1.12E-06,1.11E-06,0.1751336,0.88028425,0.29998562,0.5241239,0.3087848,0.86078084,0.1354834,0.11558671,0.74966514,0.18027805,0.08744796,0.19101374,0.07415751,0.14579496,0.08285794,0.15266547,0.101468265,0.16613826,0.08999072,0.10690069,0.15782766,0.09413518,0.077731445,0.056667503,33.10002636,29.23766502,30.68803255,26.52259074,20.1462112,73.79971744,19.37932939,4.285189538,4.431317285,4.357613463,3.211725482,2.334589131,8.211578612,2.706897152,healthy 
voice061.wav,10.560906,0.07679407,0.087572751,0.01275064,-290.86893,170.08841,-109.64694,33.14288,-27.655096,5.459663,50.151848,-46.028458,1.9211409,4.7577577,-23.79001,11.903857,-21.587498,55.316753,22.147026,16.417088,8.161747,4.749954,2.9523444,8.119387,6.9907484,2.0188684,2.5046253,4.006646,3.4718523,4.178414,0.002725494,0.004462184,0.007284931,0.008151235,0.05652276,0.06368821,0.1938992,3.311798,54.882183,5.2309637,0.033088703,0.015712222,0.010687,0.004923215,0.002801103,0.002613285,1.1666766,22.520187,3.1833007,0.00699146,0.006857283,0.004282524,0.005341633,0.005877284,0.008265394,1.7852042,30.991367,5.878463,0.011226896,0.005873607,0.007887189,0.009539031,0.007259342,0.010264578,0.8886821,16.181414,4.472982,0.028054867,0.037593663,0.03814753,0.05061695,0.067901365,0.09409874,3.464534,27.682293,3.526147,0.08827661,0.07897938,0.09731227,0.09699609,0.11626659,4.249776,5.1771903,0.14654545,0.08998218,0.059216782,0.03642748,0.16062361,0.8931561,0.098600335,0.013442772,0.010506514,0.008485678,0.03338485,0.029655002,0.002543798,0.002972865,0.002705956,0.021258326,0.014351985,0.001345917,0.001268405,0.010722347,0.027317924,0.002059751,0.001962349,0.013786022,0.027289988,0.002692845,0.003249998,0.02521967,0.015518243,0.003341176,0.019960163,0.037199076,0.01826551,0.08940333,0.16948693,0.018556202,0.03712098,0.036201738,0.007042915,0.042973883,0.026157683,0.05847234,0.1436382,0.01616448,0.01228769,0.001110053,6.18E-07,3.21E-07,2.42E-07,1.93E-07,1.59E-07,1.35E-07,1.16E-07,1.01E-07,8.96E-08,8.00E-08,7.20E-08,6.53E-08,5.96E-08,5.47E-08,5.06E-08,4.69E-08,4.38E-08,4.11E-08,3.88E-08,3.67E-08,3.49E-08,3.34E-08,3.21E-08,3.09E-08,3.00E-08,2.92E-08,2.86E-08,2.82E-08,2.79E-08,0.009989437,0.014406462,0.01753565,0.027008068,0.051345102,0.06579218,0.20090161,1.599694,15.1135235,2.1837037,0.09364756,0.038556498,0.020847477,0.009239794,0.004367038,0.007362811,0.7809757,7.929035,2.0773528,0.032612532,0.040511258,0.02122989,0.029223356,0.033583198,0.049411304,1.8373837,12.24779,4.587788,0.029701712,0.006845582,0.007141769,0.012062944,0.006539817,0.040138856,1.0130168,7.4854717,4.458728,0.036972947,0.031024305,0.02565337,0.040539782,0.04713009,0.063036285,4.015229,9.809944,3.2552524,0.060701504,0.051631715,0.062404256,0.06578403,0.10373192,2.571972,2.3192751,0.121594734,0.058877002,0.03800729,0.023043673,0.15315838,0.36254093,0.0810907,0.009573174,0.006659092,0.005611466,0.020913009,0.015361403,0.002035848,0.002102951,0.001938178,0.009137176,0.008503806,0.000942137,0.000909051,0.008043323,0.010600047,0.001366135,0.001052751,0.010790396,0.011628002,0.001471905,0.002131444,0.010287626,0.010195527,0.001675556,0.010135679,0.019182082,0.009011233,0.058905825,0.09613296,0.013412085,0.021193294,0.014663494,0.003961925,0.01688062,0.014912675,0.035601873,0.07424004,0.012174815,0.00970771,0.001155859,6.05E-06,3.89E-06,2.93E-06,2.34E-06,1.93E-06,1.64E-06,1.41E-06,1.23E-06,1.09E-06,9.70E-07,8.73E-07,7.92E-07,7.23E-07,6.64E-07,6.13E-07,5.69E-07,5.32E-07,4.99E-07,4.70E-07,4.45E-07,4.24E-07,4.05E-07,3.89E-07,3.75E-07,3.64E-07,3.55E-07,3.47E-07,3.42E-07,3.39E-07,0.5201701,0.066460215,0.11185268,0.6632841,0.13980547,0.03509202,0.049280003,0.22311936,0.993674,0.25933656,0.025213122,0.14298703,0.135438,0.10212365,0.10438053,0.08964447,0.10141077,0.116509914,0.114369445,0.09680454,0.03915029,0.098730594,0.10215982,0.100729115,18.01382243,29.59034257,29.88200969,25.29890262,20.49836858,74.99864265,18.85846202,3.145248317,4.437713414,4.004449492,2.714453918,2.192870523,9.062401367,2.708007973,healthy 
voice062.wav,20.745882,0.16386046,0.111472315,0.010641092,-190.95097,173.4602,-142.5874,17.626953,-31.843311,-18.187729,48.179935,-28.405441,-2.5383723,6.181981,-13.88519,2.028911,-25.97339,56.919647,24.378292,20.464586,10.979243,5.916314,3.7164865,7.2758646,4.9146895,2.6620252,2.211886,4.386895,2.1309204,3.8778603,0.003701491,0.005821419,0.011326057,0.01650602,0.07240566,1.1695864,52.456795,9.283062,0.037306402,0.052016225,0.08966853,0.015433732,0.15468562,21.092186,7.668068,0.017271128,0.039196413,0.13519886,0.015667243,0.07950079,16.134672,9.663602,0.050875824,0.18388058,1.3339202,0.21062303,0.31478626,48.138065,46.67103,0.45562744,0.40678832,3.926014,1.1499646,0.5668341,80.006256,132.51175,4.6795583,1.3409115,22.888004,10.45347,0.64933515,40.73518,88.96697,5.30104,1.1270738,11.139024,3.29215,7.0675483,88.00909,23.358612,0.9128967,8.710243,2.1495798,25.996655,41.943653,1.0058545,2.256568,1.0704303,3.3705053,3.0538418,0.10788839,0.26399532,0.2594965,1.2369343,0.148368,0.1409159,0.18898161,0.6082478,0.06587139,0.07813296,0.33823237,0.29963586,0.0863659,0.20308517,0.467339,0.13802883,0.31606883,0.82745165,0.41903803,1.014199,1.9249133,0.87369245,1.8623555,1.0451257,0.12010633,0.18226571,0.04234897,0.08761667,0.050590076,0.0638512,0.06657227,0.05242183,0.10043934,0.1017503,0.20366879,0.1313248,0.097419254,0.017410364,0.001794206,4.59E-06,2.71E-06,2.11E-06,1.73E-06,1.45E-06,1.25E-06,1.09E-06,9.57E-07,8.53E-07,7.66E-07,6.92E-07,6.31E-07,5.78E-07,5.33E-07,4.93E-07,4.59E-07,4.29E-07,4.04E-07,3.81E-07,3.61E-07,3.44E-07,3.29E-07,3.16E-07,3.05E-07,2.96E-07,2.89E-07,2.83E-07,2.79E-07,2.76E-07,0.025742764,0.03144541,0.034168728,0.061976895,0.1160093,0.85270476,14.191242,3.2662423,0.09754073,0.07184904,0.11741342,0.033995613,0.26453397,5.7711844,3.4671688,0.06876476,0.06456276,0.2188184,0.021532023,0.16863982,7.9878774,4.7414656,0.058547366,0.35759816,2.4088187,0.36081183,0.9118935,24.595802,14.739094,0.75102425,0.74846596,5.8528767,2.0072882,1.4025106,47.093204,69.002914,8.658745,3.359361,35.910072,18.954166,1.0178014,33.466015,30.620146,8.898123,2.314243,16.2372,5.829909,13.400686,35.421143,21.633644,1.5007416,11.471282,3.5512521,25.807573,22.314579,2.157421,3.0918953,1.5126045,3.2912138,1.6344843,0.12783124,0.30865106,0.2876496,0.8735149,0.21296382,0.17188689,0.21312357,0.3976994,0.08551046,0.088294365,0.26336443,0.2397109,0.097550154,0.2026105,0.36084923,0.14803529,0.24575375,0.56330705,0.47358322,0.5725517,1.4276273,0.9799325,1.3535649,0.9129496,0.087527074,0.14019746,0.038105592,0.060490318,0.04430813,0.03958861,0.050868403,0.031939488,0.09358658,0.055827245,0.13515215,0.078431234,0.06378056,0.014026166,0.001697592,4.81E-05,3.28E-05,2.56E-05,2.09E-05,1.76E-05,1.51E-05,1.32E-05,1.16E-05,1.03E-05,9.29E-06,8.40E-06,7.65E-06,7.01E-06,6.46E-06,5.98E-06,5.57E-06,5.21E-06,4.89E-06,4.62E-06,4.38E-06,4.17E-06,3.99E-06,3.83E-06,3.70E-06,3.59E-06,3.50E-06,3.43E-06,3.38E-06,3.35E-06,0.22430046,0.2926273,0.5702298,0.2876556,0.94080955,0.25985128,0.09205649,0.20583072,0.86189526,0.24073203,0.25535595,0.6509919,0.1392356,0.1279848,0.10282324,0.14711177,0.11443737,0.093413755,0.1127342,0.11491574,0.12626788,0.2120333,0.27870044,0.114231154,31.2085371,25.36399221,27.83542021,25.44854804,22.64433317,73.75763604,18.88252478,3.834137145,3.875546935,4.341240297,3.088504143,2.518980728,8.85225903,2.692481775,reflux laryngitis
voice063.wav,19.175957,0.10401617,0.128586228,0.02910233,-226.4512,173.16034,-122.89527,12.322438,-29.991291,9.643761,37.846886,-37.51292,9.846438,-9.594492,-12.684366,12.383543,-33.8511,54.763927,22.523668,17.259993,9.615988,7.104838,4.9084535,7.9872284,7.6659155,5.8847113,2.6528523,5.0796065,6.795468,5.0638695,0.001693208,0.005341604,0.006335885,0.008254692,0.106532276,12.141403,12.182364,0.11913612,0.039893594,0.026999356,0.037720192,1.2495487,13.337692,1.4123318,0.008702984,0.007895742,0.009138646,0.054048497,4.6162295,4.7872324,0.044465005,0.012202916,0.014111795,0.015626498,2.0567386,15.092999,2.7521272,0.03330237,0.043171726,0.049047798,0.73955905,14.242264,15.715452,0.48262018,0.1054627,0.09809031,0.23632689,7.225345,36.77426,9.332332,0.32919893,0.53378224,0.9666149,8.4739685,76.01241,50.717075,1.1957963,0.5457102,0.7763148,5.2794847,13.704449,1.9656422,0.48144063,0.9654675,5.2133474,11.424608,1.2731721,0.2379842,0.6235266,1.7937723,0.541522,0.054004226,0.095952615,0.26392168,0.07610178,0.015719878,0.07048857,0.11334646,0.017390737,0.024145812,0.08295298,0.022362342,0.009947531,0.03191192,0.017206429,0.031565428,0.12635796,0.041122533,0.058048546,0.08529599,0.04802517,0.16501196,0.05644349,0.038555715,0.025066083,0.003911445,0.005086534,0.003454167,0.012408853,0.011437186,0.046267174,0.055462644,0.22149771,0.3520337,0.6406373,0.7140113,0.62557334,0.26041391,0.026168413,2.97E-05,7.57E-07,4.12E-07,2.53E-07,1.68E-07,1.19E-07,8.78E-08,6.70E-08,5.26E-08,4.23E-08,3.46E-08,2.89E-08,2.45E-08,2.10E-08,1.83E-08,1.60E-08,1.43E-08,1.28E-08,1.16E-08,1.06E-08,9.76E-09,9.07E-09,8.50E-09,8.03E-09,7.64E-09,7.34E-09,7.11E-09,6.94E-09,6.84E-09,0.000677464,0.003966125,0.004851823,0.007204378,0.11388313,3.0249927,3.9028087,0.12552583,0.028605945,0.022776501,0.028995465,1.0202291,4.6245813,1.2034559,0.014050135,0.008176986,0.008726537,0.16744061,1.6623547,2.5657492,0.05190963,0.00963728,0.011790359,0.018652698,2.1797202,6.308844,2.9846485,0.04203714,0.03721603,0.042171724,1.9544461,8.541873,11.501939,0.78761935,0.085056216,0.07200769,0.6157259,9.492192,20.67514,10.1633625,0.23726691,0.4276279,1.4216616,19.00703,46.85749,41.951946,1.460453,0.5265631,1.3174323,5.786791,8.175386,2.4452684,0.3427416,1.452331,5.1406336,9.240254,1.9597266,0.28272733,0.9671713,0.92232275,0.47310823,0.047625087,0.10460283,0.13419136,0.072146006,0.020464173,0.060258966,0.06331472,0.017204076,0.025737887,0.04813636,0.023497809,0.010404947,0.018650414,0.014162795,0.029845808,0.080250725,0.035888493,0.046436112,0.06584266,0.04842072,0.17244948,0.05210794,0.05894044,0.030519534,0.002954907,0.005319286,0.00449088,0.019006798,0.014504161,0.062298976,0.06844384,0.25386178,0.3353924,0.5152899,0.4789863,0.39316452,0.15938765,0.019171938,3.39E-05,8.93E-06,4.85E-06,2.98E-06,1.98E-06,1.40E-06,1.03E-06,7.89E-07,6.20E-07,4.98E-07,4.08E-07,3.40E-07,2.88E-07,2.47E-07,2.15E-07,1.89E-07,1.68E-07,1.51E-07,1.36E-07,1.25E-07,1.15E-07,1.07E-07,1.00E-07,9.46E-08,9.00E-08,8.65E-08,8.37E-08,8.18E-08,8.06E-08,0.6384798,0.91973144,0.2163921,0.5428867,0.16581656,0.20638523,0.15259355,0.28556255,0.049220968,0.1552943,0.552927,0.12087193,0.24464369,0.17339657,0.11221181,0.2154017,0.08537775,0.097813785,0.104480006,0.14557487,0.09256262,0.12950414,0.26202512,0.080329135,28.27195851,24.21399696,25.66454054,23.92194738,21.15901595,77.12788271,16.93882393,3.328822922,3.820473264,4.073474062,2.399027723,2.521209444,8.7041752,2.412158432,reflux laryngitis
voice064.wav,9.437821,0.08997917,0.059822646,0.018703165,-287.5157,194.30305,-72.41802,14.414515,-19.767567,0.1737636,24.760551,-48.567757,-3.4657195,10.34936,-12.917822,16.320156,-16.127993,54.471924,29.458614,15.967421,8.598732,5.0503597,3.5553625,6.9973416,7.612706,3.5107858,5.2124314,3.4395728,4.2511153,3.1489823,0.00269273,0.004318801,0.009961538,0.014046645,0.10102045,51.515648,87.41511,0.49070898,0.117558114,0.2660238,0.12654361,0.25606817,18.49175,7.1160116,0.0347787,0.04122967,0.044511713,0.039155696,4.341484,19.986599,1.75243,0.23393403,0.34104416,0.18781328,0.29484993,21.213223,24.638062,0.59573925,0.11260494,0.1139318,0.059132833,0.43684387,2.9993904,1.0489048,0.029292405,0.047335453,0.05542922,0.03742917,1.477222,3.024993,0.386826,0.05581879,0.12819949,0.102194406,0.5198777,3.5361898,1.6683403,0.08535229,0.29070547,0.35432398,4.242162,13.180048,2.1339774,0.5670538,0.3502361,1.009887,0.8649005,0.05738137,0.005678576,0.015501659,0.06606354,0.011217102,0.011008549,0.02153071,0.04331759,0.009758719,0.004789321,0.018524567,0.02537239,0.003763564,0.003532509,0.004182556,0.001669863,0.00116666,0.001046138,0.000378796,0.001036358,0.003015986,0.001510979,0.009435519,0.012221344,0.00387263,0.006682735,0.001211176,0.000733735,0.001597547,0.006185985,0.019111514,0.018543284,0.02700343,0.010661456,0.017101998,0.005998252,0.008899144,0.005016463,0.004453289,0.000978813,0.000738757,4.77E-05,9.65E-07,4.22E-07,3.21E-07,2.58E-07,2.14E-07,1.82E-07,1.57E-07,1.37E-07,1.22E-07,1.09E-07,9.81E-08,8.90E-08,8.13E-08,7.47E-08,6.91E-08,6.41E-08,5.99E-08,5.62E-08,5.29E-08,5.01E-08,4.77E-08,4.56E-08,4.38E-08,4.22E-08,4.09E-08,3.99E-08,3.91E-08,3.85E-08,3.81E-08,0.010365086,0.011830978,0.018258736,0.030856686,0.0983291,16.617594,34.751045,0.29429948,0.12884305,0.48427635,0.18912438,0.37888753,5.826788,4.482018,0.05443748,0.058039807,0.067440845,0.070515886,3.6682467,7.1180344,1.9626368,0.4087388,0.53095573,0.3068138,0.60206074,12.603479,21.307453,1.1289115,0.15929681,0.20044181,0.10038074,0.5611039,1.704145,1.2657304,0.042529337,0.0795438,0.10261813,0.06380864,1.4563959,1.968914,0.69516075,0.08927798,0.2597836,0.19608377,0.6588231,2.5849068,2.5279558,0.11228141,0.6126667,0.51912916,3.8892202,18.248186,5.3060455,1.0524678,0.50764906,1.2413328,1.1832623,0.19135176,0.009113329,0.0207638,0.086425945,0.010637281,0.02091787,0.021719864,0.033203233,0.012323955,0.00751698,0.019053796,0.030337542,0.004983643,0.003438275,0.002900699,0.001721752,0.001000703,0.000765345,0.000574554,0.001657908,0.00381766,0.001718756,0.009858662,0.015760312,0.004681253,0.008925276,0.001310509,0.000567324,0.003175689,0.005512637,0.020881655,0.015807949,0.024827057,0.00899474,0.019101545,0.004785799,0.008134699,0.003627769,0.004599851,0.000912331,0.00092101,3.60E-05,7.94E-06,5.12E-06,3.90E-06,3.13E-06,2.59E-06,2.21E-06,1.91E-06,1.67E-06,1.48E-06,1.32E-06,1.19E-06,1.08E-06,9.86E-07,9.06E-07,8.38E-07,7.78E-07,7.26E-07,6.81E-07,6.42E-07,6.08E-07,5.79E-07,5.53E-07,5.31E-07,5.12E-07,4.97E-07,4.84E-07,4.74E-07,4.67E-07,4.63E-07,0.049581867,0.07169708,0.42755225,0.99342704,0.19700556,0.040882863,0.032246526,0.045840003,0.01914554,0.096912704,0.24039042,0.04385906,0.0717875,0.08025725,0.19999483,0.05519423,0.083258405,0.07024463,0.055520937,0.06679937,0.09103885,0.11608168,0.10322644,0.085267,32.1447509,23.80023504,26.11930383,26.05831259,21.50570706,70.68954291,19.80850404,4.378459694,4.702772912,5.110595621,3.327586266,2.133168061,8.610515641,2.864977968,hyperkinetic dysphonia
voice065.wav,6.8840237,0.11564492,0.099176804,0.016625115,-246.86066,188.31552,-98.50405,18.210426,-35.65344,-13.387218,36.708027,-43.025803,-4.921955,9.020581,-11.885238,15.785448,-20.689646,58.452038,27.262438,17.154554,8.132606,7.224004,4.5342584,6.809806,6.5408034,3.2407165,2.6282134,4.254683,3.4506552,3.832659,0.005076578,0.008571615,0.022845088,0.022387937,0.104931824,0.11372818,9.365665,51.530262,2.6717386,0.055882785,0.24931724,0.22817299,0.0484009,0.05070356,13.076354,32.868977,1.8243138,0.051822968,0.17073151,0.2039519,0.13217795,0.7426229,34.69083,54.16662,7.047156,0.4537565,1.3004793,1.6737891,0.732948,5.4671583,71.697105,57.909775,5.546007,0.33054608,0.34837496,0.21843979,0.14249717,1.4359745,5.866809,4.153709,1.0769783,0.22057906,0.15939648,0.17321621,0.719136,11.960364,25.180838,8.408863,1.7089361,1.3101319,1.4304069,5.569706,15.993666,5.9478908,0.8904679,0.07992348,0.047181454,0.19135937,0.26757342,0.09322683,0.01278961,0.009912786,0.051448673,0.065903604,0.03032788,0.008128825,0.027315082,0.06692477,0.027157053,0.007607734,0.013703235,0.03349608,0.018540936,0.00798467,0.025572395,0.028353313,0.009587762,0.010158865,0.020725122,0.010806593,0.008378749,0.018660609,0.010942889,0.02705455,0.07617469,0.09010639,0.26568896,0.18059012,0.0530418,0.045413967,0.020130884,0.018079234,0.013675699,0.012898858,0.010761186,0.010468579,0.014627202,0.009121294,0.000590231,1.65E-06,1.10E-07,7.98E-08,6.08E-08,4.78E-08,3.87E-08,3.18E-08,2.66E-08,2.26E-08,1.93E-08,1.67E-08,1.46E-08,1.28E-08,1.14E-08,1.02E-08,9.14E-09,8.27E-09,7.53E-09,6.90E-09,6.36E-09,5.90E-09,5.51E-09,5.19E-09,4.91E-09,4.68E-09,4.50E-09,4.36E-09,4.26E-09,4.20E-09,0.017107464,0.021547625,0.064874,0.06763863,0.12936436,0.21614595,4.794609,17.859268,3.6706083,0.18704793,1.3430982,1.2959237,0.15831798,0.06262433,8.75601,15.351025,3.0795698,0.13947882,0.9906752,1.098927,0.38485298,2.1036737,22.158527,33.640297,16.381477,1.9092097,7.4874206,10.353037,4.0818167,12.877205,49.83309,41.46636,10.866979,1.193804,1.3942993,0.6124935,0.28496367,2.7430944,3.7513587,3.5562947,2.2133768,0.6959172,0.36439937,0.5671824,2.0699315,11.737148,16.764563,12.306734,4.215932,3.959131,4.487246,8.870443,12.19395,5.07241,1.9128231,0.11886426,0.07930027,0.19660002,0.19072294,0.14178906,0.026306095,0.015539106,0.04720668,0.04524534,0.050574396,0.01002557,0.030489445,0.04621289,0.029752461,0.006940623,0.013015255,0.022798581,0.02528027,0.0085616,0.020524226,0.020123163,0.012204664,0.008326218,0.013982324,0.014149701,0.008181745,0.012752418,0.009951892,0.023312068,0.06669264,0.093090326,0.23860016,0.11968122,0.044929296,0.034073595,0.016934264,0.010143039,0.00794131,0.009917188,0.006881054,0.006663587,0.010129787,0.013387631,0.000473628,2.99E-06,1.33E-06,9.68E-07,7.37E-07,5.80E-07,4.69E-07,3.86E-07,3.23E-07,2.74E-07,2.34E-07,2.03E-07,1.77E-07,1.56E-07,1.38E-07,1.23E-07,1.11E-07,1.00E-07,9.13E-08,8.37E-08,7.71E-08,7.16E-08,6.69E-08,6.29E-08,5.96E-08,5.68E-08,5.46E-08,5.29E-08,5.17E-08,5.09E-08,0.123223245,0.65456134,0.24513686,0.1367331,0.17521454,0.24506211,0.9526102,0.26926807,0.017152492,0.025866263,0.0652368,0.02071531,0.10939149,0.14340349,0.27487105,0.15871854,0.13547961,0.17932615,0.15594333,0.2092255,0.039650932,0.03242937,0.036049154,0.044027757,29.17996443,24.51226609,26.95665001,26.04482508,19.98821771,70.39548062,18.49198651,4.157424796,3.932758686,4.376203143,3.400732718,2.523615884,8.073741384,2.716878889,reflux laryngitis
voice066.wav,8.707864,0.16097741,0.090715447,0.033827678,-256.62903,157.82364,-99.50637,20.873865,-10.480295,0.3689694,29.492378,-37.573566,3.587773,8.021039,-22.063917,3.449236,-18.343426,47.34658,20.646128,16.055613,6.6688776,4.190952,4.5123525,5.929371,5.9139814,2.9381921,2.5319264,4.2756276,2.9793448,3.3940363,0.002850477,0.007667152,0.011574966,0.013891195,0.07806937,0.076912224,0.17391339,0.14690699,103.54366,212.73656,1.4245862,0.031466406,0.014277712,0.013258885,0.008034398,0.015669435,0.014318106,0.25614154,72.4545,40.653076,0.09360335,0.020093719,0.016271971,0.019562887,0.017641718,0.034696665,0.04977053,24.119867,244.95462,35.937,0.15062034,0.033519514,0.029909685,0.014493962,0.024595344,0.023183752,0.056927867,11.493677,26.653458,1.6428014,0.03683893,0.040444795,0.073862165,0.09744951,0.089402884,0.08800391,9.739928,44.41258,4.4094048,0.066626415,0.06659215,0.061904125,0.05822129,0.12412815,16.999113,16.214695,0.23253158,0.06927623,0.059996143,0.03747637,1.2576602,3.759517,0.15958548,0.018404003,0.014820624,0.012114309,0.2708169,0.1472311,0.003414152,0.003972281,0.005340987,0.112343036,0.039247278,0.003191212,0.003124569,0.050726116,0.07778193,0.004196401,0.004232626,0.02531449,0.03686966,0.005116568,0.004888421,0.012055937,0.006349716,0.007883099,0.15310542,0.20529464,0.025543474,0.062373444,0.074653536,0.004761941,0.009045428,0.011033757,0.004762756,0.018188689,0.009638066,0.002856444,0.000949929,1.56E-06,4.43E-07,3.25E-07,2.53E-07,2.05E-07,1.72E-07,1.46E-07,1.26E-07,1.11E-07,9.79E-08,8.75E-08,7.89E-08,7.16E-08,6.54E-08,6.02E-08,5.57E-08,5.18E-08,4.84E-08,4.55E-08,4.30E-08,4.08E-08,3.89E-08,3.73E-08,3.60E-08,3.48E-08,3.39E-08,3.32E-08,3.27E-08,3.24E-08,0.006322774,0.021127181,0.029661223,0.0468824,0.08286959,0.07592178,0.17597467,0.30243728,34.74499,56.3182,0.9323516,0.18232204,0.07801057,0.09294846,0.03003344,0.100484625,0.043245118,0.57568663,24.013567,13.740479,0.5788241,0.1733546,0.15127055,0.18126984,0.1465127,0.32726595,0.3725449,21.169985,84.6957,27.435162,1.1772263,0.21578193,0.24211554,0.071749456,0.12708822,0.07688518,0.16425098,6.3031235,9.676216,3.1945984,0.19280961,0.087155245,0.11836194,0.1145957,0.13079266,0.19256426,8.117506,18.011227,6.918889,0.20982057,0.10099076,0.052058235,0.073753215,0.19650915,7.157787,10.191128,0.7395654,0.05983817,0.041637473,0.026880343,1.1914306,2.129152,0.20839208,0.016573321,0.01260754,0.012082655,0.19166005,0.09487729,0.002703839,0.002855381,0.006753519,0.10817904,0.043838874,0.001748191,0.00210492,0.041016478,0.038844436,0.005187998,0.002789585,0.0174369,0.023581201,0.002934919,0.0029162,0.00984579,0.003653603,0.004496908,0.10976905,0.14721419,0.01740411,0.048040994,0.046490707,0.003567688,0.004765951,0.00880667,0.002049072,0.011658034,0.00946157,0.001910375,0.00073052,8.94E-06,5.38E-06,3.94E-06,3.07E-06,2.49E-06,2.08E-06,1.77E-06,1.53E-06,1.34E-06,1.19E-06,1.06E-06,9.56E-07,8.68E-07,7.94E-07,7.30E-07,6.75E-07,6.28E-07,5.87E-07,5.52E-07,5.21E-07,4.95E-07,4.72E-07,4.53E-07,4.36E-07,4.22E-07,4.11E-07,4.03E-07,3.96E-07,3.93E-07,0.05648024,0.20330283,0.03166245,0.15875377,0.9946844,0.19279358,0.029663125,0.039037127,0.21694997,0.8842023,0.21308558,0.010708949,0.047526076,0.07194662,0.084583014,0.09051079,0.022346169,0.12039347,0.10406071,0.09972577,0.08478081,0.080369316,0.075835206,0.036923792,17.93212081,31.8061554,33.37516102,26.50515945,22.47739038,68.93720336,19.91236197,3.506864167,4.08295201,4.40962963,2.931276498,1.742211757,7.853745677,2.793118775,reflux laryngitis
voice067.wav,10.064924,0.16409652,0.10358772,0.021467192,-218.95163,163.0199,-122.58696,33.96523,-15.381122,-28.33664,17.460993,-34.619133,12.475305,14.132694,-19.322361,-0.052558642,-22.803587,53.127106,21.557167,18.476107,9.249987,3.6363113,4.1721234,5.402313,5.179323,3.64224,2.6616807,3.701802,3.776264,4.1698656,0.008494059,0.009778882,0.013023757,0.016131664,0.07114414,5.768721,31.605324,0.99721676,0.08408058,0.07015889,0.059540804,0.026403023,7.1768126,17.440594,0.27765635,0.010173343,0.016403425,0.024029639,0.08340788,30.991426,43.136288,0.5154396,0.0274769,0.044231787,0.044431113,1.8638881,222.00417,216.10332,2.0443316,0.07104114,0.058045983,0.026757244,3.063556,72.878204,39.895428,0.31872752,0.0336619,0.037495214,0.02968773,2.075982,21.715923,9.880578,0.10950345,0.016302522,0.018242547,0.18306254,8.247026,8.834205,0.27222198,0.011053186,0.013272204,1.3780558,14.532555,4.943817,0.06404595,0.07842802,6.77268,60.321636,15.806661,0.08654878,0.3499221,4.4378266,2.8695927,0.03437132,0.082314275,2.0501845,1.3452959,0.013954665,0.18418762,0.87134033,0.17176972,0.04660872,0.5886555,0.3046903,0.029676171,0.42924908,0.28928417,0.037425805,0.34523687,0.13995281,0.105846435,0.3624752,0.094646245,0.3428977,0.2657379,0.05100924,0.16081697,0.018725025,0.049549248,0.017161097,0.05352681,0.026045376,0.07419617,0.03894726,0.1300379,0.07285173,0.08632231,0.009158533,0.000455366,8.37E-07,3.06E-07,2.33E-07,1.86E-07,1.54E-07,1.31E-07,1.13E-07,9.92E-08,8.79E-08,7.86E-08,7.08E-08,6.42E-08,5.87E-08,5.39E-08,4.98E-08,4.63E-08,4.32E-08,4.05E-08,3.82E-08,3.61E-08,3.44E-08,3.28E-08,3.15E-08,3.04E-08,2.95E-08,2.87E-08,2.81E-08,2.77E-08,2.74E-08,0.080119915,0.076729,0.09710162,0.12988251,0.23357192,1.8582273,9.194566,0.77093613,0.11526998,0.10450128,0.0949417,0.095765755,3.902491,3.829415,0.25537083,0.04657924,0.0848356,0.14714639,0.35911232,14.437036,11.264297,0.8424593,0.15453033,0.3187803,0.26067466,6.1984444,73.449715,100.28099,3.8822205,0.2159943,0.21860453,0.045224957,7.7236323,39.75302,23.583609,0.6845007,0.042029385,0.034998663,0.032273363,2.9981904,7.325191,9.387371,0.26631153,0.036954172,0.038132686,0.7297344,6.7977877,3.1637344,0.6032155,0.0097182,0.012349477,2.207943,5.213191,4.676821,0.08020873,0.15023501,9.711686,25.528795,19.130957,0.06394756,1.1255602,2.576461,1.7475348,0.07882318,0.26625872,0.91618216,0.85052055,0.026162298,0.23915859,0.29037383,0.26284575,0.11021378,0.24330926,0.2709306,0.09024135,0.20045222,0.22718312,0.0769101,0.15591145,0.14134781,0.14116979,0.18974794,0.14556271,0.22193664,0.25280562,0.037581924,0.08653065,0.018113527,0.02126028,0.0171987,0.025616543,0.024970632,0.036824122,0.030235983,0.07092565,0.0560172,0.060051203,0.010910864,0.000659047,7.08E-06,3.72E-06,2.82E-06,2.26E-06,1.87E-06,1.59E-06,1.38E-06,1.20E-06,1.07E-06,9.53E-07,8.59E-07,7.79E-07,7.12E-07,6.54E-07,6.04E-07,5.61E-07,5.24E-07,4.91E-07,4.63E-07,4.38E-07,4.17E-07,3.98E-07,3.82E-07,3.69E-07,3.57E-07,3.48E-07,3.41E-07,3.36E-07,3.33E-07,0.03909258,0.032899465,0.04415825,0.22470988,0.9862691,0.19398099,0.24555017,0.14137574,0.261338,0.03263595,0.060053006,0.21858464,0.03618968,0.04197679,0.04747282,0.1260014,0.115102,0.08860681,0.10372325,0.092834674,0.104497634,0.035682395,0.050149363,0.062045842,30.8355084,26.01571968,31.81337163,28.16231745,25.48439576,72.86777335,18.01897976,4.822414252,4.409018545,5.160222232,3.933822433,2.613420996,8.745087759,2.705067312,healthy 
voice068.wav,14.49976,0.21553244,0.11654192,0.032522978,-198.39516,157.11876,-131.62636,18.371897,-29.00699,-1.0908698,41.882328,-42.459393,9.614786,3.431433,-35.98485,3.7773793,-23.83044,51.010204,19.61565,19.541645,5.6425104,4.9393954,4.4020557,7.0675607,6.1113324,2.4233,2.1361563,4.9697437,2.2451625,4.0971866,0.001179834,0.002276375,0.00483116,0.006693861,0.05645571,0.090670936,100.57486,62.08172,0.04853467,0.023813257,0.03338919,0.013664612,0.02731153,43.161255,119.748665,2.157789,0.01049342,0.008900248,0.007286242,0.005565668,1.1712633,21.413635,5.4974647,0.012909807,0.006325103,0.012013962,0.016731003,0.43279707,82.05013,96.42602,2.1319194,0.11292675,0.1650502,0.1134758,0.12463727,87.3628,309.2437,45.18647,0.2986945,0.17484543,0.22771347,0.18699923,18.73088,181.41837,65.24574,0.9579984,0.34479696,0.39185748,0.8477218,49.711777,80.31216,2.9548428,0.26816761,0.24806517,6.069444,61.29349,17.738918,0.3155144,0.10465048,2.1023319,10.920841,2.0330245,0.08762028,0.069544226,1.2752352,1.1974958,0.05393891,0.034995783,0.6890714,0.46693748,0.012094728,0.077964365,0.36988723,0.069548704,0.016210677,0.29023942,0.17430876,0.014716395,0.14548457,0.10689555,0.017369175,0.17056066,0.097222306,0.051498797,0.24021561,0.087423876,1.039837,1.2459604,1.2963212,1.8957055,0.15463175,0.31029403,0.08925438,0.19384307,0.082662135,0.15074028,0.086856104,0.0941829,0.011266702,7.39E-06,2.73E-06,2.06E-06,1.64E-06,1.35E-06,1.14E-06,9.83E-07,8.57E-07,7.57E-07,6.75E-07,6.06E-07,5.49E-07,5.00E-07,4.59E-07,4.23E-07,3.92E-07,3.65E-07,3.42E-07,3.22E-07,3.04E-07,2.89E-07,2.76E-07,2.65E-07,2.55E-07,2.47E-07,2.41E-07,2.35E-07,2.32E-07,2.30E-07,0.001573026,0.003407484,0.006771407,0.017442897,0.06283009,0.110591285,24.257172,20.024204,0.11734203,0.037407756,0.036076486,0.028922087,0.07621322,18.39901,32.676453,1.6435596,0.046896074,0.02311873,0.02115716,0.021411648,1.4400973,5.3660045,5.4668984,0.032978423,0.015172405,0.022453967,0.03409414,0.91634774,28.67323,54.70216,5.9485083,0.114366055,0.2029818,0.15203011,0.17749955,79.6659,99.664536,72.28644,0.8615829,0.18873756,0.27550682,0.18661402,28.995897,69.05555,61.527054,4.2970667,0.20926055,0.41760924,1.6436039,26.990402,54.50882,9.681108,0.21730742,0.26933855,8.255473,33.930805,23.33585,1.3583773,0.10148275,2.5463958,4.9158463,2.5600424,0.07452368,0.06418095,0.79630935,1.444235,0.18292794,0.047421828,0.42943373,0.48977038,0.035717063,0.08512647,0.26331195,0.13998687,0.022542343,0.18871541,0.21818009,0.024914352,0.09961483,0.13938434,0.028201228,0.13860305,0.15997303,0.055795245,0.24615064,0.20442384,0.8589707,1.7655019,1.1350887,0.9165716,0.17501648,0.18288165,0.10689117,0.11377345,0.09346211,0.09596983,0.09858639,0.06927791,0.013761972,4.95E-05,3.31E-05,2.49E-05,1.99E-05,1.64E-05,1.39E-05,1.19E-05,1.04E-05,9.19E-06,8.18E-06,7.35E-06,6.66E-06,6.06E-06,5.56E-06,5.13E-06,4.75E-06,4.43E-06,4.15E-06,3.90E-06,3.69E-06,3.51E-06,3.35E-06,3.21E-06,3.09E-06,3.00E-06,2.92E-06,2.86E-06,2.81E-06,2.78E-06,0.6214405,0.1417625,0.13040857,0.31538415,0.19188736,0.9643444,0.26323473,0.082539484,0.23418316,0.88826656,0.12172512,0.0921108,0.118317194,0.08099027,0.053641293,0.1078662,0.07480657,0.072639905,0.11768752,0.11311315,0.13934639,0.10500637,0.09476071,0.062859885,33.99150497,29.03754852,32.24886366,27.29950779,24.25944138,73.2369599,18.32357957,4.03650272,3.637587197,4.580182293,2.616624457,2.322050565,8.589612227,2.745498605,hyperkinetic dysphonia
voice069.wav,8.199556,0.14528485,0.048552852,0.012728459,-257.2038,174.12094,-91.28074,34.471104,-19.406647,-29.964071,43.4744,-24.68876,-9.783377,27.117785,-18.842728,-13.036544,-7.9414163,53.13979,24.159193,16.159426,8.321329,4.671618,5.308429,7.833585,4.470113,3.09867,5.2159414,4.0095315,3.2212214,2.7632496,0.014152122,0.026107125,0.028066238,0.04985437,0.15957373,14.71504,238.29626,24.053762,0.09759437,0.06433421,0.038491774,0.018261898,2.942577,44.802486,7.3778324,0.008747163,0.005986429,0.009722559,0.009130861,1.9430966,27.181555,8.052188,0.029587464,0.017139323,0.024178525,0.029436918,14.369195,123.62613,40.040005,0.19424818,0.025032673,0.023017963,0.05166609,9.537652,76.66677,38.266033,0.49174634,0.034270335,0.023945928,0.02672398,2.4320738,14.669378,8.454611,0.21480964,0.010466289,0.009490942,0.11643504,2.2426872,3.6930444,0.38542488,0.013577258,0.027435696,1.664747,7.6538363,3.6382184,0.06164017,0.010419521,0.1685476,0.67030305,0.21885549,0.003114643,0.01454457,0.14289357,0.14311264,0.011955457,0.015583745,0.10757974,0.09417024,0.00674668,0.016561568,0.04814477,0.013615853,0.003967279,0.036459915,0.027882937,0.005260522,0.061223805,0.05919444,0.031091606,0.19857424,0.15849811,0.2453327,0.9655809,0.50709075,1.0989412,0.5779744,0.11302472,0.14749013,0.04625751,0.076523565,0.037141178,0.028535184,0.006582047,0.001319728,0.000427886,0.000512676,0.000554226,0.000252685,2.21E-05,2.37E-06,1.55E-06,1.19E-06,9.57E-07,7.93E-07,6.73E-07,5.80E-07,5.06E-07,4.47E-07,3.98E-07,3.58E-07,3.24E-07,2.95E-07,2.70E-07,2.49E-07,2.30E-07,2.14E-07,2.01E-07,1.88E-07,1.78E-07,1.69E-07,1.61E-07,1.55E-07,1.49E-07,1.44E-07,1.40E-07,1.37E-07,1.35E-07,1.34E-07,0.1338586,0.21731897,0.21431747,0.4069702,0.7002761,8.936326,62.744328,14.512197,0.42926568,0.24188389,0.09841475,0.089326516,2.7643478,13.532366,6.588098,0.040719423,0.02862003,0.055143125,0.0509377,2.4172108,10.816628,9.419661,0.14366291,0.08752568,0.14322643,0.12244914,19.239447,46.58532,42.346813,0.66660947,0.022847086,0.053835116,0.20816754,13.848321,35.516922,42.076527,1.6590663,0.19287544,0.11051473,0.107887186,3.4817805,7.7942243,9.724595,0.6470424,0.014327873,0.014858166,0.26735342,2.0093267,3.6359322,0.969797,0.028170526,0.035511155,2.932365,4.7491055,4.420607,0.2436056,0.006219495,0.24481636,0.41377762,0.30535412,0.006587871,0.025721814,0.09286895,0.15488432,0.03529427,0.025621835,0.0745962,0.11830158,0.022172472,0.023380922,0.030843467,0.022983734,0.005843421,0.018294366,0.030376839,0.008107164,0.035423733,0.060034584,0.043851018,0.09953417,0.21036625,0.25620115,0.59868747,0.7059034,0.8885134,0.47248578,0.12228054,0.0984078,0.05122057,0.047531195,0.0406749,0.03017933,0.010586059,0.001448993,0.00038357,0.000392179,0.000336665,0.000173642,6.24E-05,2.84E-05,1.88E-05,1.44E-05,1.16E-05,9.62E-06,8.17E-06,7.04E-06,6.14E-06,5.43E-06,4.83E-06,4.34E-06,3.92E-06,3.57E-06,3.27E-06,3.01E-06,2.79E-06,2.60E-06,2.43E-06,2.29E-06,2.16E-06,2.05E-06,1.96E-06,1.87E-06,1.81E-06,1.75E-06,1.70E-06,1.66E-06,1.64E-06,1.62E-06,0.04942984,0.014126854,0.032189615,0.23407008,0.98657715,0.2899158,0.02111769,0.09320861,0.36361724,0.057894368,0.03112149,0.17373423,0.056474987,0.044877093,0.04683492,0.13735072,0.1150765,0.15122725,0.03344503,0.05630223,0.118874505,0.08491349,0.050808158,0.0500217,33.98049833,27.83611049,31.17015989,30.08710585,25.87572239,68.36104576,20.02551041,4.923977431,4.950313542,4.807095672,3.412396732,2.606456168,8.910144425,2.793598972,reflux laryngitis
voice070.wav,11.080378,0.29252136,0.129684861,0.017482448,-209.8447,110.78584,-131.21754,10.777151,-12.5043125,-13.936304,33.00994,-22.749834,-2.5603437,-1.6218919,-27.434248,8.033555,-1.4951547,41.881226,15.992257,19.775806,8.372928,4.6307554,4.8152723,5.5644855,5.0441422,2.887766,3.1536644,5.0802803,2.883176,2.7524805,0.000770588,0.001081501,0.001882437,0.002076271,0.02094771,0.020108407,0.040513806,0.04819161,0.03023521,0.06777145,26.127195,13.755095,0.018663064,0.004133591,0.005245525,0.00557672,0.005369518,0.004398068,0.004990295,0.009515547,0.07873738,51.823757,102.19135,3.1118505,0.02861019,0.014487576,0.012298169,0.01078833,0.012658854,0.011136902,0.018841628,0.14267655,34.742825,265.303,76.03224,0.74641347,0.07769056,0.045832377,0.07457058,0.07311122,0.10953705,0.1312829,0.8279063,110.92059,1124.7285,686.98395,24.822077,0.47891778,0.13270573,0.11505445,0.08360883,0.07334344,1.1675278,36.311317,32.09197,1.8960348,0.07250478,0.0720733,0.087937094,0.10741337,3.9892159,22.271221,8.925885,0.15070681,0.050612215,0.06254999,0.7507026,11.72943,11.181564,0.49595118,0.021408169,0.019224312,0.7220385,3.9485254,1.021989,0.014761427,0.010116518,0.3284526,1.2873391,0.34273723,0.008511955,0.162118,2.5967216,1.9068999,0.088176966,0.628003,4.880706,1.2226104,0.020182386,0.10917141,0.25960788,0.0441858,0.020792894,0.1374457,0.062244363,0.012244404,0.08156851,0.030303832,0.000264925,2.14E-06,5.34E-07,4.21E-07,3.48E-07,2.94E-07,2.54E-07,2.22E-07,1.97E-07,1.76E-07,1.59E-07,1.44E-07,1.32E-07,1.21E-07,1.12E-07,1.04E-07,9.74E-08,9.15E-08,8.63E-08,8.17E-08,7.77E-08,7.43E-08,7.12E-08,6.87E-08,6.64E-08,6.46E-08,6.31E-08,6.19E-08,6.10E-08,6.05E-08,0.001436556,0.001322844,0.001975496,0.002655558,0.023035826,0.017368522,0.033871837,0.042827547,0.04218133,0.08054156,13.574731,6.3178453,0.06852281,0.020864572,0.016757347,0.015837831,0.01388415,0.011656969,0.014842197,0.0257813,0.15010527,37.001945,45.939884,4.471097,0.16752,0.100990765,0.07661129,0.06251851,0.07181778,0.0762932,0.09921121,0.3670237,39.968998,102.990234,74.14041,1.6725367,0.15669045,0.0524711,0.07733873,0.08004369,0.11444865,0.17252986,2.66192,218.64708,469.29825,632.9432,66.42884,1.1611927,0.31004047,0.17683479,0.12651207,0.13199393,2.9282937,27.494093,16.703701,4.784826,0.09786418,0.052386224,0.06862928,0.21072295,5.6810503,7.8138494,10.516425,0.42839587,0.03152847,0.0470939,2.111822,8.063756,9.034299,1.3666357,0.020016517,0.024188854,0.8536334,1.8453571,1.3929073,0.030352054,0.018653153,0.34056666,0.67213774,0.61531126,0.009415909,0.32971647,1.3138864,2.1118908,0.26212692,1.2593948,3.513887,1.0009985,0.031087479,0.11564122,0.1325577,0.06929138,0.03405432,0.061825816,0.075735025,0.019795226,0.0395722,0.026069535,0.000780867,1.03E-05,6.29E-06,4.96E-06,4.10E-06,3.47E-06,3.00E-06,2.62E-06,2.32E-06,2.08E-06,1.87E-06,1.70E-06,1.55E-06,1.43E-06,1.32E-06,1.23E-06,1.15E-06,1.08E-06,1.02E-06,9.63E-07,9.16E-07,8.75E-07,8.39E-07,8.09E-07,7.83E-07,7.61E-07,7.43E-07,7.29E-07,7.19E-07,7.13E-07,0.9946062,0.19782306,0.009296348,0.018426884,0.050704308,0.01601575,0.03887989,0.19499424,0.048695244,0.02374987,0.029938666,0.1767206,0.046084743,0.13595225,0.041483477,0.03599841,0.038096998,0.045910083,0.04659786,0.060941122,0.07960096,0.115339436,0.10105336,0.112283975,18.11695482,28.86616483,32.66548929,31.82717239,27.40403187,71.01198502,18.11577071,3.423157053,4.715465559,4.472249662,3.736262227,2.475498501,8.098911037,2.755582739,healthy 
voice071.wav,13.285489,0.05747215,0.073874659,0.04617516,-297.1702,186.68904,-112.31299,38.17587,-2.8169653,-16.21644,23.223034,-32.518593,9.010404,4.0232916,-29.009779,7.832753,-7.3681655,57.532684,24.181585,21.378698,7.5174456,4.529859,5.397272,5.7511473,6.6985817,4.246948,3.6181757,5.421567,3.0142794,4.228726,0.002949222,0.005161606,0.007825232,0.009740612,0.07380808,1.2145258,28.644037,7.5104613,0.05133019,0.059458155,0.04216402,0.01749073,0.47244507,7.4403224,5.162304,0.09326224,0.005662886,0.007677711,0.010676784,1.0713462,9.894931,7.8840504,1.455215,0.014594722,0.012900991,0.019741291,0.7343294,5.9684725,6.8361106,1.5303307,0.06720971,0.005609392,0.012293899,0.28184873,1.3127638,1.9882476,1.6196656,0.50289863,0.034126505,0.050757468,0.5842656,2.812824,4.421146,3.9672868,1.7346859,0.079493806,0.06125583,0.37535268,0.66645104,0.9225179,0.2765995,0.04215023,0.12543274,0.40465027,0.8733445,1.0027059,0.48038802,0.3018026,0.5131947,0.9337044,1.484682,0.5520394,0.36421305,0.6075864,0.8829775,0.24189317,0.07195633,0.07319792,0.06983411,0.03933049,0.036789272,0.041679453,0.02776948,0.028883338,0.040766384,0.028434334,0.027016109,0.022087421,0.019650623,0.031790566,0.015747562,0.010029929,0.005452384,0.00763463,0.014242992,0.026417278,0.04824553,0.025907079,0.016844701,0.010521924,0.00672812,0.005973172,0.004135279,0.004421585,0.003985792,0.002865214,0.002266393,0.001080022,7.29E-05,3.35E-07,2.31E-08,1.86E-08,1.55E-08,1.33E-08,1.16E-08,1.02E-08,9.08E-09,8.17E-09,7.39E-09,6.74E-09,6.18E-09,5.69E-09,5.28E-09,4.91E-09,4.59E-09,4.31E-09,4.07E-09,3.85E-09,3.67E-09,3.50E-09,3.36E-09,3.24E-09,3.13E-09,3.04E-09,2.97E-09,2.91E-09,2.87E-09,2.85E-09,0.010070394,0.01985678,0.017483367,0.042339735,0.09469998,1.102768,12.689073,9.6653385,0.059043005,0.05177047,0.035751738,0.019762328,0.72103417,4.663484,7.119354,0.27924785,0.006183886,0.02532536,0.032458413,1.5617526,6.354391,9.810707,4.399761,0.025604371,0.017480733,0.046095707,1.0311755,4.040047,9.771449,3.118776,0.22082663,0.006899558,0.034651626,0.45096734,1.0405253,3.8122177,3.7929437,1.9372907,0.08737224,0.17817646,0.86871165,2.4773903,6.6893435,7.925511,5.77261,0.2769054,0.107535124,0.47160754,1.0248979,1.9066397,0.69448864,0.13108255,0.2079654,0.41393468,1.619936,2.0769215,1.5064731,0.4036199,0.4064466,2.064256,3.5646892,1.4284315,0.32385203,1.2705231,2.2475724,0.61962634,0.0780163,0.1037427,0.13364531,0.08856417,0.03516247,0.06379914,0.05547144,0.037879683,0.065862425,0.05416241,0.052128192,0.030646747,0.03657948,0.057081297,0.019244598,0.011109985,0.004215144,0.015522624,0.026035845,0.04429685,0.08337946,0.022637263,0.019138472,0.008691579,0.005716996,0.0051086,0.003267285,0.002897704,0.003222361,0.002109028,0.001702363,0.000766716,5.97E-05,5.98E-07,2.81E-07,2.26E-07,1.89E-07,1.61E-07,1.40E-07,1.24E-07,1.10E-07,9.91E-08,8.97E-08,8.17E-08,7.49E-08,6.91E-08,6.40E-08,5.96E-08,5.57E-08,5.23E-08,4.94E-08,4.67E-08,4.45E-08,4.25E-08,4.07E-08,3.93E-08,3.80E-08,3.69E-08,3.60E-08,3.53E-08,3.49E-08,3.45E-08,0.34275323,0.073684014,0.07377332,0.24284278,0.8621609,0.489514,0.13944182,0.13322899,0.18482095,0.100285545,0.14312416,0.64232844,0.308718,0.121276826,0.08357491,0.19181146,0.26707378,0.33189496,0.117026396,0.13650955,0.12310537,0.14465441,0.12600659,0.24936356,29.15640292,23.69062195,27.29584618,23.63602513,22.44603631,71.07908348,19.36200746,3.945593366,4.024420546,3.684032363,2.706055403,2.083055715,8.452820763,2.762319006,reflux laryngitis
voice072.wav,15.679262,0.23049185,0.117380846,0.020095425,-187.41862,157.82465,-135.05745,18.100992,-47.603848,-21.13769,35.393536,-40.91004,4.590078,10.456961,-1.8342154,5.4833035,-39.122856,53.919968,22.072601,20.022585,7.697494,7.613932,4.2930894,5.996828,7.2584133,3.0395527,4.374167,3.323373,2.7522645,6.91596,0.001986771,0.003257,0.004826379,0.008707327,0.0867814,22.309683,8.599031,0.0320498,0.014942949,0.009702457,0.013616328,14.035209,17.543962,0.097270295,0.016399005,0.011349926,0.015203137,9.829435,32.584034,1.549214,0.043978803,0.08516789,0.106466904,15.970838,214.70662,60.58902,0.3103414,0.2222078,0.19040269,10.814322,265.28036,200.6974,3.8094535,0.41416594,0.19450001,2.2602122,63.498158,104.99279,8.933033,0.17529891,0.19000493,0.39260635,18.219046,75.029884,14.8460655,0.16144024,0.13291465,3.859424,79.49058,99.18872,3.0327883,0.2753112,10.196126,147.30305,110.50414,1.2928393,0.28034166,3.6590114,4.8596582,0.2620106,0.022151476,0.6467332,1.1720009,0.062127825,0.05953034,0.6026465,0.33482286,0.011198979,0.15337005,0.28904518,0.026805414,0.17186233,0.39185706,0.030334638,0.20300603,0.3266955,0.07086636,1.0454923,0.6759273,1.47007,5.0577264,0.9026699,1.612346,0.3455901,0.2218057,0.14067343,0.07480969,0.056756973,0.04116832,0.06175543,0.052134138,0.048581604,0.1855289,0.5437109,2.2506125,1.2857196,1.5488473,0.31647593,0.039844397,2.64E-05,2.23E-06,1.39E-06,9.39E-07,6.68E-07,4.95E-07,3.77E-07,2.94E-07,2.35E-07,1.90E-07,1.56E-07,1.30E-07,1.10E-07,9.35E-08,8.04E-08,6.99E-08,6.13E-08,5.43E-08,4.84E-08,4.36E-08,3.96E-08,3.63E-08,3.36E-08,3.13E-08,2.95E-08,2.80E-08,2.69E-08,2.61E-08,2.57E-08,0.015723726,0.023208365,0.025601199,0.038684845,0.15641095,9.875736,3.7926693,0.04542697,0.01629745,0.011133047,0.03853046,6.140045,6.8670473,0.2747401,0.11616239,0.07353159,0.08919086,8.992553,11.52981,1.8514742,0.35780278,0.80017954,0.8172047,20.71449,70.70314,47.492474,0.85405916,0.3099727,0.5306833,22.819813,132.54924,120.882675,6.947374,0.5161027,0.38071042,7.6866574,58.57235,48.815327,13.3033695,1.0854766,1.2966255,1.4363843,19.793135,35.522587,16.450626,0.47806442,0.58482075,8.785725,39.847466,78.73791,6.9288,0.2074574,19.519407,87.39211,97.793915,2.966179,0.6098895,4.325948,3.0343897,0.46666053,0.036964517,0.5130402,0.7088524,0.10080837,0.11670292,0.34997174,0.27439612,0.018342424,0.1243614,0.2901968,0.058437847,0.12204472,0.27116075,0.039537705,0.13227534,0.27691695,0.08585977,0.7255771,0.6827237,1.2107943,4.0169873,0.97835726,1.3029221,0.3880201,0.1641739,0.116148055,0.06626186,0.037039872,0.02864671,0.05512218,0.039541304,0.043045137,0.22184885,0.48487875,1.3886905,0.62613475,1.0855286,0.21838725,0.029855875,6.96E-05,2.70E-05,1.69E-05,1.14E-05,8.10E-06,6.01E-06,4.58E-06,3.57E-06,2.85E-06,2.31E-06,1.90E-06,1.58E-06,1.33E-06,1.13E-06,9.76E-07,8.48E-07,7.44E-07,6.58E-07,5.88E-07,5.29E-07,4.81E-07,4.40E-07,4.07E-07,3.80E-07,3.57E-07,3.40E-07,3.27E-07,3.17E-07,3.11E-07,0.18555082,0.19820166,0.9410054,0.28922704,0.63510466,0.4084319,0.8439442,0.09368888,0.09968029,0.42774457,0.089550875,0.106905825,0.05595629,0.1199978,0.13896766,0.06787109,0.22013982,0.18831189,0.17067611,0.069728255,0.11226753,0.16040777,0.084488004,0.07538704,32.47456584,27.78636251,31.73961161,28.80435561,25.62500504,76.42722394,19.0076904,4.649952169,4.314455787,4.789559576,3.913336206,2.71315155,8.817900731,2.684912354,hyperkinetic dysphonia
voice073.wav,12.614014,0.07215666,0.089860135,0.014561492,-268.83667,175.49876,-133.1336,34.081726,-10.351827,-2.5713782,45.49306,-33.862312,8.414303,6.976023,-35.50672,-1.2202773,-15.356128,58.49449,22.935472,20.268585,8.702476,4.082025,3.284024,9.068557,5.448145,5.2508855,3.0601292,6.3643346,2.875628,3.5080097,0.003193849,0.005833455,0.011566223,0.014191149,0.06959941,0.08935031,8.862466,52.074997,1.9147749,0.05952016,0.034990247,0.02022909,0.014513958,0.008702629,2.171957,6.4278917,0.20942232,0.006392854,0.006885404,0.006583101,0.007355451,0.00593533,1.0239692,1.941406,0.07930623,0.005049164,0.005484948,0.007629645,0.012292181,0.055556983,6.127372,9.79586,0.49250835,0.061997663,0.06410576,0.115926474,0.10017143,0.98674893,18.229332,14.494718,0.7804923,0.081520274,0.093405634,0.110402256,0.14918298,5.5805807,12.192919,1.7369571,0.09836005,0.13843456,0.08995939,0.5382847,4.926376,4.358146,0.2946663,0.10211529,0.10912523,1.8035997,4.1531925,0.6495727,0.0708385,0.062824406,0.4414839,1.146766,0.1711409,0.02655987,0.06634745,0.34376645,0.09917208,0.008566284,0.023041254,0.10368732,0.045295037,0.004917747,0.032494187,0.03902948,0.005420809,0.012438825,0.06313426,0.031965543,0.012152062,0.07204556,0.037266705,0.063645564,0.29121137,0.15408348,0.24783394,0.18352494,0.0274038,0.03776915,0.017009761,0.01496992,0.016027067,0.009072972,0.015550877,0.008908281,0.01765743,0.005198434,0.000583375,5.52E-07,7.94E-08,5.85E-08,4.59E-08,3.75E-08,3.16E-08,2.71E-08,2.35E-08,2.08E-08,1.85E-08,1.66E-08,1.51E-08,1.37E-08,1.26E-08,1.16E-08,1.08E-08,1.01E-08,9.47E-09,8.92E-09,8.45E-09,8.04E-09,7.69E-09,7.38E-09,7.13E-09,6.91E-09,6.74E-09,6.60E-09,6.50E-09,6.44E-09,0.012341226,0.02876783,0.02645804,0.044814177,0.09418621,0.16498052,3.5614152,14.53214,1.4600043,0.12311526,0.056258958,0.0470461,0.019347206,0.0316754,1.217659,1.9326743,0.24363612,0.01314923,0.010081868,0.010312178,0.016116992,0.009525481,0.62083197,0.99531406,0.12011359,0.011107061,0.013557123,0.012068823,0.0185481,0.10875835,3.020766,6.7152343,0.8625433,0.09138096,0.073568664,0.12480115,0.103332475,1.7835432,11.374463,9.635098,1.7119852,0.11647626,0.1780286,0.12837133,0.20562193,7.2660856,7.4170127,1.8563434,0.10356532,0.13768312,0.09891964,1.0358515,2.7345562,4.771117,0.7087697,0.13176818,0.1267737,2.1403482,2.5337083,0.7887226,0.06470347,0.05903589,0.5169296,1.1037273,0.2201537,0.026355159,0.07946121,0.25098187,0.08901298,0.005303675,0.033015728,0.049446844,0.04967072,0.004463389,0.028916398,0.019315546,0.005794787,0.012823731,0.03472733,0.040204216,0.011432109,0.04498914,0.03863868,0.06439834,0.1753171,0.17024021,0.2665473,0.12710862,0.02274293,0.02344581,0.015684847,0.011480128,0.011952189,0.005655547,0.008187566,0.006058349,0.009739614,0.003623709,0.000714484,1.66E-06,9.63E-07,7.09E-07,5.57E-07,4.55E-07,3.83E-07,3.28E-07,2.86E-07,2.52E-07,2.24E-07,2.02E-07,1.83E-07,1.67E-07,1.53E-07,1.41E-07,1.31E-07,1.22E-07,1.15E-07,1.08E-07,1.03E-07,9.76E-08,9.32E-08,8.96E-08,8.64E-08,8.38E-08,8.17E-08,8.00E-08,7.88E-08,7.81E-08,0.076252095,0.40534228,0.09003042,0.090947285,0.21568531,0.25591153,0.9842551,0.33266792,0.06722459,0.15134555,0.5577572,0.086850576,0.071887985,0.21674652,0.049380932,0.06810955,0.10714177,0.09616897,0.115913354,0.15070306,0.077187,0.08853812,0.13601914,0.059493884,30.31839533,23.07013638,26.71815246,23.0324584,21.52147238,72.34675965,17.57202705,4.371540542,3.869275761,3.905057546,2.853281278,2.249369528,8.640165682,2.481281243,reflux laryngitis
voice074.wav,9.12489,0.17487668,0.077875944,0.013042792,-205.52934,185.13457,-104.77933,-3.3559744,-25.604359,-13.426557,6.0254626,-31.329992,16.292658,-3.9495747,-18.200573,5.238402,-25.421965,57.58955,27.51723,19.773067,6.0085435,8.109258,6.0102687,4.7539234,7.337203,4.9383335,3.9172218,4.3687983,3.4646757,5.11861,0.006117626,0.008367596,0.012264495,0.017910752,0.13505714,57.737247,62.919765,0.3085014,0.026510868,0.033253614,0.06919809,8.811905,66.070656,11.911729,0.039386205,0.02720995,0.045409657,1.5529904,29.429218,39.665863,4.144224,0.0932603,0.08528221,2.170376,26.202017,98.8868,46.13044,6.5361557,0.5007127,4.517434,18.361671,94.33992,200.42937,53.85334,5.22209,1.195909,4.4453807,13.651591,31.87755,23.860807,5.95099,1.4401964,0.76484215,5.2411427,17.97587,15.911222,6.2572427,1.7981665,2.015736,12.274548,17.412651,7.183847,1.3729295,0.7813568,3.7641594,4.8069005,3.0133262,1.8432988,1.9223571,3.347346,3.0381186,0.9754091,0.6359565,0.6753804,0.5864098,0.2572372,0.3126001,0.578235,0.41359937,0.19448069,0.2441649,0.23675762,0.0998505,0.08590542,0.05430733,0.01868378,0.012859756,0.010125583,0.009666622,0.014733488,0.013921116,0.04579717,0.04798064,0.05999395,0.072608404,0.059395183,0.022690553,0.008783644,0.003167209,0.001704923,0.001574739,0.002391446,0.009120924,0.020649904,0.095596455,0.17613897,0.30865085,0.13338876,0.010158377,1.04E-05,4.02E-07,2.61E-07,1.85E-07,1.38E-07,1.07E-07,8.53E-08,6.93E-08,5.74E-08,4.82E-08,4.10E-08,3.52E-08,3.05E-08,2.68E-08,2.36E-08,2.10E-08,1.88E-08,1.70E-08,1.54E-08,1.41E-08,1.30E-08,1.21E-08,1.13E-08,1.07E-08,1.01E-08,9.70E-09,9.37E-09,9.13E-09,8.99E-09,0.061637748,0.07095956,0.08422257,0.11435609,0.43317115,22.149757,25.271553,0.623983,0.019843504,0.03310566,0.13606964,10.537097,30.357172,12.021976,0.097170584,0.025523005,0.050514605,4.4904633,19.557695,25.95331,12.767289,0.16465995,0.14850391,9.748356,37.552395,57.80328,56.460377,30.987066,0.545263,23.294708,46.17988,67.83096,177.33212,100.9474,27.324247,5.599074,13.797712,19.442564,22.248743,27.366934,20.109783,7.6712494,2.4070215,9.792645,18.876873,16.488632,12.287314,6.506427,5.0825214,16.792364,13.394977,8.67364,3.9665923,1.7357973,5.4945164,4.086912,5.1603928,6.281411,3.0236413,3.2723637,4.3086433,2.5848815,1.7760376,0.65194696,0.81546414,0.6515967,0.46856907,0.66318786,0.7048434,0.41181213,0.2557223,0.32565343,0.20272629,0.10681825,0.076545544,0.040856045,0.023998678,0.013582599,0.03087375,0.026699845,0.030695077,0.15767616,0.057907853,0.090784006,0.08332783,0.0842184,0.023490496,0.012518936,0.003359224,0.001981503,0.001474591,0.002376837,0.020343794,0.026307622,0.15789987,0.16064657,0.31027955,0.09584867,0.016213136,1.92E-05,4.87E-06,3.17E-06,2.24E-06,1.67E-06,1.30E-06,1.03E-06,8.40E-07,6.96E-07,5.84E-07,4.97E-07,4.27E-07,3.71E-07,3.24E-07,2.86E-07,2.55E-07,2.28E-07,2.06E-07,1.87E-07,1.71E-07,1.58E-07,1.47E-07,1.37E-07,1.29E-07,1.23E-07,1.18E-07,1.14E-07,1.11E-07,1.09E-07,0.13283452,0.17906788,0.7037579,0.3731563,0.08126772,0.2047998,0.7883055,0.35661095,0.0840466,0.31784955,0.18184674,0.06328067,0.089147836,0.17717251,0.30565566,0.20825475,0.08940655,0.24583678,0.24317703,0.32513258,0.108194105,0.13290127,0.1395707,0.09149357,33.09441716,26.31078544,27.38607024,23.19204719,23.90928876,73.3053211,17.92604521,4.509154041,4.12704286,4.606439429,2.935404359,2.601389762,8.404481022,2.545939835,reflux laryngitis
voice075.wav,12.611564,0.10805529,0.111531302,0.018524229,-239.22931,150.53885,-130.38528,19.987953,-7.8587866,6.688504,43.60412,-32.60486,3.7025244,0.7649436,-30.15374,4.408594,-15.518817,52.96995,20.482216,22.208117,9.639341,6.031787,6.6593432,7.2275333,6.036639,3.5685635,3.888301,5.212438,3.5808952,3.9313097,0.004371977,0.006020791,0.008692733,0.009537858,0.05238761,0.07717262,14.230601,33.159107,1.0770158,0.0525095,0.035336304,0.013054471,0.009733804,0.16089685,6.55849,3.9766505,0.17198502,0.003347841,0.002593295,0.002426155,0.004481523,0.43561575,2.529031,0.66308695,0.11615395,0.004592709,0.003351523,0.005946509,0.13734365,4.3740377,10.035712,1.4347451,0.62282634,0.0377831,0.020870447,0.14222737,4.6052046,26.181873,18.125671,2.6663032,1.7741517,0.1939412,0.1858348,6.857845,54.764538,89.58114,15.239451,6.7736235,1.3974935,0.76304716,3.8316643,11.919773,5.928951,0.9692218,0.48547825,0.9872794,7.641536,14.916919,1.3931999,0.40809438,0.6902897,3.6429238,4.7252154,0.25695705,0.15829435,0.17994244,0.5390965,0.13674079,0.038713466,0.113338545,0.30748355,0.06249404,0.025790447,0.11856303,0.14472479,0.017479485,0.079397805,0.17513095,0.026019849,0.04825704,0.12873282,0.02569597,0.060649462,0.11496333,0.043372992,0.23919614,0.21575817,0.19185716,0.28762063,0.06776676,0.077213906,0.02794388,0.032556955,0.025772125,0.031906027,0.030017184,0.032141693,0.019743944,0.000918956,2.70E-06,6.23E-08,4.30E-08,3.28E-08,2.65E-08,2.23E-08,1.93E-08,1.70E-08,1.52E-08,1.37E-08,1.25E-08,1.15E-08,1.06E-08,9.91E-09,9.27E-09,8.72E-09,8.24E-09,7.83E-09,7.46E-09,7.13E-09,6.85E-09,6.60E-09,6.39E-09,6.21E-09,6.06E-09,5.93E-09,5.83E-09,5.76E-09,5.72E-09,0.030469941,0.03680425,0.03365266,0.045285486,0.078088954,0.16002302,6.9647555,12.42195,2.0947988,0.08611345,0.050240666,0.014352758,0.014640451,0.42176005,3.5821435,2.1721249,0.47027227,0.006385709,0.00359257,0.003575328,0.007009098,0.5353938,1.9543277,0.72576946,0.403501,0.005365253,0.005042434,0.005002285,0.44245175,3.0410852,10.500769,2.0321817,2.302605,0.071679704,0.015901137,0.5588809,10.159909,17.075176,18.51727,5.756498,5.954092,0.55545115,0.21572399,21.283743,62.63131,84.79337,20.06268,16.078016,4.731058,2.70696,8.977738,9.129264,7.2048416,1.8272554,1.2566646,3.2625902,7.7591143,17.198067,2.0725403,0.7027727,1.7883853,3.5378985,6.4422035,0.3366497,0.3128262,0.22443992,0.5103639,0.18921074,0.054976378,0.12795,0.3363127,0.08572833,0.039758947,0.10432605,0.16981924,0.025098376,0.09401059,0.19685169,0.031997092,0.05463681,0.14790878,0.03176436,0.082577236,0.1320173,0.05116098,0.25284466,0.27105078,0.2995029,0.31976822,0.077519156,0.085012786,0.021710195,0.04353192,0.019905364,0.042403635,0.021008732,0.03949575,0.016288677,0.001146621,5.51E-06,7.55E-07,5.22E-07,3.98E-07,3.22E-07,2.71E-07,2.34E-07,2.06E-07,1.84E-07,1.66E-07,1.52E-07,1.39E-07,1.29E-07,1.20E-07,1.12E-07,1.06E-07,1.00E-07,9.49E-08,9.04E-08,8.65E-08,8.31E-08,8.01E-08,7.75E-08,7.53E-08,7.34E-08,7.20E-08,7.08E-08,6.99E-08,6.94E-08,0.23445068,0.89171654,0.3175922,0.112664215,0.1443396,0.13703065,0.41022468,0.20957299,0.09592655,0.12205386,0.29134402,0.09975993,0.22742756,0.23946376,0.33455163,0.11782432,0.09358693,0.09552429,0.14672484,0.22404313,0.098997556,0.123285055,0.16081789,0.15944417,30.64290008,23.69762319,27.07476524,26.03595998,23.35465002,72.2445173,17.53968511,4.383976932,3.818895256,3.560056831,3.07399671,2.729389327,8.642954591,2.498150841,hypokinetic dysphonia
voice076.wav,19.12226,0.22651647,0.117049864,0.017239148,-188.0702,162.9208,-153.35953,25.823235,-26.987034,-26.083721,42.85203,-30.492088,0.54424465,10.197598,-12.477011,11.358983,-25.695307,57.673664,22.0927,21.56993,8.041872,4.3226676,4.0363793,6.864634,5.0803494,3.2569568,2.2660704,4.096398,3.3346782,3.9701002,0.002990883,0.003615289,0.006689095,0.011736612,4.1322503,20.904728,0.5535348,0.04820733,0.013355059,0.012558769,3.7409635,7.9317613,0.11035119,0.004573775,0.004175921,0.042654023,13.28327,16.531517,0.18240325,0.010155894,0.014520288,0.4549623,45.43948,38.931606,0.36615855,0.064196244,0.09876681,13.702854,249.26201,109.43421,0.7054684,0.044843733,0.10535395,15.680374,162.77647,53.67004,0.40077344,0.096581526,1.2428569,39.56847,173.66249,34.350227,0.25194898,0.045499384,2.8626947,92.14679,110.508575,4.9705777,0.16130017,8.69417,130.10216,94.94817,2.7290215,1.0113865,28.87382,68.174904,3.9573417,0.27853048,3.8757193,8.590621,0.7707324,0.14456266,2.4808567,1.5268147,0.05002954,1.21965,2.2905185,0.09103569,0.54212135,1.3648039,0.11830754,0.7762338,1.1951753,0.12400764,2.946947,1.5983573,1.3172506,3.2057192,0.39321873,0.51360506,0.33075327,1.8208977,1.0055202,0.27727923,0.23384109,0.24562006,0.25420937,0.11413377,0.13597548,0.30150807,0.27351442,0.74322385,0.32224482,0.27174512,0.07390354,0.038074538,0.0143952,0.008232483,0.002678262,3.55E-06,6.08E-08,3.96E-08,2.89E-08,2.23E-08,1.80E-08,1.48E-08,1.24E-08,1.06E-08,9.13E-09,7.96E-09,7.00E-09,6.22E-09,5.56E-09,5.01E-09,4.54E-09,4.15E-09,3.81E-09,3.52E-09,3.28E-09,3.07E-09,2.89E-09,2.74E-09,2.61E-09,2.50E-09,2.42E-09,2.35E-09,2.30E-09,2.27E-09,0.024300432,0.023301288,0.040114757,0.07217607,1.3411427,6.1779857,0.43164825,0.057137117,0.02013428,0.024303272,2.3773513,2.113788,0.124696635,0.029938325,0.025012098,0.17582056,6.14291,5.74205,0.38281766,0.07301029,0.11930058,1.6021221,11.987804,21.960287,0.8337145,0.5407821,0.6426682,36.31044,87.00196,62.836285,1.8090451,0.17032696,0.404811,23.519358,55.9502,47.621838,1.0818799,0.6251098,6.2289004,47.600197,62.461838,36.25699,0.7407584,0.08996634,9.047155,46.499416,54.671825,12.5398655,0.640879,27.780993,81.151276,60.659687,8.261941,4.793538,25.513659,34.21338,6.8780727,1.2683518,3.758232,4.1037507,1.4857601,0.46069694,1.1516736,0.92544734,0.15533695,0.71398705,1.1970527,0.16461028,0.40656152,0.67453253,0.18967398,0.45971656,0.6807029,0.20298386,1.9863242,1.2333494,1.2998335,1.3437328,0.59343934,0.35810047,0.61155504,1.5602138,0.71415985,0.21862097,0.1130612,0.17922246,0.108888835,0.058291204,0.08574932,0.14447959,0.17512518,0.34355137,0.16146213,0.10334783,0.040471636,0.022481307,0.009493978,0.007798606,0.002605463,6.23E-06,7.37E-07,4.81E-07,3.50E-07,2.71E-07,2.18E-07,1.79E-07,1.50E-07,1.28E-07,1.11E-07,9.65E-08,8.49E-08,7.54E-08,6.75E-08,6.08E-08,5.51E-08,5.03E-08,4.62E-08,4.27E-08,3.97E-08,3.72E-08,3.50E-08,3.32E-08,3.16E-08,3.03E-08,2.93E-08,2.85E-08,2.79E-08,2.76E-08,0.13627873,0.67380095,0.24930552,0.5968301,0.39446026,0.9792164,0.15136057,0.10776219,0.52884734,0.13781685,0.2163844,0.46293375,0.058618803,0.14413671,0.098185085,0.16721664,0.13729961,0.12179458,0.09650788,0.069330044,0.12558307,0.077482745,0.09199098,0.09412411,30.63605257,26.11258026,33.12043409,29.45418493,25.83245315,74.20184005,18.33052449,4.524654685,3.815672148,4.789083685,3.329530212,2.780065581,8.134442291,2.568425395,hyperkinetic dysphonia
voice077.wav,8.119034,0.03773645,0.072698196,0.015115671,-311.00674,199.7653,-111.88997,27.833178,-12.583546,-9.199157,42.32682,-24.833513,5.3539968,5.459318,-28.383497,1.0381316,-10.986,62.292248,29.37416,17.470907,7.068374,4.767664,5.321486,7.0976257,5.2071996,2.9618855,3.4872189,4.951751,2.4923458,3.0575078,0.005909422,0.00781127,0.014201769,0.02022647,2.3420446,19.077528,1.3713093,0.1374199,0.032353602,0.022599626,0.92843443,4.835823,0.50653493,0.014186424,0.022518517,0.006372399,0.4198912,1.2132884,0.09758477,0.009235718,0.014853709,0.005789522,0.5124445,0.9338215,0.07318322,0.021452524,0.034534268,0.029038468,0.85056114,1.1669581,0.080485545,0.03787916,0.051815215,0.05494585,0.91077644,0.9176267,0.16871561,0.1449448,0.26215312,0.516411,4.7636433,3.2801158,0.39092833,0.18240082,0.09952049,0.24425578,0.45008492,0.1274208,0.077994235,0.06171781,0.0870001,0.21041906,0.10360741,0.07400647,0.058776535,0.0864163,0.08892098,0.06646809,0.117640145,0.16357946,0.118653625,0.08517641,0.04842944,0.02774085,0.013344399,0.010507119,0.011813464,0.007533881,0.005815296,0.006111552,0.005322723,0.005872987,0.006797004,0.007000757,0.006680328,0.00770574,0.006593938,0.007311661,0.00763562,0.009592513,0.007100465,0.00579428,0.004986509,0.005111084,0.007064013,0.01034607,0.01730364,0.016021447,0.009404345,0.005205615,0.003057177,0.002226714,0.002074004,0.001942736,0.001538531,0.001273925,0.001082697,0.00052962,4.85E-05,4.67E-07,2.32E-07,1.79E-07,1.45E-07,1.21E-07,1.03E-07,8.92E-08,7.82E-08,6.95E-08,6.22E-08,5.61E-08,5.09E-08,4.66E-08,4.28E-08,3.96E-08,3.68E-08,3.44E-08,3.23E-08,3.04E-08,2.88E-08,2.74E-08,2.62E-08,2.52E-08,2.43E-08,2.35E-08,2.29E-08,2.25E-08,2.21E-08,2.19E-08,0.045322753,0.048226587,0.08427341,0.12951559,1.2664748,5.883928,1.4697554,0.1154387,0.05216304,0.017046798,0.49303824,2.0538611,1.0113485,0.022985687,0.0982009,0.013351202,0.29156536,0.5153434,0.16522643,0.017153554,0.06529853,0.008260289,0.39143398,0.46089515,0.122483775,0.030731818,0.10738207,0.029362552,0.6794204,0.75876105,0.102837995,0.054436304,0.11521529,0.06599666,0.90370935,0.7894316,0.21802998,0.14655113,0.23475513,0.71095425,4.6389585,2.5928698,0.3939254,0.17361127,0.06842678,0.32853186,0.4322142,0.13709484,0.087437354,0.04643825,0.07539614,0.19607654,0.106109835,0.055246543,0.03916004,0.06819485,0.07502204,0.050216552,0.07504386,0.12307998,0.072946034,0.053147953,0.02993752,0.017335609,0.006569255,0.005594427,0.008193071,0.004296714,0.003068045,0.003899604,0.002666655,0.003431246,0.003783032,0.003511332,0.004042348,0.004137733,0.003349018,0.004341878,0.003942245,0.005051969,0.003748058,0.002988916,0.002437092,0.002650736,0.003607811,0.005513813,0.009041315,0.008832285,0.005622215,0.002784995,0.001675387,0.001022788,0.001026384,0.000964043,0.000742519,0.00059038,0.000510903,0.000294668,3.07E-05,4.23E-06,2.82E-06,2.17E-06,1.76E-06,1.46E-06,1.25E-06,1.08E-06,9.49E-07,8.43E-07,7.54E-07,6.80E-07,6.18E-07,5.65E-07,5.19E-07,4.80E-07,4.46E-07,4.17E-07,3.91E-07,3.69E-07,3.49E-07,3.32E-07,3.18E-07,3.05E-07,2.95E-07,2.85E-07,2.78E-07,2.73E-07,2.69E-07,2.66E-07,0.3250906,0.9037276,0.6334398,0.12285769,0.06958263,0.20628093,0.10010635,0.07871812,0.26552808,0.1515229,0.20994116,0.6546518,0.10316818,0.19559623,0.21949983,0.088853694,0.03181721,0.10036955,0.048336543,0.03519379,0.116215795,0.090447605,0.124608085,0.2968591,28.00537593,22.8009556,21.86378304,19.51262517,15.56319838,69.95079159,16.15766354,4.341094654,3.59691213,3.902398182,2.984690736,1.725900074,9.022950884,2.250603836,hypokinetic dysphonia
voice078.wav,14.179067,0.16378738,0.124642801,0.017985195,-218.08473,164.685,-140.5839,2.8617814,-7.7591248,-0.07899211,40.68328,-32.83089,-0.28356615,12.626036,-29.44836,-1.3545983,-6.309905,53.88841,23.002806,19.92372,6.785614,4.830005,2.9884932,6.1763196,6.4487886,4.2059402,3.4414418,6.3175325,3.2598238,2.3066702,0.001638875,0.003486774,0.005249895,0.009873129,0.063087545,0.25521708,26.589355,7.9836893,0.035776824,0.0386426,0.025563719,0.01471259,0.037829258,11.0399475,9.274879,0.038920194,0.012775556,0.009159493,0.011618131,0.02066342,5.766328,8.289886,0.1995313,0.005920127,0.010122172,0.012354177,0.03192676,5.999985,20.089985,2.0870955,0.05130054,0.072853334,0.070566565,0.12224836,20.351381,109.073586,27.82379,0.32351243,0.123655215,0.19917035,0.27956146,16.982157,178.83315,89.053505,2.6219316,0.7560426,0.9174254,2.2647893,63.798607,96.20218,7.6558733,0.48957324,0.48011062,4.5205135,22.12014,10.302865,0.34083676,0.28226203,7.140449,39.180065,13.283761,0.3962158,0.410784,2.9576313,1.4223315,0.075918,0.052719302,0.27913365,0.20197982,0.026433054,0.12645216,0.3064949,0.062333908,0.010814993,0.054533172,0.036500793,0.010468883,0.092357315,0.09050682,0.0164982,0.07779489,0.04115488,0.042276524,0.21746366,0.10889964,0.72253907,0.7052516,0.2300243,0.19788404,0.03059264,0.051290873,0.020823354,0.03958854,0.024528395,0.013188544,0.00672859,0.00518133,0.001630121,0.000289402,2.83E-06,1.34E-08,1.60E-08,1.72E-08,1.75E-08,1.74E-08,1.70E-08,1.63E-08,1.56E-08,1.49E-08,1.42E-08,1.34E-08,1.27E-08,1.21E-08,1.15E-08,1.09E-08,1.03E-08,9.86E-09,9.41E-09,9.01E-09,8.65E-09,8.33E-09,8.05E-09,7.80E-09,7.59E-09,7.42E-09,7.28E-09,7.18E-09,7.12E-09,0.005060899,0.005382399,0.008210185,0.011234062,0.07014553,0.23315917,7.0378003,3.5334246,0.080843285,0.08776011,0.04239765,0.075397685,0.14924502,2.7875698,4.9186263,0.103535146,0.08329308,0.031944387,0.078302845,0.06396089,4.8362017,3.056912,0.30031043,0.016409062,0.02882612,0.032121856,0.07921458,5.030124,5.198116,2.5708582,0.07650691,0.12350174,0.110584825,0.29193836,24.273071,40.802807,26.182407,0.723032,0.40709457,0.75420016,0.9187669,22.118364,92.42815,68.09184,5.18385,1.3730894,1.4468908,3.6054845,46.022152,47.45714,13.330093,0.48688754,0.4361406,7.799575,10.52502,11.606863,0.38165867,0.29540396,8.869718,14.679039,15.012731,0.35747617,0.51525587,3.2632601,1.2323205,0.10154338,0.045898214,0.22811496,0.1931693,0.0233075,0.1602761,0.16188997,0.07350399,0.01270209,0.03666138,0.029640093,0.008895798,0.050741013,0.072144985,0.017237287,0.05090767,0.038968142,0.042041082,0.19547752,0.10495489,0.5261998,0.7741097,0.3149707,0.18766801,0.024839317,0.02971724,0.02190523,0.039407432,0.03292768,0.01354376,0.007936503,0.004826252,0.001626313,0.000490445,5.16E-06,1.63E-07,1.94E-07,2.09E-07,2.13E-07,2.11E-07,2.06E-07,1.98E-07,1.90E-07,1.81E-07,1.72E-07,1.63E-07,1.54E-07,1.46E-07,1.39E-07,1.32E-07,1.25E-07,1.20E-07,1.14E-07,1.09E-07,1.05E-07,1.01E-07,9.76E-08,9.46E-08,9.20E-08,9.00E-08,8.83E-08,8.71E-08,8.63E-08,0.20197469,0.3397948,0.60266584,0.12666336,0.3722127,0.14474249,0.31112644,0.24963722,0.556207,0.073422045,0.17582044,0.9896192,0.11426483,0.16812786,0.15400942,0.08221754,0.1402035,0.091313176,0.1021553,0.13781665,0.18997648,0.11698675,0.10700939,0.062580556,29.93332308,25.3864866,27.91099692,25.21156145,22.46074921,70.27725769,19.66341802,3.859381489,4.296092091,4.473302828,3.502778366,2.494114993,8.244472503,2.843434475,hyperkinetic dysphonia
voice079.wav,6.4716415,0.18514839,0.108692066,0.014423882,-234.53226,190.73792,-102.37068,10.281087,-31.599493,-10.547858,40.548946,-32.592667,-12.978843,-8.2028475,-13.994952,10.704997,-29.631145,55.276516,24.813906,17.641384,7.273303,7.5795145,4.7623343,7.718476,7.234495,4.4633603,4.1598525,3.8396833,3.2121701,5.131292,0.00542322,0.011946322,0.023068918,0.038417004,0.15684882,125.54136,76.487526,0.06653836,0.02183693,0.020200852,0.027276177,40.178673,112.17809,1.5701045,0.028533679,0.021071017,0.010881777,2.151761,62.301525,13.282242,0.025557268,0.018922292,0.02481197,0.071385294,18.114069,19.3418,0.16080524,0.017833613,0.026501475,0.058738243,28.131916,142.33543,12.594405,0.0738078,0.054404523,0.04910524,3.6161323,97.365105,45.13065,0.26291582,0.10048553,0.091451205,0.53871477,50.492683,63.057083,0.8407973,0.24290141,0.32639325,15.150278,143.85852,35.36141,0.26477626,0.1330206,1.7571208,9.9432955,0.9427315,0.017867591,0.027692446,0.3448843,0.14116527,0.007752815,0.009792578,0.11511737,0.062001694,0.005411144,0.018188715,0.07814419,0.008798831,0.007047192,0.065432176,0.033041365,0.02395839,0.2578703,0.1047184,0.009566435,0.049904082,0.020007122,0.024933215,0.08253251,0.007751071,0.03155044,0.027699007,0.04233113,0.08143651,0.011185153,0.037350345,0.004582598,0.011810171,0.00569558,0.024855874,0.010739114,0.034506835,0.021099763,0.056673057,0.023498412,0.027088623,0.009371405,0.004814531,0.000347003,5.42E-05,3.41E-05,2.55E-05,2.03E-05,1.66E-05,1.41E-05,1.21E-05,1.05E-05,9.30E-06,8.28E-06,7.44E-06,6.74E-06,6.15E-06,5.64E-06,5.21E-06,4.83E-06,4.51E-06,4.23E-06,3.98E-06,3.77E-06,3.58E-06,3.42E-06,3.29E-06,3.17E-06,3.07E-06,3.00E-06,2.93E-06,2.89E-06,2.86E-06,0.03406997,0.0698366,0.13393453,0.23460756,0.5022076,30.959799,20.809837,0.0965241,0.021470908,0.02928263,0.06018844,17.06789,27.34915,0.80479777,0.04393503,0.020049868,0.013147431,2.334303,13.839241,7.143614,0.058173664,0.019912662,0.01805417,0.116299234,6.8158903,7.680315,0.2583887,0.014757102,0.022390941,0.0671538,19.47348,45.62911,13.03818,0.0832491,0.035487577,0.03300234,6.1375346,33.22722,27.136341,0.37194955,0.079116374,0.06898395,1.2539457,25.642784,31.156824,2.0767856,0.16579449,0.22206719,20.482695,43.87365,32.847057,0.3523143,0.12582453,2.2240658,4.5224085,0.915513,0.034510333,0.03930375,0.3333825,0.11270742,0.020524142,0.019401794,0.08222987,0.052755475,0.013312034,0.02197585,0.072086796,0.014521428,0.01260518,0.068376124,0.038199876,0.022189217,0.1999444,0.07722063,0.009428817,0.031214394,0.019171441,0.024448868,0.051316034,0.008746723,0.02188323,0.024892565,0.034136485,0.04695103,0.01144399,0.02853115,0.004067726,0.008805209,0.004682618,0.015064287,0.006741145,0.019935507,0.018140895,0.032599714,0.017852802,0.014561747,0.005527377,0.003957566,0.001611741,0.000625679,0.000401795,0.000300882,0.000238754,0.000196201,0.000165787,0.000142427,0.000124035,0.000109554,9.76E-05,8.77E-05,7.94E-05,7.24E-05,6.65E-05,6.13E-05,5.69E-05,5.31E-05,4.98E-05,4.69E-05,4.44E-05,4.22E-05,4.03E-05,3.87E-05,3.74E-05,3.62E-05,3.53E-05,3.46E-05,3.40E-05,3.37E-05,0.27608737,0.18586019,0.98635554,0.25825033,0.04930409,0.09705059,0.41515255,0.058902323,0.064156815,0.4866032,0.11668468,0.11127446,0.08500146,0.087121464,0.11545524,0.08914243,0.05525893,0.059302755,0.10053874,0.07383727,0.06888996,0.106551684,0.06729787,0.06648278,33.91104723,27.69460116,29.07634926,29.68718161,20.6526743,70.67489294,18.60905012,4.520997843,3.831448326,4.523615751,3.253937487,1.96654316,9.392966387,2.619391431,reflux laryngitis
voice080.wav,9.627353,0.16105792,0.069175362,0.013943219,-216.47177,181.8366,-101.81242,17.78617,-27.12161,-24.070515,21.658495,-46.186443,-1.3017513,23.688349,-13.603127,-0.81119436,-22.925348,52.51071,24.84528,16.863888,8.134383,5.6299872,4.762207,5.5155377,7.3815303,4.8597665,3.9295902,4.707161,3.644841,3.6038008,0.003072204,0.008482864,0.010912492,0.017545048,0.080160625,0.48444894,127.386024,58.575863,0.072767146,0.060480554,0.051484257,0.041933186,0.14336228,38.08169,64.90806,0.86999243,0.092218325,0.09148596,0.06526185,0.14959379,10.0260725,49.37884,5.639309,0.09484818,0.109316766,0.23048767,0.46755233,20.382452,276.32578,113.038246,1.5588659,0.77088594,0.48622665,0.35639173,2.5092237,15.351626,13.08141,0.522609,0.02921029,0.03484139,0.05072536,0.24525201,2.499725,5.0264516,0.94388586,0.072006166,0.11501499,0.34134945,2.1861413,14.429222,8.59112,0.5349513,0.48423696,2.199757,11.393721,19.215715,1.2165892,0.10565845,0.27581218,1.1269004,1.3365005,0.09317847,0.028836915,0.08945725,0.2809287,0.06873694,0.0179372,0.0612988,0.1695889,0.03286206,0.014022168,0.045777116,0.052597314,0.008321138,0.024147492,0.07029824,0.015720362,0.017538348,0.05058899,0.014358358,0.038243875,0.103671715,0.038802106,0.15021674,0.24064897,0.22217467,0.4006164,0.06738476,0.038084444,0.06465575,0.07548442,0.07998319,0.028804187,0.03620529,0.01579232,0.01689466,0.008063272,0.005232644,0.000221912,4.48E-07,8.29E-08,6.29E-08,5.05E-08,4.20E-08,3.59E-08,3.11E-08,2.74E-08,2.44E-08,2.19E-08,1.98E-08,1.81E-08,1.66E-08,1.53E-08,1.42E-08,1.32E-08,1.24E-08,1.17E-08,1.10E-08,1.05E-08,1.00E-08,9.57E-09,9.22E-09,8.91E-09,8.64E-09,8.44E-09,8.27E-09,8.15E-09,8.08E-09,0.015468655,0.032565024,0.029374616,0.067165434,0.14747348,1.1004151,32.421894,23.991625,0.22967802,0.17634039,0.08800999,0.14091204,0.5290029,10.619316,29.89976,1.4966851,0.20831582,0.3261441,0.21368456,0.60286266,9.927155,18.659475,6.6559286,0.23975638,0.121993944,0.38380212,0.8425516,33.428467,116.95232,74.22671,2.1426752,0.563996,0.44221288,0.2859165,7.674409,11.328779,5.880933,0.8858188,0.051709376,0.039668888,0.04178301,0.7118828,2.7500515,2.6556606,1.5873414,0.05501077,0.08079968,0.89772624,3.191965,6.411153,9.043471,0.6433821,0.36233956,6.3327355,9.890771,13.743321,2.0030918,0.097903885,0.781824,1.0000405,0.91339105,0.15052842,0.04646263,0.12334059,0.23224854,0.09318975,0.030601786,0.06887321,0.09018112,0.03757315,0.023808984,0.034240317,0.036332067,0.008729734,0.02231042,0.038715973,0.013567415,0.016302325,0.029490128,0.011080739,0.037330218,0.07912701,0.03156601,0.10937484,0.23120369,0.21008769,0.37537727,0.08411314,0.031985305,0.09379781,0.12003709,0.120121434,0.04051809,0.052710667,0.02389124,0.02491976,0.012165537,0.008110848,0.000428026,1.65E-06,1.01E-06,7.62E-07,6.12E-07,5.09E-07,4.35E-07,3.78E-07,3.32E-07,2.96E-07,2.66E-07,2.41E-07,2.19E-07,2.01E-07,1.86E-07,1.72E-07,1.61E-07,1.51E-07,1.42E-07,1.34E-07,1.27E-07,1.21E-07,1.16E-07,1.12E-07,1.08E-07,1.05E-07,1.02E-07,1.00E-07,9.89E-08,9.80E-08,0.12202274,0.03292294,0.044111855,0.06508707,0.29764166,0.9794742,0.17973973,0.027413743,0.046154644,0.06455564,0.019019477,0.043018322,0.05842295,0.087835334,0.10194002,0.07920884,0.19641016,0.092537664,0.108388446,0.09280857,0.11353675,0.10833963,0.10577028,0.08915645,33.49894299,25.59338066,27.21233322,23.44669192,19.83951583,70.63770257,19.31086457,4.537712503,4.339743463,4.232597566,2.797375841,2.412400942,8.443228237,2.785781155,hyperkinetic dysphonia
voice081.wav,26.493187,0.15182377,0.132189859,0.022898847,-176.24205,184.90665,-155.05295,23.959803,-18.035357,-11.944977,50.01436,-32.021984,2.5060577,15.289859,-20.970936,-1.7076701,-16.212793,66.934944,28.244991,25.663525,10.070385,6.344573,5.3505282,8.517256,6.2153516,3.5660605,2.926724,4.3438396,2.695411,3.5226922,0.003220296,0.004897979,0.022002447,19.212444,27.963629,0.26806158,0.12992147,0.6397375,22.928558,5.835697,0.19406106,0.021233764,1.5323697,3.4387984,0.28293806,0.0450111,0.07181672,3.6317048,1.9313482,0.12976229,0.0729647,3.4110618,15.305445,2.3400698,0.40046787,0.5059998,5.15297,4.294614,0.529115,0.27422452,5.967099,31.009212,9.340733,2.7699554,2.012766,30.573908,44.02717,11.45448,7.3870516,23.372395,105.91469,45.613743,3.515301,3.8738346,23.265757,21.863409,2.590321,3.105698,17.63381,15.802587,1.999706,6.7026606,31.177393,12.174828,5.460521,31.199926,28.054602,5.705651,18.274733,12.702927,1.1863763,2.3384554,1.628462,0.38259006,0.8457557,0.2964311,0.36098614,0.39263034,0.21465406,0.37735334,0.15119709,0.3670172,0.18489851,0.29162693,0.24472947,0.2607706,0.21836846,0.49938008,0.44911495,1.1250546,1.2388015,2.347234,2.0000708,1.7225735,0.7506745,0.3501848,0.25534764,0.15828966,0.13438362,0.14524518,0.12858687,0.116282776,0.10649579,0.10410967,0.09201706,0.087564364,0.057782244,0.02139273,0.001183447,1.77E-06,1.66E-07,1.19E-07,9.03E-08,7.11E-08,5.77E-08,4.78E-08,4.03E-08,3.45E-08,2.98E-08,2.61E-08,2.31E-08,2.06E-08,1.85E-08,1.67E-08,1.53E-08,1.40E-08,1.30E-08,1.20E-08,1.13E-08,1.06E-08,1.00E-08,9.54E-09,9.14E-09,8.80E-09,8.53E-09,8.32E-09,8.17E-09,8.08E-09,0.026897797,0.026248273,0.13440576,6.2588263,10.026319,0.9135984,0.16764824,0.69625676,8.980208,4.488383,1.244025,0.054061294,1.0380037,1.2499114,0.93753415,0.29468817,0.11415292,2.1879258,1.4324012,0.6075584,0.4079552,2.5147767,8.84952,4.2580137,2.1702635,1.3497078,2.983907,3.1029541,1.8488265,1.0837281,6.5237656,15.982037,12.733863,12.501683,4.783074,22.76615,31.85931,35.9463,33.41012,32.600555,64.14661,42.81537,8.154741,7.6444044,19.303259,15.073237,5.8411713,6.50439,13.2350445,10.552375,3.7247076,8.083428,19.478405,13.307818,9.161991,19.813269,22.65989,9.198845,14.536986,8.616421,2.3571782,1.5286659,1.343407,0.48833278,0.6033189,0.30532727,0.32668284,0.32414085,0.24134041,0.26924112,0.16352911,0.2775899,0.17367946,0.26178396,0.2356353,0.22397667,0.18646379,0.4325325,0.41348535,1.084628,1.1937896,2.2694094,1.5905191,1.4258556,0.5252921,0.23496184,0.21467997,0.11794941,0.10489266,0.123711474,0.11370609,0.09498204,0.090344034,0.088085644,0.076380014,0.07526651,0.052574817,0.020332405,0.001219866,3.64E-06,2.02E-06,1.44E-06,1.10E-06,8.62E-07,7.00E-07,5.80E-07,4.88E-07,4.18E-07,3.62E-07,3.17E-07,2.80E-07,2.49E-07,2.24E-07,2.03E-07,1.85E-07,1.70E-07,1.57E-07,1.46E-07,1.37E-07,1.28E-07,1.22E-07,1.16E-07,1.11E-07,1.07E-07,1.03E-07,1.01E-07,9.91E-08,9.80E-08,0.34349033,0.40075254,0.2307915,0.26913127,0.4946379,0.5344344,0.5744951,0.46653938,0.21641338,0.60158455,0.38880876,0.92969364,0.11445476,0.16784051,0.0701421,0.07389171,0.15422386,0.19310968,0.19879387,0.13737728,0.0740581,0.18482274,0.20043041,0.20431827,30.69507001,25.61691315,25.43789036,21.93930865,19.3567644,72.10925958,16.84640241,3.990906598,4.538132461,5.136579633,3.240532669,2.414351585,8.686927983,2.447971337,reflux laryngitis
voice082.wav,10.708228,0.20511794,0.074972473,0.011265604,-207.17294,158.68121,-99.081184,38.607178,-25.520973,-35.189877,24.071783,-46.810436,-6.782781,27.548763,-10.438066,-3.2006443,-27.15079,52.121853,21.9218,18.744547,12.695809,7.660984,7.296347,10.216291,10.572383,4.892684,6.044348,5.3273125,5.428215,6.7163177,0.001828812,0.003653835,0.005739339,0.008657068,0.09976291,40.92529,25.631784,0.08886411,0.05827246,0.053118583,0.14568771,48.980125,133.94547,4.575264,0.0489976,0.08931025,0.034490682,2.258129,22.950537,5.5707197,0.06364817,0.12077603,0.1780644,7.756799,332.21667,329.64078,15.22427,0.3331152,0.2679235,0.72858024,74.00112,226.28183,40.677715,0.2966709,0.06644341,0.029090788,0.6071324,4.885489,3.9090588,0.24527352,0.014227333,0.01176898,0.5190714,7.3811216,5.8855,0.5705681,0.027880022,0.05464735,4.195564,13.881624,5.9391155,0.23146316,0.13859044,7.9025574,18.80138,5.9105034,0.14828263,1.5668812,5.730327,2.0787365,0.09010152,0.28743663,0.689209,0.20209037,0.018770173,0.06980582,0.10723045,0.03033278,0.023244724,0.09071937,0.049466196,0.018059157,0.127393,0.11675387,0.06950767,0.3326893,0.2540505,0.45516947,1.8458138,0.97166014,1.0583916,0.5459692,0.22439127,0.3269142,0.23848274,0.35263982,0.111727655,0.22337863,0.24225391,0.38471028,0.22815844,0.558244,0.43548533,0.48878765,0.41399232,0.10268829,0.00461595,0.000667987,6.32E-05,2.48E-06,1.31E-06,9.02E-07,6.67E-07,5.17E-07,4.16E-07,3.42E-07,2.87E-07,2.46E-07,2.13E-07,1.86E-07,1.65E-07,1.47E-07,1.33E-07,1.20E-07,1.10E-07,1.01E-07,9.39E-08,8.75E-08,8.21E-08,7.74E-08,7.34E-08,7.00E-08,6.72E-08,6.48E-08,6.29E-08,6.14E-08,6.04E-08,5.97E-08,0.009203695,0.006265682,0.01224905,0.024650604,0.10332389,11.782662,10.861993,0.17302485,0.33872288,0.2197718,1.2788872,28.394812,51.255386,7.9700155,0.13869606,0.21576631,0.088080175,3.5165694,9.471745,4.9411764,0.45734325,1.1035854,1.491037,21.21596,196.29991,209.97778,45.398014,1.2370939,0.8116548,2.5705116,72.27532,127.05186,54.8669,1.1814959,0.3273667,0.16987105,1.0733821,2.8089066,3.803543,0.8731399,0.075268954,0.056373365,1.1403749,7.21837,4.604088,1.3383912,0.05729854,0.19764054,5.416173,7.3068895,6.93796,0.9411213,0.50400347,10.455491,9.948436,8.212155,0.3758513,3.224514,5.4591627,1.8258746,0.18270428,0.57542473,0.854231,0.3026578,0.027008962,0.102758236,0.0767381,0.047275625,0.050960373,0.07011507,0.060528163,0.03063521,0.12435965,0.15766948,0.095529914,0.2545446,0.37540752,0.51245135,1.8265558,1.6909962,1.0218564,0.70108753,0.21755987,0.37078774,0.23170997,0.3328709,0.102924876,0.18746334,0.22489843,0.32970187,0.1816156,0.5440185,0.40178388,0.55451035,0.6068166,0.15992466,0.006270825,0.002285234,0.000373533,2.84E-05,1.59E-05,1.09E-05,8.10E-06,6.28E-06,5.05E-06,4.15E-06,3.49E-06,2.98E-06,2.58E-06,2.26E-06,2.00E-06,1.79E-06,1.61E-06,1.46E-06,1.34E-06,1.23E-06,1.14E-06,1.06E-06,9.95E-07,9.39E-07,8.90E-07,8.50E-07,8.15E-07,7.86E-07,7.63E-07,7.45E-07,7.32E-07,7.24E-07,0.02921851,0.20512578,0.9903272,0.28864887,0.07292968,0.14559053,0.46069577,0.08482839,0.027796054,0.060986668,0.024581589,0.017703239,0.064550735,0.15342557,0.056559518,0.21307054,0.07296893,0.10983153,0.22762477,0.12123516,0.10099493,0.09840177,0.092847034,0.060648844,32.19934516,27.73082685,32.40598342,27.08580247,23.75547597,74.28829747,19.59128881,4.239947164,4.506027325,5.235478692,3.815361468,2.973058976,9.00881596,2.712685645,reflux laryngitis
voice083.wav,16.756481,0.23517235,0.123466338,0.020662036,-164.44843,161.12663,-145.8378,14.3191,-39.605564,-14.367749,51.43265,-41.227585,-1.3674685,15.567802,-22.016674,3.7982316,-19.173544,56.81116,22.594692,21.2367,9.348327,6.2164235,5.134853,7.8463936,6.1977124,2.8162067,4.171687,3.3470213,3.1978838,3.8615859,0.000820764,0.002082271,0.004314555,0.01739326,19.973305,31.930914,0.16169648,0.03853802,0.021156725,0.200571,18.60239,5.8691382,0.015869416,0.005278231,0.011688639,5.1691866,23.806389,1.0345274,0.010378824,0.012660748,0.11822226,36.292244,32.518196,0.22191542,0.030373689,0.05070103,3.8910632,53.807537,12.295791,0.1749244,0.15872154,1.1885743,191.10951,333.06702,14.178862,0.29997224,0.33969286,13.5283785,212.90704,132.22836,4.438347,0.7675873,1.3867878,24.239115,59.130405,4.747851,1.0333312,1.9581391,108.24327,187.26186,9.361729,0.56045353,17.840925,106.63895,23.784271,0.56043535,4.392914,20.686422,3.3257363,0.2200112,2.6883867,3.7034323,0.14581975,0.086761564,0.6412893,0.14511988,0.10736483,0.72086966,0.13813005,0.1208121,0.5786012,0.06778203,0.22920962,0.3176839,0.04424147,0.3402198,0.10301287,0.3576039,0.38289803,0.30678257,0.85129255,0.43468127,1.5584491,0.9449598,3.8168027,0.9926297,1.9466368,0.5072297,0.68045276,0.52830416,0.47334945,0.73085773,0.35696656,0.31871885,0.19550349,0.11515657,0.098060764,0.029143324,0.002634115,2.26E-06,2.90E-08,1.76E-08,1.17E-08,8.25E-09,6.04E-09,4.53E-09,3.47E-09,2.70E-09,2.13E-09,1.69E-09,1.35E-09,1.09E-09,8.79E-10,7.10E-10,5.75E-10,4.64E-10,3.74E-10,3.01E-10,2.40E-10,1.89E-10,1.48E-10,1.15E-10,8.70E-11,6.48E-11,4.73E-11,3.38E-11,2.44E-11,1.88E-11,0.004172572,0.007729221,0.021050256,0.08760459,5.870303,9.773292,0.30916864,0.10529736,0.08930739,0.37024647,5.269728,1.8183085,0.111804485,0.027379584,0.080099024,2.4624424,6.217544,0.8361051,0.040435415,0.0661721,0.15068899,12.673983,11.838561,0.32875404,0.05372489,0.13715963,3.7425501,19.105186,9.720826,0.8404287,0.60784966,3.9550195,146.36324,133.49588,20.53793,1.3761683,1.5045472,23.116146,94.45356,113.53129,9.270311,0.87489045,1.1981187,23.404501,41.51051,6.6503344,1.1516964,1.9051826,84.00169,75.20807,14.079542,0.67773247,25.107681,31.033646,22.535284,0.5275776,5.2373166,14.829298,4.158751,0.17398722,1.778625,1.9323326,0.19089872,0.094594374,0.55990225,0.23709357,0.11408101,0.2933454,0.15776542,0.11430879,0.33912522,0.09308548,0.1193884,0.17417093,0.044845887,0.20303653,0.106020294,0.15489498,0.291235,0.25661245,0.79107016,0.31540617,1.0314062,0.677897,2.9332001,0.7201771,1.5309197,0.32294968,0.5619956,0.24844705,0.3620423,0.43036026,0.26822308,0.2557086,0.13886406,0.08680671,0.06429721,0.023821034,0.002029025,3.06E-06,3.51E-07,2.14E-07,1.42E-07,1.00E-07,7.32E-08,5.50E-08,4.21E-08,3.28E-08,2.58E-08,2.05E-08,1.64E-08,1.32E-08,1.07E-08,8.62E-09,6.97E-09,5.63E-09,4.54E-09,3.64E-09,2.91E-09,2.30E-09,1.80E-09,1.39E-09,1.05E-09,7.82E-10,5.70E-10,4.10E-10,2.96E-10,2.27E-10,0.32454565,0.1592905,0.6426105,0.2542278,0.5131215,0.14995562,0.243648,0.95514077,0.17195922,0.2999864,0.5790876,0.10975904,0.06852141,0.032823022,0.16861714,0.07496792,0.22826217,0.11892875,0.098313875,0.14377627,0.062191047,0.091448225,0.19845031,0.06000196,32.85152277,26.78402784,31.98219378,24.59109275,22.79527081,74.5883042,18.09399195,4.217724703,4.455555077,4.921093106,3.122497028,2.537043582,7.660376999,2.101097581,reflux laryngitis
voice084.wav,9.915195,0.15196328,0.083460046,0.033960692,-236.7757,172.54056,-112.82355,12.646105,-15.741265,3.986605,27.090996,-38.222363,17.983356,1.0873256,-33.330036,11.260872,-18.82034,51.729786,21.756315,17.793123,6.824172,4.5497694,3.4678035,5.175265,5.8697057,3.9705477,3.9595919,5.1645193,3.882066,4.272797,0.002674265,0.009529105,0.009552986,0.019982902,0.06976232,0.070089765,0.26629394,116.727844,145.89194,0.4483284,0.04311833,0.013904186,0.011249318,0.008527894,0.013561588,4.562734,63.585926,11.968979,0.013093608,0.006739953,0.007432955,0.00741205,0.009991017,0.22182551,21.774607,43.916603,1.894129,0.024134433,0.029705849,0.04195664,0.06698657,0.14447737,4.8586354,61.942257,32.45827,0.45076182,0.042898323,0.06077961,0.06206524,0.1049274,3.1015096,53.85805,135.17093,20.399626,0.342798,0.20146155,0.15875612,0.18312457,1.2923955,9.399234,6.3732944,0.2636352,0.0871115,0.09404025,0.36095124,6.7999234,18.294558,1.8289866,0.2618059,0.24473664,0.6148323,2.8073044,1.3411651,0.06628528,0.06108407,0.10753255,0.47504,0.17312922,0.021930778,0.025556093,0.05128534,0.053987853,0.010844702,0.009101226,0.023095988,0.024695918,0.005320698,0.007148152,0.021541119,0.010683693,0.003642368,0.009410272,0.009367464,0.003689533,0.00904636,0.00983462,0.005234198,0.021207592,0.026536878,0.034628652,0.14388971,0.1271638,0.20539539,0.16847906,0.0394871,0.02848726,0.013020152,0.006495794,0.000449945,2.47E-06,1.09E-06,7.74E-07,5.89E-07,4.68E-07,3.85E-07,3.23E-07,2.76E-07,2.40E-07,2.11E-07,1.87E-07,1.68E-07,1.52E-07,1.38E-07,1.27E-07,1.17E-07,1.08E-07,1.01E-07,9.48E-08,8.94E-08,8.48E-08,8.07E-08,7.74E-08,7.45E-08,7.20E-08,7.01E-08,6.86E-08,6.75E-08,6.68E-08,0.005505078,0.017349944,0.015207563,0.03634552,0.063595995,0.07660062,0.22499533,44.571724,39.578064,0.3483839,0.05449524,0.028306158,0.020861229,0.023523286,0.028289452,7.603196,27.381006,6.6599593,0.021107584,0.009510953,0.009303152,0.008623802,0.012952427,0.99247617,12.895217,16.33056,3.434617,0.029237451,0.028477646,0.043369167,0.06833271,0.4688146,9.42361,25.110607,23.699387,1.4187745,0.04476306,0.062345844,0.051222444,0.18158317,12.108121,51.417435,66.39929,27.053755,0.54606277,0.15403886,0.10952339,0.55160964,3.6229374,6.56623,5.4862275,0.5103628,0.05484504,0.07050765,1.0051117,6.1442747,12.688168,2.5253005,0.16911565,0.13037883,1.0485642,2.3419707,1.1316282,0.05150996,0.04136349,0.13844553,0.32763395,0.17511141,0.011180121,0.06343086,0.053698312,0.040986516,0.007185974,0.008075029,0.017999174,0.018986931,0.002584558,0.005154543,0.014350024,0.009790445,0.002146033,0.006941625,0.008351217,0.002059979,0.005953875,0.006591678,0.002557631,0.013346987,0.018207071,0.019195557,0.08913372,0.06621765,0.13276015,0.11955222,0.02164488,0.015682198,0.007318602,0.004092763,0.000387436,2.24E-05,1.32E-05,9.39E-06,7.14E-06,5.68E-06,4.67E-06,3.92E-06,3.35E-06,2.91E-06,2.56E-06,2.27E-06,2.04E-06,1.84E-06,1.68E-06,1.54E-06,1.42E-06,1.31E-06,1.23E-06,1.15E-06,1.08E-06,1.03E-06,9.79E-07,9.38E-07,9.03E-07,8.74E-07,8.51E-07,8.32E-07,8.19E-07,8.11E-07,0.13247164,0.047500663,0.28545755,0.09473693,0.051193852,0.13949563,0.20895484,0.97254556,0.3353224,0.030745208,0.15983908,0.7238822,0.12090502,0.08116641,0.06519106,0.098219775,0.06629356,0.112071365,0.123687066,0.07874418,0.1526759,0.11146947,0.1463173,0.18370074,24.01748774,30.01278994,28.66280323,26.21036889,22.88038504,73.82603536,19.19259238,4.625926312,4.237566274,4.138274568,2.919410579,2.307456352,8.545030089,2.776632385,hypokinetic dysphonia
voice085.wav,9.817804,0.18019687,0.142964131,0.026063578,-222.39279,133.90288,-127.48457,21.920591,-7.745791,12.01477,38.975204,-43.777344,0.14342159,-0.47507837,-23.541708,14.668338,-18.86523,47.03235,17.7355,17.214748,6.5352297,3.8329897,3.3212373,5.919934,6.4081845,3.65721,2.1895528,4.789301,3.7342272,4.019755,0.00164353,0.004032608,0.006127584,0.010167599,0.06321976,0.052487284,0.1545159,0.10223961,33.33431,38.190002,0.10006058,0.00936999,0.00843805,0.009038772,0.006357651,0.004276036,0.004526777,1.5895064,29.244913,4.173695,0.007876867,0.005219712,0.006382431,0.00742231,0.005786891,0.006721601,0.009840228,4.261679,6.8316026,0.1172831,0.009067706,0.01645784,0.037711047,0.03801046,0.03671161,0.031058183,0.95915204,19.202112,5.6518984,0.09761202,0.074081905,0.112935476,0.19570103,0.21920466,0.40841976,12.366552,465.19205,182.83589,1.5353671,0.39579096,0.6274578,0.4062682,0.28567556,22.64533,96.489624,5.9861283,0.14081147,0.19190067,0.12587453,0.38259554,13.179727,5.626707,0.14948799,0.12046007,0.053237244,0.54138136,1.4698191,0.06164815,0.010994306,0.009054082,0.3742552,0.6845631,0.014850053,0.009140716,0.04750795,0.6324635,0.09089292,0.010226872,0.11036816,0.91577417,0.071315214,0.00294487,0.047822777,0.07474611,0.005675898,0.053876936,0.37862173,0.045924194,0.20451404,2.1879904,0.21289591,0.16217887,0.5729176,0.034687307,0.13812627,0.12819573,0.010653361,0.059855442,0.004523684,2.55E-06,1.06E-06,8.07E-07,6.46E-07,5.33E-07,4.52E-07,3.88E-07,3.38E-07,2.98E-07,2.65E-07,2.37E-07,2.14E-07,1.95E-07,1.79E-07,1.64E-07,1.52E-07,1.41E-07,1.32E-07,1.24E-07,1.17E-07,1.11E-07,1.06E-07,1.02E-07,9.80E-08,9.49E-08,9.24E-08,9.03E-08,8.89E-08,8.80E-08,0.000868571,0.003528296,0.005680231,0.007193976,0.05337021,0.033189073,0.13150634,0.07682686,9.990119,12.401851,0.07022259,0.009059921,0.007006883,0.011304017,0.005507243,0.004773123,0.006082885,1.0287013,8.915186,2.5285513,0.013129636,0.008051985,0.006847755,0.006789734,0.006739433,0.006492927,0.008773425,1.4966679,3.2212987,0.2892193,0.008176159,0.013640473,0.045998167,0.031129228,0.027487839,0.022064727,0.8784058,9.978988,5.9700637,0.25234926,0.06938981,0.09558557,0.17781004,0.17914753,0.32435355,23.652782,176.24605,103.88872,6.338047,0.31163347,0.7266094,0.3892719,0.22766693,15.613061,59.086926,16.520966,0.10189093,0.16402532,0.09823614,0.6119483,8.784949,6.698207,0.34797245,0.11568383,0.039230853,0.41434288,0.9687913,0.17692892,0.007249036,0.005693731,0.17543751,0.3581097,0.04355149,0.00844056,0.048184425,0.36755037,0.10915792,0.006463184,0.10565827,0.447044,0.095368214,0.002617365,0.031109275,0.058308348,0.009482244,0.04256952,0.27135584,0.07672872,0.19748028,1.7398001,0.26913828,0.11251186,0.3136311,0.045232236,0.07365378,0.077534236,0.007558717,0.038238905,0.005641812,1.84E-05,1.25E-05,9.51E-06,7.62E-06,6.29E-06,5.32E-06,4.57E-06,3.98E-06,3.51E-06,3.12E-06,2.80E-06,2.53E-06,2.30E-06,2.10E-06,1.94E-06,1.79E-06,1.67E-06,1.56E-06,1.46E-06,1.38E-06,1.31E-06,1.25E-06,1.20E-06,1.16E-06,1.12E-06,1.09E-06,1.06E-06,1.05E-06,1.04E-06,0.17883433,0.9985102,0.15173481,0.038294137,0.24696407,0.08112953,0.024866933,0.05656406,0.03685044,0.1399582,0.049174313,0.01020424,0.09451568,0.018062236,0.09393834,0.10510915,0.11943232,0.11087211,0.07598164,0.09075236,0.09121866,0.06947833,0.05611888,0.042415645,18.80202312,28.19513935,28.66795659,28.53348402,24.61592898,74.40060311,20.70352459,3.358908243,4.259708899,3.903070262,3.033250441,2.647043362,8.483336629,2.903628939,healthy 
voice086.wav,10.251007,0.2861892,0.100949691,0.014842374,-187.9428,166.87941,-127.94922,1.1652988,-15.339634,-6.0198746,20.093878,-40.411602,6.086489,0.3427384,-32.112988,0.8252364,-22.157354,50.926437,23.14075,18.216887,7.156151,4.55732,3.623952,5.6496983,7.2802234,5.0295477,4.2391367,5.799705,3.7516694,4.977877,0.003737904,0.010443551,0.010784548,0.1682546,0.17554253,0.056491967,0.062967226,0.2610867,0.45535576,18.53338,270.03506,28.740507,0.30551094,0.14335464,0.12101997,0.115935855,0.116811365,0.06874155,0.14483492,0.19204989,8.194522,145.00066,26.243141,0.16454828,0.106251694,0.123048335,0.15996,0.20122403,0.15244073,0.17054324,0.21571217,22.601202,399.7562,130.35965,0.57433826,0.40856197,0.4718655,0.5851934,0.7806828,0.60135186,0.5506142,0.83038884,52.441696,559.43835,160.40898,1.0952454,0.67990756,0.53536946,0.67234546,0.48836288,0.44004393,7.0139446,274.77573,208.02135,2.0505714,0.5812247,1.0322993,1.3041499,0.8686083,22.299433,126.11244,16.130106,0.17116655,0.17499849,0.14960484,0.20785753,4.409074,2.6323438,0.04368582,0.030035242,0.02406722,0.39082,1.6304623,0.15582776,0.017202854,0.014569244,0.095182806,0.26351592,0.020820845,0.007816812,0.03679691,0.5424054,0.17678824,0.01651303,0.025187321,0.10778375,0.019785773,0.005349285,0.13973248,0.5318368,0.110780396,0.15931338,0.81913084,0.12616245,0.017209549,0.08014472,0.01874792,0.00228884,0.001337846,9.32E-06,1.35E-07,9.34E-08,7.01E-08,5.50E-08,4.46E-08,3.69E-08,3.11E-08,2.66E-08,2.31E-08,2.02E-08,1.79E-08,1.59E-08,1.43E-08,1.30E-08,1.18E-08,1.08E-08,1.00E-08,9.29E-09,8.68E-09,8.16E-09,7.71E-09,7.34E-09,7.02E-09,6.76E-09,6.55E-09,6.38E-09,6.26E-09,6.19E-09,0.024755105,0.05624886,0.053088162,0.22596653,0.2625041,0.10973126,0.104864344,0.3969069,0.83612555,18.834846,136.61848,14.409895,0.86729753,0.43332434,0.36870012,0.25137958,0.24377333,0.20148359,0.4116254,0.581622,7.862533,47.742317,13.083032,0.47145212,0.25736308,0.19747253,0.22838289,0.24794756,0.12292058,0.15797053,0.2270945,31.603128,131.61697,104.59478,0.5823454,0.32464576,0.42008045,0.678695,0.97836316,0.5157748,0.73087287,1.1484094,97.1451,187.90688,125.460144,3.1017864,1.6626409,0.70850015,0.9100969,0.5710992,0.6723514,19.103708,144.97665,171.83168,3.4303725,0.3891354,1.031429,1.0668678,0.51203185,25.09698,49.449863,19.153107,0.13265064,0.2148432,0.14179745,0.415441,2.258773,1.8366458,0.028709931,0.026391607,0.016086414,0.36908138,0.5788605,0.21694194,0.013951719,0.012660058,0.08529223,0.17974053,0.03194666,0.005990706,0.051562127,0.4098981,0.22166458,0.009180136,0.03419309,0.07038799,0.020653915,0.010251309,0.18406472,0.69917965,0.12144854,0.17191817,0.577249,0.15462655,0.01366308,0.03630482,0.018199041,0.001845701,0.001550329,1.05E-05,1.63E-06,1.13E-06,8.50E-07,6.67E-07,5.41E-07,4.48E-07,3.77E-07,3.23E-07,2.80E-07,2.45E-07,2.17E-07,1.93E-07,1.74E-07,1.57E-07,1.43E-07,1.31E-07,1.21E-07,1.13E-07,1.05E-07,9.90E-08,9.35E-08,8.90E-08,8.51E-08,8.19E-08,7.94E-08,7.74E-08,7.60E-08,7.51E-08,0.9797005,0.2149967,0.017902244,0.12509413,0.53303486,0.07523077,0.09784053,0.69126534,0.16663925,0.020952158,0.024772853,0.16221513,0.07725246,0.10773723,0.085794464,0.082621776,0.18799882,0.092555664,0.09421052,0.17717327,0.13487917,0.090590075,0.084821686,0.08743273,22.33628778,27.90868623,30.08758002,26.16129663,25.15810207,72.84067178,19.16983391,4.940677169,5.068789758,4.647001248,3.183538858,2.419216577,8.243467405,2.836368796,hyperkinetic dysphonia
voice087.wav,20.37201,0.21902698,0.066953518,0.046427833,-166.46362,133.74107,-125.67615,28.978325,-15.678247,-13.869472,22.601189,-36.568348,9.601531,-10.257856,-41.613235,6.086242,-20.52656,63.769936,20.021286,30.4091,9.319238,8.392488,8.053925,6.4441385,8.846682,5.9498415,4.817617,8.870271,4.184413,5.549717,0.001441218,0.011130171,0.018835373,0.033683125,0.06801762,0.12221157,0.11043976,0.1846586,0.19907409,0.8504036,10.23659,527.6618,906.14514,29.513521,0.23116274,0.1412214,0.11591092,0.10228809,0.067896,0.08412755,0.0659852,0.10411015,0.30375367,5.708793,38.692562,42.052742,3.1376123,0.15423103,0.17628853,0.17952599,0.20701468,0.24497274,0.3424931,0.4685135,0.9754826,10.594843,27.236528,83.572334,59.594624,7.1730776,0.61663544,0.5648364,0.70460826,1.1583344,1.3203778,1.4512397,2.5685258,5.8947034,4.2618604,6.633101,4.9024215,1.2462418,1.0593483,0.92611694,0.7102663,0.6676159,1.0688459,1.0648525,2.3436828,2.9761403,1.8529469,2.4411907,3.0041924,4.2570186,6.1497903,6.6539793,9.110174,2.340305,0.5790184,0.42817134,0.57655096,0.8643074,1.4936018,0.8403809,0.19146055,0.20604417,0.23862204,0.44949904,0.57341146,0.23509659,0.17751522,0.20272832,0.27500117,0.2567747,0.2166635,0.2506731,0.34327725,0.5261753,0.7403114,0.8561093,1.4224517,1.2407187,0.8320133,0.46134755,0.36987585,0.35069355,0.2595584,0.11368882,0.0115475,2.51E-05,2.27E-08,1.77E-08,1.44E-08,1.20E-08,1.02E-08,8.80E-09,7.68E-09,6.79E-09,6.05E-09,5.44E-09,4.93E-09,4.49E-09,4.12E-09,3.80E-09,3.53E-09,3.29E-09,3.09E-09,2.91E-09,2.75E-09,2.62E-09,2.50E-09,2.40E-09,2.32E-09,2.25E-09,2.19E-09,2.14E-09,2.11E-09,2.09E-09,0.000490388,0.013668319,0.083222724,0.12159736,0.16942205,0.23037136,0.17811897,0.3348964,0.5107809,5.634257,42.73076,442.20782,672.4996,68.74307,0.40651453,0.17952806,0.15232098,0.20497455,0.114203185,0.18348277,0.16220905,0.33463502,1.0738976,11.998402,32.893917,47.633724,12.205191,0.19817692,0.1674587,0.12524797,0.15761851,0.18335186,0.30313012,0.72057354,2.3301535,27.44902,41.02499,85.024864,94.47858,25.570492,0.7059488,0.54221267,0.61677504,1.0462984,1.1262972,1.5488188,3.5204008,11.845619,5.0203743,7.670037,9.161112,2.0734968,0.86631876,0.7736216,0.5773593,0.53263503,1.744008,1.0684322,2.5843604,4.1362925,1.551519,1.8376747,2.3974771,5.2172327,8.730011,8.566058,10.44781,3.465724,0.5877985,0.33063707,0.7491099,1.2500645,1.6503446,1.0606463,0.216772,0.26669395,0.27401242,0.48276073,0.5778375,0.30962396,0.16170332,0.19507872,0.28464723,0.23093624,0.19437636,0.20574403,0.35720098,0.74133354,1.0179106,0.55437803,1.1163478,0.90739053,0.5791178,0.27447292,0.24522284,0.24868943,0.20070802,0.0840221,0.011057352,2.62E-05,2.75E-07,2.15E-07,1.74E-07,1.45E-07,1.24E-07,1.07E-07,9.32E-08,8.24E-08,7.34E-08,6.60E-08,5.98E-08,5.45E-08,5.00E-08,4.61E-08,4.28E-08,3.99E-08,3.74E-08,3.52E-08,3.34E-08,3.17E-08,3.03E-08,2.91E-08,2.81E-08,2.72E-08,2.66E-08,2.60E-08,2.56E-08,2.54E-08,0.113117464,0.42020115,0.8365229,0.30162874,0.059550002,0.05313259,0.06751318,0.1161042,0.18433502,0.24928412,0.108423695,0.07097037,0.21326783,0.33827156,0.28819978,0.25881964,0.12926815,0.13255605,0.13926187,0.22815931,0.27332222,0.18044262,0.14722618,0.16373064,19.33008211,26.57319348,24.38477552,20.66641708,19.81838426,75.17347338,20.56280594,3.585505001,7.19055152,5.536990774,3.260736266,2.180324986,8.663126453,2.92462237,hypokinetic dysphonia
voice088.wav,16.429842,0.20785077,0.065416579,0.016719976,-151.3216,194.4288,-106.79352,5.6677523,-22.751211,-20.796154,19.829317,-32.5844,-3.5562613,1.9599395,-16.807215,-1.7698632,-23.443687,54.518375,28.745382,18.614256,9.008569,8.174518,7.118366,6.7336497,9.150653,8.818217,4.1318674,5.730586,6.623836,6.959751,0.058508247,0.05177396,0.09306714,0.1757852,5.588241,233.47389,446.39597,12.254938,0.2968168,3.097147,12.445734,30.531021,84.19273,29.082352,1.863602,2.6556666,3.2275538,5.170508,19.461206,28.498552,11.793596,2.4713368,2.2524073,5.061554,13.820263,37.30678,49.976818,13.713865,2.0665102,5.157906,25.84382,52.14549,55.270992,54.242546,11.539562,4.7036304,6.235134,8.241796,11.078575,11.649824,7.8449664,6.104287,8.386783,13.232922,14.109883,16.19392,17.462442,8.645191,4.2126894,5.1533012,8.805887,13.222131,6.8291864,3.5936198,4.896159,4.85719,4.0133653,3.3687785,2.180558,2.5207832,2.4329453,1.3757093,0.6222919,0.39186558,0.41819972,0.33012,0.2076699,0.18372427,0.19403899,0.16302404,0.14145187,0.22310889,0.21131057,0.18623902,0.23302627,0.21484165,0.1428653,0.11264605,0.083909556,0.0733161,0.14711213,0.2299189,0.29220703,0.30194256,0.17016138,0.12860186,0.073743336,0.06660243,0.039824937,0.026688544,0.020399598,0.026335534,0.030849528,0.047096983,0.05126386,0.050180674,0.05489197,0.033310827,0.002831554,1.08E-05,2.14E-06,1.61E-06,1.29E-06,1.06E-06,9.02E-07,7.78E-07,6.80E-07,6.03E-07,5.38E-07,4.85E-07,4.41E-07,4.03E-07,3.71E-07,3.43E-07,3.19E-07,2.98E-07,2.80E-07,2.64E-07,2.50E-07,2.38E-07,2.28E-07,2.19E-07,2.11E-07,2.05E-07,2.00E-07,1.96E-07,1.93E-07,1.91E-07,0.622697,0.432649,0.83396745,1.0791521,12.115626,105.01562,372.145,29.327671,1.4240645,12.085333,33.1618,42.922634,55.056007,24.657578,5.339234,8.850098,8.376634,8.468726,22.508858,23.275425,16.223446,5.449047,4.4479265,9.983148,20.052402,35.90441,50.28636,22.336092,3.5345979,9.958983,47.602783,68.73159,51.863567,63.08301,17.228024,9.918229,10.722787,9.851387,11.195694,10.274168,8.528146,15.440272,16.339909,17.511608,15.5470085,15.085614,17.96378,13.064671,7.0668063,6.4338913,9.362236,17.664577,8.40735,4.77163,7.6158714,6.8290668,3.4885108,3.8668559,2.82538,4.359011,2.9123037,1.472818,0.66718936,0.43908235,0.50062567,0.26995972,0.22646178,0.18943498,0.1409667,0.1014862,0.13235475,0.2224587,0.1324533,0.15113434,0.23491485,0.15577547,0.10842208,0.10119293,0.09019462,0.071506545,0.16780984,0.22292575,0.30720824,0.33229187,0.14112294,0.13634181,0.053396616,0.060107414,0.033925645,0.022533258,0.017313559,0.029213382,0.028246688,0.047067326,0.051766522,0.06012424,0.061271053,0.039537396,0.003427631,4.17E-05,2.60E-05,1.96E-05,1.56E-05,1.29E-05,1.09E-05,9.43E-06,8.25E-06,7.31E-06,6.53E-06,5.89E-06,5.35E-06,4.89E-06,4.50E-06,4.16E-06,3.87E-06,3.61E-06,3.39E-06,3.20E-06,3.03E-06,2.89E-06,2.76E-06,2.66E-06,2.56E-06,2.49E-06,2.43E-06,2.38E-06,2.34E-06,2.32E-06,0.21143383,0.27667388,0.43833733,0.79691124,0.52720076,0.18897739,0.29170585,0.37272018,0.17731042,0.13545296,0.19877507,0.16893768,0.268438,0.25699005,0.2984333,0.27623916,0.31716034,0.14732482,0.26611537,0.1971947,0.14913248,0.15508497,0.14414921,0.19378163,35.86491457,23.14896483,20.27007597,18.25360484,17.20334788,69.17082321,18.48350428,6.293878687,4.582871595,5.134687528,3.145602928,2.089471388,8.757284446,2.886754128,hypokinetic dysphonia
voice089.wav,9.787527,0.33596665,0.13545053,0.020686331,-212.79059,121.83285,-129.96234,-24.308714,-30.768732,-19.392664,31.410917,-19.334558,-15.404593,-1.4792022,-7.6169195,-5.7795525,-32.153236,43.90932,17.898542,20.868685,8.296679,7.232794,5.7606807,6.705249,4.592038,5.651585,5.699729,4.005526,4.0687017,6.1030807,0.00062278,0.001689625,0.001769721,0.001940242,0.00218826,0.003054422,0.004094036,0.004724151,0.004809294,2.0368211,35.694927,13.158302,0.20344129,0.007823306,0.002370107,0.002183607,0.003889705,0.004453712,0.00553141,0.012099044,5.051568,53.185024,45.219078,13.297926,0.46236163,0.021857597,0.045315407,0.1069397,0.11704149,0.11751792,0.20319845,40.487663,305.6501,428.5758,181.14055,97.8156,5.5413785,0.4351783,0.90944064,1.1190331,0.7954396,1.7431173,150.22305,445.4984,329.59744,97.339584,32.99843,5.4172554,0.18112738,0.19936045,0.26018965,50.05707,416.67355,393.78494,160.42029,50.34834,14.615324,0.24940719,0.09266609,2.4532418,5.1404815,1.6798792,0.43655646,0.10311572,0.011535483,0.08371954,0.4364207,0.4685924,0.24842471,0.13258603,0.0562653,0.4941911,0.74826676,0.573289,0.26929402,0.37352318,2.1134403,4.7950716,4.3301435,1.3965491,0.661302,0.7748526,0.46258965,0.07647174,0.04168005,0.04631636,0.02390811,0.006507747,0.018492142,0.0768604,0.08718222,0.23672526,0.41230118,0.36478096,0.14895612,0.07343553,0.013142589,0.001023676,7.95E-05,2.11E-06,9.83E-07,7.43E-07,5.94E-07,4.91E-07,4.17E-07,3.59E-07,3.13E-07,2.77E-07,2.47E-07,2.22E-07,2.01E-07,1.83E-07,1.68E-07,1.55E-07,1.44E-07,1.34E-07,1.26E-07,1.18E-07,1.12E-07,1.06E-07,1.02E-07,9.75E-08,9.40E-08,9.11E-08,8.88E-08,8.69E-08,8.56E-08,8.47E-08,0.004368431,0.006012763,0.008473888,0.011002813,0.010378776,0.01060633,0.011680956,0.015468789,0.02124541,2.6512372,14.847493,15.957968,0.7000736,0.013891547,0.007708301,0.005402475,0.006995135,0.008391772,0.007933297,0.02048934,8.337932,40.528267,49.280045,40.362072,2.2067833,0.083842665,0.09089591,0.2298439,0.28114587,0.29526237,0.375283,79.16599,244.20789,457.56055,353.57996,402.96268,29.604965,0.5978261,1.4952564,2.6729016,1.6777332,3.4779944,292.4467,400.6113,326.07306,157.3769,106.90619,29.454166,0.26428607,0.26199123,0.33807138,117.732056,438.49988,329.90323,232.53072,134.93355,74.067154,1.0910094,0.27345303,5.3941107,6.294739,1.862977,1.0110219,0.37319738,0.04503935,0.19943744,0.61560166,0.51443833,0.3671085,0.36589184,0.22556622,0.84259,0.82923543,0.9570226,0.62939084,1.5309292,3.7264404,4.9131303,6.1233926,3.351545,1.478408,1.0008911,0.8247162,0.15032053,0.08351715,0.05580689,0.04146923,0.012874204,0.036075465,0.14240308,0.1621922,0.3380963,0.49113843,0.66451466,0.25437197,0.14314029,0.020806685,0.001774261,0.000123512,1.85E-05,1.19E-05,9.02E-06,7.21E-06,5.96E-06,5.05E-06,4.35E-06,3.80E-06,3.36E-06,3.00E-06,2.69E-06,2.44E-06,2.22E-06,2.04E-06,1.88E-06,1.75E-06,1.63E-06,1.53E-06,1.44E-06,1.36E-06,1.29E-06,1.23E-06,1.18E-06,1.14E-06,1.10E-06,1.08E-06,1.05E-06,1.04E-06,1.03E-06,0.6906778,0.35165083,0.049339395,0.18443966,0.80920464,0.29271933,0.06983571,0.48005304,0.41108048,0.0634414,0.016638698,0.10927413,0.2763614,0.27055436,0.11062469,0.18352377,0.28944185,0.2552422,0.119732544,0.25478542,0.37295583,0.17311175,0.09830238,0.13262834,16.65015708,30.59431633,33.67293236,30.34983403,28.62727265,71.91077849,19.46917766,3.697956475,4.774977407,4.764203291,3.52617955,3.061519354,7.95019429,2.880484387,hyperkinetic dysphonia
voice090.wav,16.255554,0.15957724,0.117810141,0.018564676,-226.38638,140.6181,-133.71492,33.4985,-4.8105106,-22.503551,30.531073,-25.235151,-0.8737864,-3.8556314,-36.53051,3.1918917,-3.2490013,66.388336,24.256592,26.568037,9.545844,4.996143,5.6891265,6.8821583,5.8288693,2.9279203,2.8765297,7.5901484,3.3322272,2.424194,0.003461768,0.007811293,0.006341504,0.01482427,0.019110128,0.100850455,0.052591503,0.035028197,0.032893844,0.5976757,87.00606,34.05916,0.18110508,0.06845967,0.01687221,0.010983991,0.020995157,0.01737321,0.012344043,0.010661673,0.1131662,26.38687,32.902885,0.39291242,0.010361518,0.011860763,0.015197709,0.020107662,0.021058124,0.016140688,0.020867744,0.08933581,27.760319,87.38657,8.6531725,0.047958568,0.065050796,0.102508955,0.17130269,0.14719352,0.15177636,0.14279622,0.31298053,67.663445,287.79285,45.91305,0.18829678,0.09260584,0.085127845,0.10223203,0.07526817,0.05271454,0.68289244,11.3082905,5.284552,0.06960399,0.07934792,0.17505503,0.12430362,0.12713954,7.641985,22.195414,2.7419202,0.11428961,0.19082578,0.1625378,2.4402473,19.346083,5.212241,0.06938683,0.0706214,0.04629449,0.85830855,2.050442,0.12673092,0.019623058,0.019921495,0.62243164,1.0312431,0.068874955,0.029223634,0.27963912,1.832876,0.4711442,0.079698905,1.1129326,3.3512475,0.4297509,0.030296057,0.17085144,0.15261841,0.009416328,0.029423323,0.09340194,0.01687228,0.009738068,0.031709224,0.005920102,0.000202813,3.12E-06,5.11E-07,4.02E-07,3.30E-07,2.77E-07,2.38E-07,2.07E-07,1.83E-07,1.62E-07,1.46E-07,1.31E-07,1.19E-07,1.09E-07,1.00E-07,9.28E-08,8.62E-08,8.04E-08,7.54E-08,7.10E-08,6.72E-08,6.39E-08,6.10E-08,5.86E-08,5.65E-08,5.47E-08,5.33E-08,5.21E-08,5.14E-08,5.09E-08,0.021912506,0.019103106,0.021200605,0.050622273,0.039959345,0.13030942,0.10756428,0.1452514,0.19401976,1.2484862,31.23993,12.40441,0.3097252,0.09116329,0.05673988,0.014487502,0.023410868,0.01633343,0.015173597,0.014532894,0.21472497,13.4608555,15.030553,0.55685294,0.030077767,0.018495081,0.018410593,0.02326808,0.027468294,0.041556124,0.08092782,0.23448302,24.3561,35.977425,11.958838,0.10147199,0.0798868,0.08216615,0.2305138,0.13407649,0.1521279,0.15998875,0.6156916,90.117294,129.1413,61.34503,0.3248555,0.11703118,0.06613907,0.08496881,0.053347614,0.04649998,1.6257977,7.786419,4.6195865,0.080775864,0.06446254,0.16323137,0.079829685,0.14693882,8.650209,14.508758,4.470413,0.08652622,0.13567889,0.09925642,4.8837776,15.717569,5.3720155,0.037677035,0.0468169,0.026699735,0.7198498,1.3530487,0.2063743,0.012580173,0.02307652,0.47237813,0.7218176,0.114372306,0.01633875,0.31297922,1.1096404,0.70078045,0.046898026,2.192994,3.7676377,0.86463,0.025969407,0.18043493,0.1308763,0.011543122,0.030706786,0.060468186,0.026982568,0.008521244,0.01509346,0.00838892,0.000156723,9.57E-06,6.20E-06,4.88E-06,4.00E-06,3.36E-06,2.89E-06,2.52E-06,2.21E-06,1.97E-06,1.77E-06,1.59E-06,1.45E-06,1.32E-06,1.22E-06,1.13E-06,1.05E-06,9.76E-07,9.15E-07,8.62E-07,8.15E-07,7.75E-07,7.40E-07,7.10E-07,6.85E-07,6.63E-07,6.46E-07,6.32E-07,6.23E-07,6.17E-07,0.98590004,0.19720408,0.025958309,0.036817223,0.06655034,0.034335606,0.07557104,0.32291257,0.0858893,0.06651802,0.09017703,0.19308178,0.087357946,0.10268656,0.09246215,0.13056177,0.08808586,0.08861722,0.114088915,0.10422243,0.1231448,0.15129447,0.119590156,0.11729114,18.1330626,27.98990854,29.31398681,28.33039418,24.72370048,70.99017717,17.71724234,3.934790577,4.443661877,4.660868872,3.618661626,2.224611134,8.688530908,2.680718628,healthy 
voice091.wav,6.509881,0.3375563,0.075028183,0.039850257,-193.15092,158.86945,-78.746605,16.849632,3.2451642,-31.229172,-19.795404,-27.140884,-6.914286,-14.066835,7.753721,14.159921,-31.745077,43.050278,21.39793,13.277682,7.37542,4.901078,5.1271534,4.2898893,5.8615756,4.2147994,4.8493133,4.1217346,4.9782643,5.4532676,0.0054274,0.014696397,0.0165253,0.031490043,1.0841084,85.33061,27.30721,0.43843007,0.30229792,0.15518913,1.5072628,78.272285,78.17261,0.7704659,0.03160471,0.01902694,0.8858868,102.52234,357.31042,22.185368,0.12876582,0.19902356,18.813587,633.8604,1775.3674,424.5097,1.2554587,0.12637311,0.7647606,15.041741,26.550161,19.73979,0.8915107,0.022091594,0.1553355,2.4129937,8.651464,9.325564,0.9323214,0.023187801,0.09413644,1.6745079,3.9449074,9.599822,2.600216,0.024800992,0.26990506,1.2711914,6.521866,7.356474,0.6822451,3.2312934,18.461634,69.90714,34.336037,1.3100554,2.2045043,1.3041141,0.967764,0.16133317,0.5264715,0.9357765,1.3444183,0.33576643,0.50081277,1.3949393,0.6781493,0.4376449,1.4386593,1.6993086,0.5304892,1.103853,1.6098995,0.6742142,1.5504221,1.5668993,0.3452616,0.5699691,0.23670074,0.047483236,0.053910926,0.015071579,0.024424806,0.007256942,0.00558048,0.004304726,0.003442521,0.00252505,0.001582851,0.001354074,0.000971977,0.000798808,0.006021091,0.06823166,0.33348364,0.064893305,0.03454328,0.009343115,0.001457012,2.45E-05,9.47E-06,7.21E-06,5.79E-06,4.79E-06,4.07E-06,3.52E-06,3.07E-06,2.72E-06,2.43E-06,2.19E-06,1.98E-06,1.81E-06,1.66E-06,1.53E-06,1.42E-06,1.33E-06,1.25E-06,1.17E-06,1.11E-06,1.06E-06,1.01E-06,9.69E-07,9.34E-07,9.05E-07,8.82E-07,8.64E-07,8.51E-07,8.43E-07,0.053189307,0.1110104,0.13096161,0.23106204,1.9527707,31.81501,12.065214,0.54139066,0.5040232,0.22727688,3.6349332,33.265453,39.906784,1.0443674,0.10771907,0.06901279,2.818391,56.45452,233.31114,33.179104,0.4425542,1.2925406,66.71748,932.96185,801.9745,497.54794,3.1958783,0.62750244,2.5729284,31.219925,15.227892,25.045897,2.3097277,0.14112614,0.55485266,4.7944694,7.7062335,6.39082,1.9764149,0.09420579,0.31336924,3.677266,3.6646264,6.5787096,4.8266416,0.080230325,0.73047084,2.3350554,5.5774083,7.6727133,1.7131953,7.9789033,32.581932,54.687065,33.7702,3.4103427,5.0866933,1.4575835,0.9894368,0.30624872,1.0602587,0.763966,1.0839573,0.5125773,0.83268195,1.0348839,0.66093993,0.7958487,1.2897288,1.2166712,0.83148235,0.9067879,1.0681146,0.9976467,1.3509122,1.1069502,0.47133848,0.6260095,0.3336447,0.046593737,0.035631314,0.016812943,0.018498817,0.007591302,0.004944078,0.004403021,0.00416293,0.003217831,0.003396222,0.003076608,0.002825384,0.002332972,0.003444424,0.06125497,0.2542629,0.07357369,0.038034715,0.010688753,0.001293403,0.00017413,0.000114822,8.75E-05,7.02E-05,5.81E-05,4.94E-05,4.26E-05,3.73E-05,3.30E-05,2.95E-05,2.65E-05,2.40E-05,2.19E-05,2.02E-05,1.86E-05,1.73E-05,1.61E-05,1.51E-05,1.42E-05,1.35E-05,1.28E-05,1.22E-05,1.18E-05,1.13E-05,1.10E-05,1.07E-05,1.05E-05,1.03E-05,1.02E-05,0.026859766,0.32086444,0.9443579,0.23379532,0.073597856,0.037008658,0.032529082,0.016740363,0.042994983,0.17557308,0.06042009,0.0158241,0.064451806,0.32616112,0.14653696,0.19339897,0.08758148,0.097395964,0.08587377,0.09191172,0.10400038,0.13321586,0.10195291,0.06606958,35.04456487,27.38491336,34.77799227,30.19523973,30.31230249,70.71563767,19.39165964,4.200871538,4.204302786,4.821423209,3.690081954,3.692056181,8.150461609,2.893647244,healthy 
voice092.wav,11.312661,0.15668958,0.088365798,0.038380946,-188.56206,181.13705,-112.17737,32.99243,-34.734863,-17.893396,35.447186,-43.787884,6.6949573,9.644371,-21.370705,14.24401,-18.477972,54.576122,22.835796,19.150808,7.8643746,6.8454623,6.3233275,6.1555276,6.5676565,5.886505,3.1917274,5.638556,3.9768069,3.787503,0.015793674,0.022372615,0.043416142,0.09633397,47.141266,257.26666,7.4968925,0.061934303,0.043458723,0.03357702,25.873795,70.24615,1.7687367,0.092464834,0.034638148,0.05632649,13.236611,22.033098,0.71208364,0.028708177,0.03973916,0.3216072,33.51099,47.323975,2.1616924,0.51165694,0.4624559,4.9021816,102.6328,76.84273,2.3568246,0.0946367,0.105216354,4.2093306,23.704233,9.05933,0.59339666,0.22158682,0.31470317,5.1806993,14.698275,4.488495,0.40309727,0.35224333,0.6961382,8.966665,10.166322,2.571337,0.6556799,0.80506325,7.8759813,7.8951836,1.5022141,0.6726414,1.9268491,1.767338,0.345648,0.08540104,0.7401519,1.6611698,0.5049543,0.19546755,0.79036605,0.26219636,0.07807762,0.21707194,0.24416429,0.0670379,0.11720258,0.13499773,0.057247188,0.0939494,0.1017211,0.051782347,0.09222488,0.07252675,0.066109754,0.08259461,0.04968169,0.062199038,0.055934343,0.11188201,0.117852576,0.20187365,0.34264508,0.58004904,0.71694934,0.60038704,0.31087723,0.19384384,0.10283109,0.13904113,0.113885485,0.1409468,0.1493699,0.15408911,0.15384838,0.050204173,0.003822407,4.29E-06,2.80E-07,2.11E-07,1.68E-07,1.39E-07,1.17E-07,1.01E-07,8.79E-08,7.76E-08,6.90E-08,6.19E-08,5.60E-08,5.09E-08,4.66E-08,4.29E-08,3.97E-08,3.69E-08,3.45E-08,3.24E-08,3.06E-08,2.90E-08,2.77E-08,2.65E-08,2.55E-08,2.47E-08,2.40E-08,2.35E-08,2.31E-08,2.29E-08,0.1483306,0.15527323,0.33922306,0.68807757,18.56652,84.80458,7.0041127,0.18548623,0.15407857,0.05975848,13.5282,32.148067,2.4658341,0.11757505,0.102161996,0.13697276,8.046115,14.824881,1.4995706,0.027090928,0.04046482,0.48360205,16.44133,55.95138,4.4207625,0.37180367,0.38028178,7.7503705,74.87574,91.32801,5.4537954,0.08139411,0.16580202,5.193187,14.175445,9.915253,1.2715697,0.18463857,0.20178835,6.864962,12.688307,6.8687487,0.3995641,0.29590195,0.98608667,10.176052,7.8043118,4.4209476,0.569914,0.8333338,7.2506223,8.248087,2.1514275,0.45265928,2.6939306,1.4822934,0.4791166,0.06852599,0.84646684,1.8693026,0.9421866,0.2335964,0.9133694,0.2589704,0.05036158,0.2098899,0.23277542,0.06939202,0.105536655,0.09675223,0.064807676,0.07270031,0.07943626,0.057445828,0.06053666,0.09554438,0.05218078,0.060802534,0.07226801,0.039215755,0.049843237,0.08393438,0.0798401,0.12588526,0.29092538,0.35089982,0.48620656,0.6675808,0.31922895,0.20339277,0.07962734,0.13671263,0.07944543,0.078359336,0.07067868,0.075056866,0.087078735,0.03429799,0.004370181,6.01E-06,3.40E-06,2.56E-06,2.04E-06,1.68E-06,1.42E-06,1.22E-06,1.07E-06,9.41E-07,8.37E-07,7.51E-07,6.79E-07,6.18E-07,5.65E-07,5.20E-07,4.81E-07,4.48E-07,4.19E-07,3.93E-07,3.71E-07,3.52E-07,3.36E-07,3.22E-07,3.10E-07,2.99E-07,2.91E-07,2.85E-07,2.81E-07,2.78E-07,0.27675137,0.9346843,0.44832754,0.12515238,0.19218084,0.661365,0.1626817,0.08643966,0.2848109,0.09744801,0.07181521,0.1198183,0.124521874,0.13609898,0.20108758,0.08992407,0.115223624,0.24527007,0.14920288,0.11849912,0.12278489,0.09839207,0.11035436,0.117839985,34.95515539,26.22439873,26.40494898,21.34309258,18.95938567,73.69331991,17.71552861,4.982256782,4.593204312,3.802588015,2.34934941,2.407985812,8.460522509,2.658926067,healthy 
voice093.wav,27.972034,0.24793048,0.144521419,0.021275977,-137.98257,147.04147,-163.0959,3.7086406,-31.244167,-11.890397,25.728384,-50.382904,3.9850173,-0.83431447,-31.525675,3.0776942,-22.612839,57.93691,21.900713,23.748514,9.867247,8.486219,4.770014,5.1144867,7.530654,3.7990334,3.1710477,4.945123,3.4316924,4.3992767,0.001089151,0.001629209,0.001757038,0.005320751,0.014769501,0.01644722,0.017377773,0.06265874,4.948211,39.979504,17.745113,0.10977465,0.11969689,0.117563605,0.1699806,0.09849991,0.17133322,3.1279857,15.813337,40.50306,29.010893,2.7047918,0.21686785,0.70663226,0.5483386,0.39405516,1.7436812,3.5297348,12.080813,49.193413,49.00921,21.261784,2.1863308,1.955901,2.676974,7.9243236,20.552942,20.803541,47.076027,154.04012,164.34543,110.313416,28.449108,6.704487,10.338974,15.906898,13.514672,31.030277,56.897835,64.458145,76.50957,47.02613,13.719602,20.005432,47.12243,120.58187,161.30045,113.870346,47.41031,11.260522,2.653061,4.657424,8.050081,8.772248,6.062573,2.2217653,1.052532,2.1181314,3.089752,1.8407099,0.89753455,0.34011266,0.5608535,0.92567533,0.65930545,0.3788504,0.28097597,0.49533564,0.44434363,0.39233062,0.38989687,0.6570617,0.5771057,0.56728715,0.92345023,1.3270079,0.95576406,0.64314497,0.5796838,0.5033551,0.50582975,0.53416777,0.48344663,0.53233993,0.6405227,0.66804665,0.59965014,0.31096846,0.025328165,7.96E-05,4.91E-07,3.31E-07,2.42E-07,1.86E-07,1.48E-07,1.20E-07,9.89E-08,8.28E-08,6.98E-08,5.94E-08,5.09E-08,4.39E-08,3.81E-08,3.32E-08,2.90E-08,2.55E-08,2.25E-08,2.00E-08,1.78E-08,1.59E-08,1.44E-08,1.31E-08,1.19E-08,1.10E-08,1.03E-08,9.73E-09,9.33E-09,9.08E-09,0.005014362,0.003769281,0.004005564,0.007398758,0.021419464,0.020841962,0.02397966,0.14706014,6.666566,17.53668,22.042332,0.18168777,0.086653166,0.3770488,0.44999442,0.22739686,0.5262565,9.441654,23.229382,26.235352,29.005941,6.3433533,0.627492,2.7287042,1.5516856,0.9936957,6.368518,8.20535,16.138489,50.246174,49.266827,36.738483,4.2400684,5.3117614,5.7573886,25.212261,65.96856,38.147038,69.36353,166.52618,204.11449,178.67836,65.368576,17.958485,36.283253,47.09881,22.929796,48.769405,72.20698,64.08592,108.97588,99.3676,30.446188,55.960674,77.58212,189.8936,163.20967,119.06902,74.94709,18.796963,3.806326,6.6889343,9.895237,8.207631,7.4954047,3.3868518,1.5606296,2.5453234,2.9690702,1.7086568,1.242814,0.41255578,0.7312145,0.796038,0.59504515,0.46839133,0.31997433,0.43353215,0.3688796,0.43197784,0.52712005,0.6463387,0.5108222,0.5598052,0.98566777,1.0568893,0.6802257,0.5656747,0.46572134,0.33378828,0.43707347,0.36258224,0.29030344,0.41629452,0.42608908,0.47249404,0.42100167,0.22833197,0.019378375,8.56E-05,5.95E-06,4.02E-06,2.94E-06,2.26E-06,1.79E-06,1.46E-06,1.20E-06,1.00E-06,8.47E-07,7.21E-07,6.18E-07,5.33E-07,4.62E-07,4.02E-07,3.52E-07,3.09E-07,2.73E-07,2.42E-07,2.16E-07,1.93E-07,1.74E-07,1.58E-07,1.45E-07,1.34E-07,1.25E-07,1.18E-07,1.13E-07,1.10E-07,0.099616595,0.15117557,0.31733984,0.26594356,0.35549483,0.79040825,0.3597415,0.07491805,0.120746545,0.23600829,0.5899318,0.34608078,0.18527815,0.14588432,0.18946117,0.29789934,0.31395748,0.29131535,0.26685113,0.11666378,0.17787391,0.23056155,0.2716383,0.315382,16.43167863,24.41265521,24.26136151,21.56158603,19.41121306,73.99143166,17.59323539,3.350593435,4.705253659,4.701102486,3.552559428,3.018887846,8.227804916,2.603232418,hypokinetic dysphonia
voice094.wav,77.38963,0.09338591,0.161181968,0.064871522,-187.68689,164.00262,-137.63417,40.199554,-18.72028,-12.786199,33.54029,-34.027565,24.011988,-4.383429,-46.694023,17.022274,-8.765392,65.609406,25.120533,26.989199,7.911621,5.791294,7.070881,9.957812,7.100746,4.787796,5.4397182,7.298194,8.338724,4.4857764,0.002662489,0.009124537,0.009000311,0.75533384,16.99409,13.701845,23.45288,57.78209,5.067663,2.6377416,3.5904706,1.7475373,0.92664576,0.72478294,2.5801845,7.5160356,2.130431,0.36060032,0.35602707,0.24990396,0.4103002,0.5215362,1.4860777,4.631795,2.066666,0.40787753,0.46729743,0.37996614,0.34429583,0.6988843,1.3485308,3.4702344,2.3899713,0.6974318,0.9129863,1.733391,2.5997047,3.0461118,4.6483073,11.593898,13.849835,7.154655,6.3266764,4.684839,5.454593,2.8183353,1.6448352,1.3838537,1.1036365,0.90343225,0.6176738,0.6253324,0.57383525,0.7834788,0.90280354,0.91790897,0.99847484,1.1843194,1.173241,1.4198605,1.5088476,1.6309723,2.054561,2.9117398,4.7716055,4.6289167,3.991479,2.0467522,1.2656238,0.81376636,0.50066566,0.30948064,0.21422918,0.17276503,0.14915644,0.15288374,0.13635401,0.10499387,0.0933732,0.09007035,0.078973755,0.07147158,0.08609958,0.116098516,0.15249002,0.26593152,0.52263635,1.0805707,2.2940478,2.3064044,1.5884402,0.93143314,0.454467,0.28364754,0.20752794,0.16212578,0.13642614,0.07717091,0.008001257,2.13E-05,3.76E-08,2.59E-08,1.89E-08,1.44E-08,1.13E-08,9.16E-09,7.55E-09,6.36E-09,5.42E-09,4.69E-09,4.10E-09,3.63E-09,3.24E-09,2.92E-09,2.65E-09,2.42E-09,2.23E-09,2.07E-09,1.93E-09,1.82E-09,1.72E-09,1.63E-09,1.56E-09,1.51E-09,1.46E-09,1.42E-09,1.40E-09,1.38E-09,0.004964507,0.009403539,0.015810004,1.5945323,23.934298,23.086578,38.053387,119.43849,15.992494,4.3357477,8.0649,5.042328,3.3153076,2.2456486,5.8232875,18.194834,6.77936,0.844452,0.7631105,0.38489628,0.63036096,0.8459006,4.129421,13.349666,7.6391797,0.4841407,0.47708547,0.40469137,0.38942435,1.2722666,3.266147,9.628865,7.5663905,0.6628011,0.75093615,2.2178853,5.0889297,3.8199587,8.729705,27.602047,34.21372,7.864769,8.861039,5.808749,7.3026233,3.2672327,2.0055885,1.4571761,1.187896,0.96642745,0.71862423,0.65858185,0.54593,0.7741995,0.97372526,0.8833267,0.89752936,1.173868,1.0493394,1.5967523,1.3429133,1.3322072,1.3961203,2.055173,3.7477129,4.340128,4.156628,1.8432924,1.2479405,0.8034733,0.5098804,0.2831278,0.18454751,0.13794373,0.13652787,0.14050871,0.15567419,0.09164705,0.08495479,0.077507004,0.06380498,0.062441017,0.07822974,0.10632846,0.14380515,0.24976623,0.5938078,1.3113923,2.4679925,1.88238,1.2335693,0.8229338,0.43247873,0.2482378,0.16464017,0.12121441,0.10672619,0.0669193,0.006497902,1.84E-05,4.56E-07,3.14E-07,2.29E-07,1.74E-07,1.37E-07,1.11E-07,9.16E-08,7.71E-08,6.57E-08,5.68E-08,4.97E-08,4.40E-08,3.93E-08,3.54E-08,3.21E-08,2.94E-08,2.71E-08,2.51E-08,2.34E-08,2.20E-08,2.08E-08,1.98E-08,1.90E-08,1.83E-08,1.77E-08,1.73E-08,1.70E-08,1.68E-08,0.44494152,0.2904477,0.2001412,0.15717766,0.21676037,0.3285259,0.4435213,0.4935083,0.43978012,0.5793573,0.54722166,0.55341953,0.3352482,0.24060358,0.23357235,0.20018147,0.26714122,0.31975237,0.27625924,0.22942854,0.21111579,0.30671728,0.28350165,0.35290718,30.24227217,19.35335075,17.59209238,17.14805554,19.00887359,76.52834823,17.0290405,4.85527632,4.719631179,4.426450777,3.152393088,1.641413669,8.609796752,2.727220104,hypokinetic dysphonia
voice095.wav,21.989584,0.20828149,0.129977847,0.019636543,-180.0297,161.52023,-164.11678,15.795474,-23.101622,-16.000868,43.99272,-32.38789,-1.6540685,7.1563697,-12.931981,6.729366,-23.318792,55.58556,21.448847,22.712591,6.1464343,4.198856,3.3608973,6.4786525,5.1434703,3.021486,3.02508,3.7132394,4.9795804,4.763591,0.009170909,0.007051413,0.014371948,0.023665112,1.792232,46.66262,7.497162,0.014294765,0.012056125,0.004232311,0.95650357,22.612045,6.4612093,0.028464977,0.0037158,0.004329554,0.29718065,6.3361278,2.6149042,0.08680533,0.007918313,0.011729002,1.5674238,46.608704,40.112827,2.528818,0.07537045,0.052210577,2.9920416,37.007694,27.675306,5.119741,0.46258664,0.12088832,5.7235527,65.351906,70.10478,15.723197,3.714995,1.2250173,20.34284,115.86787,123.10248,40.554863,4.566073,2.4289641,28.746021,108.45307,67.08204,17.249784,5.2346973,32.122013,105.97547,75.2234,16.770866,9.379897,36.970642,24.445133,2.3314106,1.1641166,6.182812,5.7205014,1.542667,1.0005571,2.065119,1.0692492,0.41733316,1.0423106,0.7376618,0.22279665,0.5745154,0.4993892,0.2345046,0.6579171,0.3940409,0.48618108,1.3091795,0.90567946,2.8570836,3.1444445,1.4698894,1.3224655,0.5501935,0.5737199,0.37751433,0.30955172,0.2829363,0.22962601,0.15703546,0.10911258,0.10559933,0.13105577,0.23047853,0.328281,0.42663693,0.30891377,0.1434264,0.04449186,0.001474893,1.47E-06,2.84E-07,1.86E-07,1.30E-07,9.47E-08,7.14E-08,5.49E-08,4.29E-08,3.40E-08,2.72E-08,2.19E-08,1.78E-08,1.45E-08,1.18E-08,9.62E-09,7.84E-09,6.38E-09,5.17E-09,4.17E-09,3.34E-09,2.65E-09,2.07E-09,1.60E-09,1.20E-09,8.87E-10,6.37E-10,4.46E-10,3.11E-10,2.30E-10,0.09426005,0.06814876,0.14285766,0.18578038,1.8496414,15.824361,4.2585845,0.04230314,0.04379649,0.018191958,1.6011066,9.654047,4.2901745,0.105222315,0.01715764,0.03023633,0.56058013,3.7857778,1.5208179,0.32949728,0.030627063,0.03713537,3.1583824,26.476442,31.19544,6.4397516,0.24170838,0.19688281,6.6530666,31.740225,16.354445,13.268028,2.459581,0.35679343,11.665445,59.32972,49.548782,26.661514,18.668247,3.9397888,61.517643,97.09663,73.93984,77.58672,16.832052,8.2528925,50.498283,75.74526,72.56125,48.852364,16.713993,42.90926,67.493515,105.669075,51.363144,21.477846,30.688251,20.563898,4.638247,2.0646172,4.997899,5.4470983,3.4797695,1.238445,1.3055222,1.480041,0.682992,0.72678995,0.6650259,0.29518172,0.37670326,0.42592773,0.28582728,0.44146773,0.31418183,0.41486722,0.9483351,0.90160745,1.8269683,2.5043902,1.5303088,1.157057,0.5668722,0.4031989,0.40359813,0.21982795,0.3026572,0.22363815,0.17007923,0.12187293,0.16972548,0.17832665,0.2819912,0.3369547,0.42372957,0.25896287,0.109909415,0.047407318,0.001576387,6.40E-06,3.45E-06,2.25E-06,1.58E-06,1.15E-06,8.66E-07,6.66E-07,5.20E-07,4.13E-07,3.30E-07,2.66E-07,2.16E-07,1.75E-07,1.43E-07,1.17E-07,9.51E-08,7.74E-08,6.28E-08,5.06E-08,4.05E-08,3.21E-08,2.51E-08,1.93E-08,1.46E-08,1.08E-08,7.73E-09,5.41E-09,3.77E-09,2.79E-09,0.27603057,0.8910691,0.4120629,0.7027874,0.41621736,0.41836566,0.096711375,0.14306712,0.43042207,0.14859952,0.42610574,0.65226483,0.14904904,0.17962821,0.1894532,0.21006754,0.21552426,0.14526014,0.060013983,0.12359385,0.19260842,0.13424984,0.3064739,0.18721451,34.11301766,29.06806282,28.94990261,25.13316496,22.7506303,74.25920075,18.43138485,4.594140631,4.660796015,4.121173918,2.840105659,2.673120974,7.854973735,2.152938124,healthy 
voice096.wav,10.684537,0.20034268,0.098275613,0.022268881,-210.80371,142.72339,-144.63321,20.885345,-17.758947,-8.963079,18.999094,-50.390915,14.990631,4.9584594,-36.18552,6.611545,-19.823622,57.31056,23.033573,24.091814,9.389574,5.459789,6.1729465,4.704827,9.5989,5.662602,3.6751363,6.3423576,3.187395,3.9182625,0.001889951,0.002160985,0.004638669,0.016441742,0.016270643,0.04257358,0.026753386,0.049278203,0.10653824,0.16847923,93.525925,220.05008,2.4891028,0.16676295,0.09061726,0.085932754,0.11646713,0.06504668,0.04721301,0.018754331,0.036511824,0.555518,47.188507,37.10361,0.2511122,0.07734945,0.07561129,0.06889224,0.23933679,0.16117819,0.07447967,0.10714433,0.16910349,31.711002,194.97507,38.048027,0.252029,0.04432597,0.053763807,0.07254506,0.13914898,0.13510509,0.14904295,0.22025391,7.7874894,189.61488,150.69981,5.2099013,0.23667276,0.19017132,0.3192374,0.29426932,0.19686104,0.48286808,33.224438,88.52745,7.677836,1.1622417,1.39393,1.9334415,0.8366978,3.9371011,41.232826,17.610891,0.37036338,0.1935392,0.18845193,0.1081413,1.2330244,2.1740944,0.14751412,0.05234763,0.04355725,0.074188486,0.61185247,0.22776142,0.008715099,0.008367366,0.03842106,0.22606792,0.07404065,0.014708399,0.038247865,1.0763772,0.97123474,0.05245124,0.03688995,1.0748856,1.2150099,0.11798864,0.29515296,1.0699956,0.20794955,0.04467007,0.33723512,0.23248081,0.023776777,0.051845506,0.013700184,1.36E-05,2.09E-06,1.53E-06,1.21E-06,9.93E-07,8.44E-07,7.31E-07,6.42E-07,5.72E-07,5.14E-07,4.66E-07,4.25E-07,3.91E-07,3.61E-07,3.35E-07,3.13E-07,2.94E-07,2.77E-07,2.62E-07,2.50E-07,2.38E-07,2.29E-07,2.20E-07,2.13E-07,2.07E-07,2.02E-07,1.99E-07,1.96E-07,1.94E-07,0.004637075,0.009406122,0.016048722,0.028739793,0.036206074,0.17644015,0.08629181,0.17170773,0.34493962,0.46374518,42.462708,121.84755,2.262066,0.78158754,0.41566962,0.39352918,0.45184213,0.24416237,0.21242915,0.05287357,0.092153676,1.2647718,15.621963,28.034561,0.44126,0.35907552,0.2624564,0.07760499,0.3675893,0.20377943,0.06693377,0.12797426,0.20099168,44.3767,105.415794,32.690517,0.4189615,0.050561544,0.064465955,0.07088316,0.15535659,0.10716051,0.12304512,0.19671841,21.278257,130.1861,79.747894,11.679688,0.27201378,0.18098438,0.26665825,0.2493871,0.15769528,0.727757,24.012701,47.817043,13.299897,0.98685306,1.1284653,1.643084,0.62751514,8.532075,28.151087,15.389642,0.54781467,0.137227,0.12748155,0.08099907,0.9926409,1.1596137,0.18892398,0.036561992,0.027223254,0.103596054,0.38318992,0.21586916,0.007249994,0.007512264,0.048513178,0.14209305,0.098538615,0.014399372,0.054971404,0.9159537,0.9909825,0.09858401,0.032762017,1.1257535,1.285883,0.08410588,0.46294275,0.95861804,0.265371,0.035051376,0.23449819,0.19809917,0.015713057,0.060677454,0.011111437,5.07E-05,2.54E-05,1.85E-05,1.46E-05,1.20E-05,1.02E-05,8.87E-06,7.79E-06,6.94E-06,6.23E-06,5.65E-06,5.16E-06,4.74E-06,4.38E-06,4.07E-06,3.80E-06,3.57E-06,3.36E-06,3.18E-06,3.03E-06,2.89E-06,2.77E-06,2.67E-06,2.59E-06,2.51E-06,2.45E-06,2.41E-06,2.38E-06,2.35E-06,0.18937305,0.9842084,0.20289789,0.008772898,0.065587856,0.2678599,0.045606934,0.10844051,0.5381277,0.09598796,0.011338998,0.015423733,0.09992424,0.11592669,0.108053274,0.040511284,0.031155614,0.111259334,0.045079276,0.09367867,0.22680692,0.07022881,0.04794056,0.05035562,16.79935471,29.78850012,27.86643956,27.01098782,27.47912842,74.89493697,19.08781448,3.742187227,4.564987739,4.154067542,3.011168081,2.574291084,8.837384211,2.673890413,healthy 
voice097.wav,12.442403,0.19948341,0.120447107,0.019357785,-217.11557,146.20404,-150.78256,32.896324,-8.658816,-13.526885,24.827166,-45.6074,10.0543785,9.933178,-30.73352,1.7353103,-20.315977,54.57027,19.974035,21.59241,8.544583,4.120753,4.503172,6.258157,7.112751,3.078054,3.572138,4.5960674,2.444345,3.7424886,0.001241683,0.001741155,0.002937139,0.009751663,0.015051983,0.01088832,0.020959543,17.159506,169.54848,9.634756,0.019229895,0.010625728,0.010873197,0.0111642,0.012434323,0.012982367,2.6256037,17.86594,1.2575173,0.012817957,0.009515589,0.009688276,0.007897338,0.01044637,0.02856175,19.03153,84.36975,5.676751,0.0515524,0.0258191,0.022114566,0.020593582,0.017975193,0.054646447,20.321556,82.543076,7.242976,0.11553473,0.07733112,0.06749877,0.061749995,0.062091764,0.23688734,27.911621,63.747982,2.485459,0.08488605,0.12009494,0.099564165,0.07168668,2.275278,102.87697,50.7056,0.55675805,0.24269634,0.3826682,0.8021951,128.47675,209.34602,6.2877455,0.40091163,0.26230186,1.6766033,30.2997,7.8002286,0.058604047,0.041234046,0.5349706,4.680463,0.76829547,0.017631339,0.033697076,1.9107573,1.5647968,0.035147402,0.017515885,0.8645983,0.49850604,0.015032942,0.14696167,1.1387646,0.15842035,0.018487267,0.9581171,0.52781737,0.03004261,0.9267979,0.7157436,0.026640903,0.5298231,0.19681914,0.07616135,0.42186695,0.053929504,0.18410753,0.13899548,0.02791331,0.0607144,0.001233359,8.07E-07,2.47E-07,1.82E-07,1.44E-07,1.18E-07,1.00E-07,8.67E-08,7.59E-08,6.75E-08,6.05E-08,5.47E-08,4.99E-08,4.57E-08,4.23E-08,3.92E-08,3.66E-08,3.43E-08,3.24E-08,3.06E-08,2.91E-08,2.78E-08,2.67E-08,2.57E-08,2.49E-08,2.42E-08,2.36E-08,2.32E-08,2.29E-08,2.26E-08,0.003846838,0.004905599,0.007121795,0.014758471,0.024650542,0.036542665,0.09207886,7.264254,48.939163,3.9671953,0.070046484,0.023852928,0.013693173,0.010430094,0.012349322,0.012392747,1.6443839,6.315525,1.1944262,0.023260724,0.013266471,0.012198544,0.010151433,0.017562637,0.038684104,14.250578,21.894016,5.561219,0.07738592,0.04209324,0.03535811,0.027941208,0.02706298,0.08077342,13.550199,31.823406,8.599983,0.16542235,0.10821764,0.107055254,0.08322835,0.07976735,0.3594046,16.813646,28.729425,5.024942,0.09312329,0.13782847,0.13020755,0.08534112,4.015214,33.84195,42.55395,1.8182381,0.30320767,0.43085498,0.91084534,80.48417,68.16234,18.290594,0.46419677,0.30589396,2.4857278,12.350868,5.152359,0.0897526,0.0412017,0.7540344,2.0867348,0.9493606,0.0180745,0.065911554,0.8606215,0.7934623,0.123945214,0.023228746,0.4895743,0.22543986,0.021129996,0.16648085,0.3338022,0.20189701,0.029376859,0.43717343,0.4326791,0.046371326,0.55630016,0.52624047,0.036606442,0.2572785,0.14505537,0.07075011,0.16563681,0.082823835,0.09365945,0.06266623,0.02464414,0.03025327,0.001904066,4.80E-06,2.91E-06,2.15E-06,1.70E-06,1.40E-06,1.18E-06,1.02E-06,8.95E-07,7.95E-07,7.13E-07,6.44E-07,5.87E-07,5.39E-07,4.98E-07,4.62E-07,4.31E-07,4.05E-07,3.81E-07,3.61E-07,3.43E-07,3.28E-07,3.14E-07,3.03E-07,2.93E-07,2.85E-07,2.78E-07,2.73E-07,2.69E-07,2.67E-07,0.24574009,0.03008393,0.107956864,0.6870046,0.1312408,0.5244683,0.97944206,0.19380684,0.66658336,0.13693471,0.027866898,0.0696734,0.084647626,0.029044917,0.051152915,0.16950224,0.056128398,0.1760356,0.11746228,0.058737826,0.19995254,0.058435906,0.01883439,0.030732878,18.05820509,30.23736522,29.92849257,28.43053668,26.60874548,73.76636604,18.57202213,3.818979066,4.070905991,4.52514547,3.495271712,2.566105153,8.57427528,2.818520888,healthy 
voice098.wav,18.869852,0.2408755,0.135940139,0.02228343,-180.38358,123.472206,-165.52235,23.44465,-35.689075,-37.89681,33.873604,-32.12585,3.1511703,-5.7216187,-37.796017,17.29769,-7.188277,52.77208,19.568747,22.565136,8.155534,8.638822,7.5606737,4.9999747,5.4289813,2.3660166,3.0602958,5.7646337,3.7988892,2.9055882,0.000592591,0.000643853,0.001136038,0.003606796,0.003367987,0.003901294,0.004141747,0.007823941,0.016621454,21.869217,43.306164,0.3602298,0.005424262,0.006492082,0.011145232,0.032722987,0.032533564,0.025247056,0.035503436,0.44473514,54.187904,36.31402,0.18767801,0.060141962,0.12330631,0.14581026,0.20612024,0.16855286,0.11349499,0.10893822,32.83729,308.67883,64.83757,0.19619001,0.19580078,0.44574562,1.1401943,1.1631719,0.9943869,1.1056701,3.5777447,322.1847,632.2552,58.239246,1.3330792,1.5099566,1.7059281,1.874155,0.57990927,0.20655818,6.731487,40.164684,7.654791,0.14590842,0.1688769,0.39467344,0.27993262,0.36751202,15.4684105,23.17154,0.7729021,0.2586726,0.50225633,0.28554899,6.7112527,39.058918,8.321039,0.49109733,1.1099697,0.9449094,16.17876,13.017637,0.45533103,0.2776909,0.24419643,2.730143,1.9960839,0.09977984,0.1324039,1.5741948,2.9704173,0.30558348,0.23352665,1.8274319,3.5166988,0.41938853,0.65444165,6.5983887,4.1943793,1.1409417,1.8950521,1.7667822,0.21277973,0.3838255,0.43544,0.06516898,0.09657262,0.06551859,0.001312965,2.76E-06,2.66E-08,1.94E-08,1.53E-08,1.26E-08,1.06E-08,9.06E-09,7.83E-09,6.86E-09,6.06E-09,5.39E-09,4.84E-09,4.37E-09,3.97E-09,3.63E-09,3.34E-09,3.08E-09,2.87E-09,2.68E-09,2.52E-09,2.38E-09,2.26E-09,2.16E-09,2.07E-09,2.00E-09,1.94E-09,1.89E-09,1.86E-09,1.84E-09,0.001369571,0.003224952,0.005566747,0.008848841,0.011595438,0.011797093,0.012796027,0.022744317,0.061710577,13.385319,17.235638,0.27848244,0.024290452,0.012528495,0.019060412,0.08224538,0.04439945,0.028449439,0.047542483,0.80633676,24.221207,25.726223,0.22306558,0.07326259,0.14971572,0.20154297,0.4376406,0.17230366,0.13336067,0.18938878,35.27426,135.66693,57.92658,0.2714813,0.2534398,0.68904495,3.388247,2.8556647,1.2452557,1.263671,6.231682,261.2998,226.92296,89.78066,1.5402,1.7091941,2.6158874,5.3292146,0.63178,0.23085037,8.8153925,20.51135,9.056285,0.11133955,0.22234544,1.3027068,0.43895826,0.5967679,8.88973,15.106318,1.2067176,0.27235845,1.5312144,0.3779805,7.858838,21.633118,13.404031,0.5443653,3.020695,1.2249128,15.878077,9.526404,0.46157533,0.4102342,0.29654795,1.5052146,1.6682513,0.08549499,0.22384804,1.6157489,1.398743,0.2443233,0.27992466,1.7098349,1.8695264,0.4106148,0.9470618,3.5175955,3.0103288,1.5132656,1.7362227,1.2323569,0.1725287,0.33081752,0.2550286,0.050267603,0.076560296,0.040339313,0.001212083,2.65E-06,3.14E-07,2.29E-07,1.81E-07,1.48E-07,1.25E-07,1.07E-07,9.23E-08,8.09E-08,7.14E-08,6.35E-08,5.70E-08,5.14E-08,4.68E-08,4.27E-08,3.93E-08,3.63E-08,3.38E-08,3.16E-08,2.97E-08,2.80E-08,2.66E-08,2.54E-08,2.44E-08,2.35E-08,2.28E-08,2.23E-08,2.19E-08,2.17E-08,0.16780236,0.026784016,0.032343592,0.077585325,0.024803452,0.08546394,0.41913483,0.09077366,0.053684603,0.08730457,0.20692307,0.9924866,0.10734697,0.09048776,0.070189685,0.07309893,0.0781312,0.07743686,0.13908958,0.10159389,0.09915675,0.11366275,0.11512359,0.06443897,16.82761257,29.27299903,30.41027419,28.55979245,23.21116667,75.95399786,21.1158914,3.281666843,4.220388919,4.46577287,3.475616028,2.482598783,7.979144071,2.941316298,healthy 
voice099.wav,13.959509,0.25349867,0.117115405,0.033822323,-166.99828,157.94261,-133.69176,-13.287501,-30.551489,-23.83385,22.591873,-23.046356,-7.549898,1.922072,-2.7234654,-14.219752,-32.9651,47.954628,21.184118,19.606155,8.360344,6.8602767,4.713082,5.2640705,5.1207623,2.9318984,3.1757329,3.3950493,4.9025164,5.391325,0.005353558,0.007124139,0.009061356,0.020916928,7.7282796,15.465417,0.09315254,0.006138669,0.009231729,0.121434644,35.669655,31.690279,0.113949396,0.020707881,0.0116801,2.3889835,22.693295,7.4482493,0.04993809,0.05153788,0.050965775,16.186337,48.100082,4.943074,0.08921563,0.09721933,2.3221366,71.96386,70.97528,4.9839435,0.360312,0.4776814,50.90123,506.25928,296.06558,17.540749,1.0931045,2.1410875,59.93114,107.72951,25.91081,0.7126786,0.25057748,7.0847898,107.77627,71.181786,4.9694605,0.28913835,6.0913734,88.057686,60.332905,7.096771,1.9872525,99.50415,114.83303,18.258297,1.3643161,14.060193,13.065491,1.3344544,0.46838143,2.218293,0.87115735,0.11809197,0.2415133,0.39520672,0.072437756,0.340912,0.3261044,0.07670015,0.32703608,0.32281852,0.11235529,0.36193162,0.13896313,0.3239309,0.5140961,0.35710135,1.3237196,0.8974003,2.873253,2.3548064,1.1872679,0.40761945,0.14407352,0.0591299,0.030402971,0.016199278,0.00886363,0.002943276,0.002106307,0.003648998,0.013536828,0.06090758,0.09767389,0.121536866,0.15532133,0.08538565,0.008819151,1.04E-05,6.83E-08,4.09E-08,2.75E-08,1.98E-08,1.50E-08,1.17E-08,9.33E-09,7.61E-09,6.29E-09,5.27E-09,4.47E-09,3.83E-09,3.31E-09,2.89E-09,2.54E-09,2.25E-09,2.01E-09,1.81E-09,1.64E-09,1.50E-09,1.38E-09,1.28E-09,1.19E-09,1.13E-09,1.07E-09,1.03E-09,1.00E-09,9.84E-10,0.05258209,0.07390467,0.09017831,0.20213631,5.8229923,8.906526,0.16413121,0.039655503,0.040111106,0.43035635,21.852922,31.191786,0.32596147,0.13361071,0.06178261,4.3249393,15.635318,13.330224,0.21443538,0.32278612,0.3062123,12.795589,19.439505,8.280886,0.270318,0.42878857,5.8288403,57.545887,50.6922,10.666613,0.37878728,1.5723886,59.875576,298.4079,387.98624,50.57986,1.2007914,2.5774512,72.11088,57.43123,40.09889,1.2981044,0.30025446,15.75574,69.63704,54.495285,11.503259,0.24070668,9.811559,63.971413,51.400127,24.581963,4.8732862,88.742096,59.63869,33.463665,2.1531694,12.053339,8.893066,2.7438247,0.6256275,1.6177,0.7997028,0.22177038,0.1962806,0.40015644,0.08190556,0.33906716,0.22206372,0.12410751,0.23437664,0.2607482,0.1330101,0.23711212,0.11549539,0.25352323,0.37816095,0.32750526,1.2508261,0.8366843,2.0906715,2.326784,1.2073301,0.50250083,0.20943126,0.07534967,0.031744026,0.022445424,0.014286106,0.009027478,0.006957173,0.005570023,0.012885687,0.056952946,0.07474131,0.111498244,0.10358723,0.0503289,0.00774582,1.07E-05,8.27E-07,4.96E-07,3.34E-07,2.40E-07,1.82E-07,1.42E-07,1.13E-07,9.23E-08,7.63E-08,6.39E-08,5.42E-08,4.65E-08,4.02E-08,3.50E-08,3.08E-08,2.73E-08,2.44E-08,2.19E-08,1.99E-08,1.81E-08,1.67E-08,1.55E-08,1.45E-08,1.37E-08,1.30E-08,1.25E-08,1.22E-08,1.19E-08,0.41165525,0.14518532,0.26132068,0.24155629,0.5959296,0.14418498,0.16829526,0.96249133,0.3381659,0.13020854,0.23394066,0.085791685,0.20395944,0.09190942,0.17409338,0.12906487,0.26889527,0.11586971,0.117968485,0.094389945,0.2614452,0.13122831,0.119397394,0.06810826,33.72338637,28.76228612,28.94391871,26.68857039,26.01486134,71.33533831,18.64335729,4.913504095,4.6094448,4.424197388,2.757052136,2.82304049,7.665512022,2.744903987,healthy 
voice100.wav,11.618856,0.21357197,0.113697436,0.018644793,-201.61523,176.11404,-133.98549,-1.3487139,-21.855614,-27.430696,34.562046,-20.870205,-19.115248,-0.52778286,-2.8319292,4.422628,-27.403833,53.482788,24.243553,20.566923,9.578142,4.5990458,5.1147175,6.6882825,6.5875306,3.8418145,2.7701612,4.1147094,3.9845529,5.115888,0.001533995,0.002719995,0.0018179,0.003420078,0.008203372,7.786703,7.223035,0.04501192,0.1106084,0.05828064,0.031849504,5.353451,41.1085,4.147082,0.014255737,0.007766048,0.006463977,0.099900484,10.847424,13.070927,0.2468718,0.036641356,0.0478961,0.09809385,53.575657,179.09264,24.387434,0.24195166,0.062294837,0.059606872,11.312938,96.52331,49.018024,2.903333,0.3106869,0.30313945,0.77713895,34.05427,115.73065,36.992733,1.6901679,0.17591725,0.28250828,36.61311,190.45349,98.05456,7.442335,0.73066515,4.785204,96.82835,168.93465,49.03196,1.806027,0.8349509,13.233839,24.63059,4.655446,0.07314552,1.0650917,3.8692372,1.161491,0.033817485,0.12537402,0.83892,0.42194822,0.028002873,0.32224157,0.3458833,0.079383954,0.122906394,0.45611978,0.24150717,0.15318711,0.7305972,0.63010716,2.2060816,7.995114,2.421597,0.750305,0.788155,0.1767485,0.19435212,0.10964335,0.056674995,0.06656828,0.04296883,0.063169554,0.030066298,0.020561608,0.014705571,0.02761855,0.019915203,0.030594077,0.031616375,0.022199398,0.007911719,0.003766519,0.000962114,0.000140271,8.92E-07,3.99E-07,2.98E-07,2.36E-07,1.93E-07,1.62E-07,1.39E-07,1.20E-07,1.06E-07,9.37E-08,8.38E-08,7.57E-08,6.88E-08,6.29E-08,5.79E-08,5.36E-08,4.99E-08,4.67E-08,4.39E-08,4.14E-08,3.94E-08,3.75E-08,3.60E-08,3.47E-08,3.36E-08,3.27E-08,3.20E-08,3.15E-08,3.12E-08,0.00259255,0.004224835,0.003721411,0.006435502,0.009738633,3.0121238,2.7042825,0.05107856,0.18660982,0.07880546,0.058215965,4.4170036,12.264708,4.4451547,0.019657353,0.011878298,0.009192362,0.19243215,3.3501062,11.982078,0.40571502,0.044695225,0.13320063,0.19113563,52.605534,106.357796,33.260166,0.52442443,0.09674911,0.13012807,20.728014,107.23924,51.20674,5.7480435,0.27385217,0.3485535,1.7161782,35.1211,82.93974,44.70809,6.555534,0.24221238,0.32223597,51.492554,116.09832,95.88212,16.603899,0.6845493,11.668978,109.03146,119.49603,95.50592,7.770706,1.8970723,13.415678,23.597311,9.175943,0.107653566,1.4030142,2.6964967,1.5402124,0.112396725,0.14325227,0.81248647,0.64910376,0.05281629,0.27907422,0.271365,0.17165884,0.14826132,0.3800186,0.4519261,0.16818601,0.46314725,1.1071458,2.1021452,7.1345415,3.8060172,0.6646526,0.69888437,0.26288164,0.14805552,0.1692501,0.050554175,0.07230661,0.04325937,0.06187399,0.044974603,0.018845238,0.013872876,0.025468716,0.015321978,0.026367439,0.027640758,0.019811707,0.006858018,0.004499322,0.001376751,0.000236668,7.56E-06,4.84E-06,3.62E-06,2.86E-06,2.34E-06,1.97E-06,1.68E-06,1.46E-06,1.28E-06,1.14E-06,1.02E-06,9.18E-07,8.34E-07,7.63E-07,7.02E-07,6.50E-07,6.05E-07,5.66E-07,5.32E-07,5.03E-07,4.77E-07,4.55E-07,4.37E-07,4.21E-07,4.07E-07,3.97E-07,3.88E-07,3.82E-07,3.78E-07,0.30809522,0.4732836,0.3064583,0.98273176,0.20711224,0.093855076,0.14189371,0.24038482,0.025759855,0.06473701,0.33663625,0.08653608,0.17592466,0.18451297,0.14734203,0.11663179,0.1896809,0.060779013,0.1385303,0.17231548,0.02454846,0.036761172,0.20091619,0.08599485,31.61368838,26.38019257,29.59211214,29.12361719,26.59379068,69.10505583,18.49179326,3.904051539,3.507595249,3.835465216,3.493943179,2.645565771,7.851588802,2.649194047,healthy 
voice101.wav,18.418932,0.23700166,0.123522048,0.022805235,-158.08302,157.97011,-116.61308,8.324675,-40.904522,-16.221848,38.94441,-41.66505,-8.794981,0.49167946,-31.493917,-2.2615237,-16.146082,91.56799,34.467365,42.378944,19.102537,19.322775,4.9295697,16.975813,10.419505,4.301795,7.3084135,7.925487,3.945818,4.89872,0.000633122,0.003933349,0.005520358,0.106398046,0.074368544,0.05932189,0.24879752,0.89061314,4.7172623,157.63408,175.04546,3.2211607,1.1789947,0.24472845,0.28805092,0.49893793,0.74673176,0.6010618,2.1442416,9.589011,35.965057,9.0453415,1.2329655,0.9227932,1.2399514,1.6146402,1.5593601,1.8210658,3.7655652,6.5303564,87.55093,106.84101,25.64042,8.002179,6.357999,8.839721,13.832326,20.695353,34.146038,38.49825,261.17435,595.5586,170.92006,59.32451,16.93326,8.136176,8.986442,12.4259615,11.175553,29.70281,89.0577,40.724087,10.894987,6.7285743,4.84723,5.636384,4.941021,7.5075226,6.5224338,2.8402019,1.1589673,0.87273514,0.41459575,0.45915848,0.5148408,0.38922364,0.21370865,0.25134507,0.19839853,0.1896114,0.13364846,0.08642321,0.08762421,0.096883915,0.1364982,0.16039355,0.183565,0.2047158,0.2900647,0.44723725,0.46603876,0.5067616,0.8525953,1.554621,1.8330207,1.9951357,1.9660002,1.2229201,0.59103835,0.5167002,0.35094157,0.30105218,0.31699815,0.39112183,0.41799268,0.2913992,0.123646624,0.05420609,0.005968583,1.45E-05,4.10E-07,3.22E-07,2.63E-07,2.20E-07,1.87E-07,1.62E-07,1.41E-07,1.25E-07,1.11E-07,9.98E-08,9.02E-08,8.20E-08,7.50E-08,6.90E-08,6.38E-08,5.93E-08,5.54E-08,5.20E-08,4.91E-08,4.65E-08,4.43E-08,4.24E-08,4.08E-08,3.95E-08,3.84E-08,3.76E-08,3.70E-08,3.66E-08,0.001328213,0.004474698,0.006758355,0.10326712,0.093512096,0.08287734,0.8723048,2.975149,16.716938,120.26843,161.63557,6.119295,1.5195125,0.27798018,0.72433585,1.3859609,1.7880982,1.4971076,6.449924,13.077205,26.063961,14.414598,1.7302756,1.195285,2.1925993,3.1651168,3.184296,4.7786775,10.153041,13.950604,88.292114,112.39691,59.76907,10.2594385,8.40227,14.663507,30.560768,55.643803,103.82229,124.55539,389.6691,598.1023,202.66542,110.02663,23.593647,8.720806,12.338727,27.823782,31.164644,51.382557,87.19333,44.742157,20.726793,13.852193,6.921091,8.793879,6.6868167,11.4439945,6.8306036,3.048104,1.4970398,0.9476418,0.47488755,0.5280455,0.49384573,0.49053696,0.2841834,0.43745822,0.31621748,0.2058906,0.106254466,0.09740235,0.14397949,0.14624275,0.13187559,0.12642363,0.21927153,0.21655154,0.27111977,0.39207932,0.5301617,0.55853605,0.81456053,1.3027773,1.8463972,1.8664365,1.5484197,0.9471595,0.5659037,0.66723114,0.3009188,0.26297677,0.28438956,0.34906444,0.4066117,0.28430206,0.13808492,0.06698295,0.00683795,2.51E-05,4.97E-06,3.91E-06,3.19E-06,2.66E-06,2.27E-06,1.96E-06,1.71E-06,1.52E-06,1.35E-06,1.21E-06,1.09E-06,9.95E-07,9.10E-07,8.37E-07,7.74E-07,7.19E-07,6.72E-07,6.31E-07,5.95E-07,5.64E-07,5.37E-07,5.15E-07,4.95E-07,4.79E-07,4.66E-07,4.55E-07,4.48E-07,4.44E-07,0.2739341,0.102379516,0.14246456,0.17175199,0.07854223,0.09133054,0.20545052,0.16687965,0.13921097,0.13552044,0.3207148,0.7846911,0.24644648,0.16480753,0.17712636,0.10544661,0.10167226,0.121530525,0.14689112,0.23841201,0.2777246,0.24276744,0.28484783,0.35292226,22.82645159,23.70908898,22.28937305,20.81327658,17.72714593,72.30918316,18.71233503,3.749467828,5.044413665,4.33505411,4.602187407,2.284697057,8.66406991,2.796186316,healthy 
voice102.wav,26.929785,0.14251018,0.112117895,0.042569274,-300.75836,108.8912,-86.41275,19.939022,-9.920037,-7.65361,21.472492,-31.110836,0.037355255,8.294274,-21.254595,-5.124272,-9.012337,175.68549,57.111652,80.641365,7.3708973,16.556955,10.29029,15.652863,23.691364,4.298482,6.6149077,15.171035,4.1572227,6.1747093,0.002294532,0.005398692,0.003922734,0.008843336,0.014443324,0.013498213,0.009973372,0.048689898,0.19681531,100.640724,375.64502,9.913763,0.102517776,0.04471443,0.046497397,0.030781604,0.053367067,0.056092102,0.11541843,1.7386323,27.962105,58.698196,2.021822,0.06463975,0.057273474,0.047861226,0.050068296,0.07200308,0.10217079,0.80437773,3.0025156,68.68131,81.16754,2.3688235,0.17054579,0.20433672,0.4206048,0.89089423,0.60830903,0.49633545,1.1019105,4.4839506,77.774994,52.10547,2.2815113,0.92758834,0.6715222,0.7328205,0.7575854,0.7421839,1.2068576,15.323094,20.497047,1.3947561,1.232281,2.414745,3.2097118,4.8235807,7.937589,62.35946,18.1262,1.060039,0.55538285,0.8366045,0.5201232,1.1037427,0.5762449,0.07635061,0.07231669,0.08076373,0.123275824,0.6958382,0.14275004,0.02700972,0.040755305,0.11330817,0.6819143,0.16554087,0.068379335,0.11618426,0.75028205,0.7638378,0.23915567,0.49827754,2.401336,1.5239956,0.5462703,0.48677433,0.556552,0.13820809,0.09030864,0.16246834,0.075510025,0.042635847,0.13919297,0.09959855,0.048856262,0.037969,0.004449682,1.18E-06,7.81E-08,7.84E-08,7.45E-08,6.93E-08,6.42E-08,5.92E-08,5.44E-08,5.02E-08,4.64E-08,4.29E-08,3.98E-08,3.69E-08,3.44E-08,3.22E-08,3.02E-08,2.84E-08,2.68E-08,2.54E-08,2.41E-08,2.30E-08,2.20E-08,2.12E-08,2.04E-08,1.98E-08,1.93E-08,1.89E-08,1.86E-08,1.85E-08,0.012216711,0.009229214,0.016926756,0.028126447,0.029334776,0.08081908,0.06146271,0.2852389,0.70020044,109.30273,331.32886,11.344913,0.9112143,0.3708759,0.34314537,0.20435748,0.28819045,0.33256638,0.64389366,9.573201,28.079397,61.18653,4.322234,0.20343411,0.11583424,0.06931924,0.08066369,0.095511466,0.1679555,4.3079643,11.193294,78.33527,90.412895,6.6267014,0.5202694,0.48839083,0.58876157,1.1440611,0.74167633,0.7425493,2.9816344,9.268419,137.3666,97.706894,6.4655795,1.1682676,0.8620229,0.89251316,0.8942128,2.0851514,3.4603102,20.253595,21.556707,2.6400828,1.4009055,2.7551172,4.207577,10.619449,12.5360365,72.493805,27.455553,1.1411071,0.74922323,2.7427118,1.4429003,2.5983255,0.8470051,0.08876848,0.10628622,0.17963931,0.24043787,0.8956027,0.26405087,0.035112515,0.061582558,0.16612361,0.9304729,0.31937674,0.079867885,0.14958349,0.78874373,1.3061358,0.27437901,0.60838467,3.1602895,1.9479604,0.561257,0.67698383,0.7449524,0.17246102,0.111724645,0.33726478,0.12648101,0.048477765,0.17451783,0.13148925,0.04777549,0.04461696,0.006312081,2.24E-06,9.48E-07,9.51E-07,9.04E-07,8.41E-07,7.79E-07,7.18E-07,6.60E-07,6.09E-07,5.62E-07,5.20E-07,4.82E-07,4.48E-07,4.18E-07,3.91E-07,3.66E-07,3.44E-07,3.25E-07,3.08E-07,2.92E-07,2.79E-07,2.67E-07,2.57E-07,2.48E-07,2.40E-07,2.34E-07,2.30E-07,2.26E-07,2.24E-07,0.29889432,0.16820045,0.15700866,0.18891475,0.15290932,0.23597707,0.5837591,0.42834163,0.24201645,0.22367242,0.36856818,0.74151796,0.1670622,0.22697039,0.1965284,0.1773639,0.19973932,0.21631116,0.22128034,0.40940714,0.30347425,0.2818495,0.2631026,0.3155305,16.34981111,25.08068664,22.17073872,19.12023481,18.17714182,66.77126641,18.48663629,3.343467527,9.403772902,7.643179463,4.897970403,3.542593546,10.97122733,2.805538363,healthy 
voice103.wav,12.30835,0.1814161,0.111360896,0.016250154,-225.47195,171.85287,-128.44759,3.501535,-18.368227,-7.6714983,37.26432,-31.030594,-3.8675308,7.652814,-21.855661,-4.2525096,-12.939191,51.77726,22.297327,18.873652,7.318098,6.2525706,5.3044,6.0931234,5.1101165,3.1639092,2.6209133,3.898628,3.0915632,3.1286914,0.003884835,0.003591933,0.007774223,0.009624894,0.016305879,0.022020977,3.1143694,79.03434,13.721554,0.045281336,0.031092785,0.03029833,0.02059313,0.0202514,0.27797708,11.392624,5.6998506,0.060134906,0.019272288,0.018136228,0.016801327,0.019070482,1.3468342,38.893486,31.921753,0.7641519,0.018945374,0.01574896,0.017755227,0.031561024,2.06841,84.946045,92.67914,7.5475845,0.15922037,0.090125896,0.111229606,0.18127006,7.498843,125.25254,148.59451,29.024931,1.4945918,0.2565412,0.19231158,0.42102194,30.818016,134.34982,69.150505,4.483382,0.11785625,0.11847404,2.0253477,35.254387,32.89421,6.0314574,0.25154898,0.13740322,6.2072268,20.800407,7.9719224,0.43722057,0.028421571,0.33684093,0.7956502,0.26837447,0.023783393,0.021165375,0.18017071,0.17174152,0.030318875,0.021736164,0.17168747,0.143454,0.032387137,0.110625744,0.22537278,0.05861139,0.007189295,0.04709773,0.12494028,0.05295529,0.2425513,0.56990254,0.23952344,0.3862023,0.182098,0.028925909,0.03712204,0.012266979,0.01611927,0.009617414,0.006518981,0.0076522,0.004950392,0.011055699,0.008776066,0.007461901,0.000888952,1.85E-06,3.72E-07,2.73E-07,2.13E-07,1.72E-07,1.43E-07,1.22E-07,1.05E-07,9.15E-08,8.07E-08,7.18E-08,6.45E-08,5.83E-08,5.31E-08,4.87E-08,4.49E-08,4.16E-08,3.88E-08,3.63E-08,3.42E-08,3.23E-08,3.08E-08,2.94E-08,2.83E-08,2.73E-08,2.65E-08,2.59E-08,2.55E-08,2.52E-08,0.02180714,0.009830155,0.027076766,0.018655902,0.06304597,0.061762426,3.4348752,42.675346,6.29585,0.18143308,0.08672208,0.038199164,0.05430172,0.030928768,0.37957135,4.866231,5.4923854,0.23330602,0.09508799,0.08501854,0.075543344,0.10462645,2.6149743,17.045685,26.088068,1.49879,0.035487887,0.014970694,0.042754978,0.045595434,4.451949,49.829533,49.439392,15.57961,0.35061252,0.16419727,0.097353004,0.31022194,19.928516,106.96762,75.0762,47.361828,4.893392,0.62831974,0.27582622,0.8556938,45.888317,74.270966,66.82931,10.159119,0.49759907,0.34566665,6.1191177,33.600693,17.740108,12.503787,0.70739365,0.1704126,9.743408,14.465257,8.396447,1.186758,0.036065843,0.5299981,0.6365847,0.3412399,0.061680295,0.038869537,0.15852728,0.1566208,0.069866315,0.03321286,0.16406825,0.13074036,0.07624201,0.16484916,0.22732222,0.073690094,0.020871418,0.06188459,0.2027629,0.14925675,0.21863765,0.8002533,0.55503464,0.29791147,0.18977866,0.027510634,0.03426432,0.01263017,0.013261622,0.008232308,0.00590063,0.00480914,0.003849724,0.006999288,0.007842584,0.006650837,0.00083027,7.48E-06,4.51E-06,3.31E-06,2.58E-06,2.09E-06,1.74E-06,1.47E-06,1.27E-06,1.11E-06,9.78E-07,8.71E-07,7.82E-07,7.08E-07,6.45E-07,5.91E-07,5.44E-07,5.04E-07,4.70E-07,4.40E-07,4.14E-07,3.92E-07,3.73E-07,3.57E-07,3.43E-07,3.31E-07,3.22E-07,3.15E-07,3.09E-07,3.06E-07,0.09423622,0.904948,0.42797267,0.09592876,0.29630017,0.1413585,0.7849061,0.36929095,0.032154437,0.14146337,0.8659332,0.25168148,0.103831455,0.14569892,0.2790165,0.08773209,0.1180308,0.10078847,0.14054409,0.21168143,0.1082677,0.12703308,0.12610553,0.19919845,32.74937669,25.41912141,30.43693101,26.59355713,22.47795935,68.10114159,17.92497305,4.302384244,3.811471944,4.146848423,3.308108252,2.091084042,7.693341572,2.657070492,healthy 
voice104.wav,10.700468,0.19011076,0.06826434,0.010606024,-194.57057,204.95016,-97.52803,3.3140533,-18.866766,-12.860988,20.06367,-35.397892,-5.748519,3.4490368,-7.7888284,4.591676,-27.11626,54.890167,26.837502,17.714306,5.5126905,4.4479403,4.50549,5.120632,5.330189,3.679215,3.6110427,3.5019014,3.7607837,4.6209817,0.003548928,0.008425633,0.02768525,2.5725155,81.87626,12.406919,0.039744105,0.081520386,5.6702127,369.18127,135.60733,0.33362323,0.11282743,0.9939778,55.951626,31.502285,0.3070107,0.07562287,0.5785735,29.129148,21.223099,0.60212636,0.12239528,1.6490726,73.1446,85.76132,9.292529,0.7176559,3.4408038,63.10506,60.583893,6.178346,0.52614903,0.30583447,1.8942292,5.2585335,2.258748,0.42981115,0.86966753,12.479175,24.204079,6.6770763,0.81873447,1.0503604,15.351294,15.330337,1.9835838,0.5268971,4.787182,14.153332,9.519999,4.1159406,9.47788,23.49178,5.683698,0.81191796,1.1491135,0.86660767,0.47951317,0.33324376,0.4059489,0.27314714,0.17121035,0.22605368,0.1179001,0.084080674,0.077948526,0.039487813,0.043657295,0.04729502,0.036984514,0.059855647,0.04282685,0.048785497,0.027041534,0.029503975,0.06562331,0.107951455,0.12162542,0.089878134,0.066515006,0.029972514,0.024742447,0.01496431,0.011808028,0.011275418,0.009677089,0.010213369,0.006141227,0.005548459,0.0080645,0.012221038,0.02448844,0.036530882,0.019084457,0.02192925,0.01552104,0.004606078,0.000314627,1.13E-06,5.89E-07,4.37E-07,3.44E-07,2.80E-07,2.35E-07,2.01E-07,1.74E-07,1.53E-07,1.35E-07,1.21E-07,1.09E-07,9.94E-08,9.10E-08,8.37E-08,7.75E-08,7.21E-08,6.75E-08,6.34E-08,5.99E-08,5.69E-08,5.43E-08,5.21E-08,5.02E-08,4.86E-08,4.73E-08,4.63E-08,4.56E-08,4.52E-08,0.022172991,0.0649976,0.19624723,2.0602734,29.381214,5.5617504,0.167062,0.2488658,7.5535545,92.45205,110.26865,1.6246248,0.7133617,1.5097599,17.22742,22.07649,0.9506217,0.56428313,1.2119759,14.803927,10.998955,1.4316671,0.63108087,3.7044277,44.53044,55.533,21.902315,0.68740153,5.961037,56.141937,31.214571,11.670979,0.54631275,0.28029618,1.8749583,5.054085,4.316478,0.41657966,1.8686041,12.107888,14.807702,9.104965,1.9510686,1.835601,13.694973,9.973543,2.6525867,0.5604693,6.358275,11.13554,11.127676,6.321619,11.733182,17.289547,5.9234953,0.6837002,1.2641215,0.72717845,0.45134962,0.25988483,0.29733607,0.21579483,0.13935228,0.16831967,0.089765206,0.072717935,0.06024792,0.03427774,0.02579576,0.03177623,0.033153426,0.0443305,0.030166056,0.04772036,0.021880586,0.03906308,0.123462975,0.12758084,0.090842545,0.09011501,0.05275197,0.022827353,0.019265637,0.009312028,0.008817266,0.00824317,0.005742232,0.005566699,0.004679663,0.002991176,0.005965149,0.009187492,0.021664811,0.036384933,0.011520208,0.021778664,0.012966963,0.004354925,0.00038469,1.12E-05,7.15E-06,5.31E-06,4.17E-06,3.40E-06,2.85E-06,2.44E-06,2.11E-06,1.85E-06,1.64E-06,1.47E-06,1.33E-06,1.21E-06,1.10E-06,1.02E-06,9.40E-07,8.75E-07,8.18E-07,7.69E-07,7.27E-07,6.91E-07,6.59E-07,6.32E-07,6.09E-07,5.89E-07,5.74E-07,5.62E-07,5.53E-07,5.48E-07,0.14550364,0.12476253,0.5033353,0.26460478,0.1951307,0.5200713,0.22857335,0.029279584,0.04539428,0.16288374,0.9402091,0.566657,0.08809292,0.10083296,0.10514311,0.15548663,0.10227161,0.23401354,0.10172582,0.08259496,0.09541208,0.12612218,0.1506706,0.25236332,33.97279067,27.84719329,26.81042026,20.82692791,18.79069447,69.61519423,18.58723433,4.143375967,4.628520027,3.760244465,2.898224303,2.048464781,8.284206781,2.639542188,healthy 
voice105.wav,17.747826,0.11844416,0.086678115,0.018373357,-220.50989,200.26855,-127.05217,16.374321,-5.687139,-19.814968,18.960663,-30.285265,9.746678,6.569136,-37.264267,-8.350424,-13.009817,59.92466,28.340015,20.833628,9.181721,4.2840843,4.9604306,6.923935,6.219752,4.112956,4.4952745,5.7603073,3.351495,3.5795412,0.003494287,0.010426126,0.020074416,0.04022252,0.19359538,0.2864777,47.504692,52.426044,12.480003,3.8786678,0.19977833,0.2816848,0.29105604,15.772383,49.800262,9.758545,2.3034902,1.5148377,0.4737149,0.083518066,1.4008961,8.095261,6.0983953,0.6796024,0.34786108,0.47771874,0.6814457,3.8571303,20.803305,26.360117,10.447619,1.3274173,0.75016826,1.2271776,4.5801463,23.954098,34.889553,34.282364,8.187051,1.3547459,0.4585516,0.69238335,3.2619848,6.474734,6.1862574,2.1941993,0.43341136,0.23125012,1.4353474,6.370814,8.152722,3.4312375,0.6879849,0.5527397,1.652961,3.936786,5.7894797,2.253021,1.141961,4.7637024,6.7412815,3.442851,2.3027685,1.3673513,1.9470583,0.9509637,0.5303006,0.23575848,0.28157005,0.30262676,0.14790426,0.07098882,0.08190044,0.072520174,0.03344823,0.03676081,0.031902537,0.017116249,0.015843246,0.017891582,0.024292586,0.05093749,0.07748655,0.15838097,0.225325,0.1703908,0.069706656,0.03602182,0.021151872,0.015452365,0.012017588,0.007723134,0.006310572,0.005191265,0.004420001,0.003946663,0.00423058,0.002563028,0.000182133,4.29E-07,7.17E-10,2.40E-10,6.76E-11,1.14E-11,2.52E-12,1.31E-11,3.09E-11,5.04E-11,6.91E-11,8.60E-11,1.01E-10,1.13E-10,1.24E-10,1.32E-10,1.39E-10,1.45E-10,1.49E-10,1.53E-10,1.55E-10,1.58E-10,1.59E-10,1.60E-10,1.61E-10,1.62E-10,1.62E-10,1.62E-10,1.62E-10,1.62E-10,0.014965013,0.026427466,0.046550196,0.09080858,0.67612237,0.76845825,26.49296,37.276833,26.832685,12.964084,0.5986972,0.20807032,0.22945906,17.041233,31.472403,14.239502,6.351528,4.4244466,1.5589336,0.24084713,2.488769,6.0015564,6.3723984,1.3998002,0.8022264,1.2221498,1.7235851,6.851814,23.572903,23.751648,17.563578,3.3635085,1.6591603,2.7791939,9.583382,34.497417,30.968689,48.71119,17.154736,3.77245,0.7374759,1.5854931,5.421724,7.387087,7.682007,4.01807,0.76384133,0.24272072,2.9024327,8.383332,9.752278,5.3788047,1.162107,1.0870587,2.6935396,4.557678,7.958719,5.111059,1.9490944,7.0697207,8.255691,4.1326456,3.502963,1.945034,2.9503036,0.9086175,0.68774915,0.24874774,0.24569806,0.3213578,0.156076,0.060577057,0.07373171,0.073830225,0.028663857,0.030892342,0.02797259,0.01879805,0.016548615,0.016876418,0.029492347,0.066923745,0.072568126,0.19735852,0.2982759,0.16034172,0.06239721,0.03032684,0.01596718,0.012048841,0.009455347,0.00671247,0.004836214,0.004439223,0.004036844,0.003699268,0.002860698,0.002068563,0.000213128,4.53E-07,8.69E-09,2.91E-09,8.19E-10,1.38E-10,3.02E-11,1.58E-10,3.74E-10,6.11E-10,8.38E-10,1.04E-09,1.22E-09,1.37E-09,1.50E-09,1.60E-09,1.69E-09,1.75E-09,1.81E-09,1.85E-09,1.88E-09,1.91E-09,1.93E-09,1.94E-09,1.95E-09,1.96E-09,1.96E-09,1.97E-09,1.97E-09,1.97E-09,0.17725109,0.08968755,0.0871341,0.14526543,0.24100146,0.7604336,0.47946852,0.26217535,0.34826434,0.5982045,0.22468881,0.07301988,0.113446385,0.09369763,0.120567836,0.10757207,0.2240327,0.3479344,0.3214452,0.22067636,0.2937328,0.2444578,0.2081566,0.08343437,30.95352734,23.73463444,24.61985748,21.79468766,21.77513163,68.24837135,17.58010196,4.963497781,4.226502978,4.605766308,3.423929943,2.406370014,6.997869786,2.732944748,hyperkinetic dysphonia
voice106.wav,10.560192,0.13906276,0.091507761,0.017416527,-220.94531,182.01488,-99.7248,49.34882,-23.57337,-18.303576,27.78479,-61.093723,-4.788967,18.521667,-12.804141,15.016468,-18.530624,55.88383,24.162,15.557906,9.569845,4.865211,4.664762,6.128585,8.645777,4.537535,6.3547225,4.540104,4.5983424,5.0257115,0.015733534,0.018039059,0.028491441,0.08376775,0.59531075,77.34935,179.55782,1.3607888,0.2434599,0.29604685,0.9260069,1.5824342,16.806194,13.052193,0.13653031,0.107313655,0.09955343,0.087753154,3.9440477,112.00995,20.779871,0.13179709,0.094020784,0.10258946,0.20782945,34.02083,119.49558,6.0130906,0.6273584,0.57115155,0.30678287,0.14483917,0.65354466,0.5182644,0.028489655,0.010462716,0.015600381,0.017368281,0.17988074,4.033425,1.5104243,0.055918682,0.040997762,0.0486218,0.07356709,1.921083,3.7980576,0.31465033,0.16157503,0.19496854,1.0433784,20.365034,7.5391364,0.3041048,0.12289803,0.7790591,6.8360386,0.95414656,0.031399813,0.029459747,0.546899,0.45830116,0.020729382,0.019643215,0.29942894,0.21620233,0.0117521,0.031246377,0.24217407,0.032657027,0.005691964,0.08554054,0.042786535,0.004155321,0.031804956,0.020474365,0.005169069,0.04671788,0.02184574,0.056334447,0.35854205,0.1827362,1.3579551,0.8176462,0.09247682,0.17829849,0.029414052,0.091006815,0.032326825,0.11692529,0.066308126,0.352669,0.21430889,0.3134962,0.17526777,0.23717356,0.03498148,0.011883992,0.000180367,8.48E-07,2.67E-09,1.70E-09,1.18E-09,8.69E-10,6.70E-10,5.33E-10,4.35E-10,3.62E-10,3.06E-10,2.62E-10,2.27E-10,1.99E-10,1.75E-10,1.55E-10,1.39E-10,1.25E-10,1.13E-10,1.03E-10,9.46E-11,8.73E-11,8.10E-11,7.58E-11,7.13E-11,6.76E-11,6.47E-11,6.24E-11,6.07E-11,5.99E-11,0.12185265,0.114778675,0.18156673,0.31457463,1.0862434,20.963314,50.4732,1.5645546,0.47699267,0.5595636,2.2797055,2.6296139,9.057774,10.007424,0.22259526,0.16249637,0.14816932,0.21216623,2.442607,36.546192,9.723632,0.21002743,0.15601715,0.18533339,0.21626557,18.53401,35.337147,5.0795765,0.44175687,0.46530828,0.2578932,0.10110222,0.44919476,0.30245483,0.028244946,0.011856453,0.022446088,0.015410884,0.19182958,1.790234,0.9890777,0.04451888,0.028192874,0.03225485,0.051171105,1.4320166,3.946199,0.53018856,0.09255416,0.12632847,0.862053,8.586917,8.253993,0.22346954,0.08537891,0.7289827,3.3812034,0.9939385,0.0304839,0.02186301,0.23957492,0.3228194,0.01762637,0.022053374,0.29200113,0.25348285,0.01081425,0.02912425,0.15959176,0.041548833,0.005425636,0.041833192,0.032599278,0.002651175,0.017914744,0.022572802,0.003836982,0.020668807,0.012774575,0.032372776,0.19825992,0.11415379,1.0011982,0.62300193,0.05438975,0.09999008,0.015471399,0.051647544,0.0183939,0.07985226,0.034823194,0.20790528,0.17103091,0.17827602,0.12411898,0.22794977,0.05038005,0.011043577,0.000280077,8.90E-07,3.00E-08,1.91E-08,1.33E-08,9.75E-09,7.52E-09,5.98E-09,4.87E-09,4.06E-09,3.43E-09,2.94E-09,2.55E-09,2.23E-09,1.96E-09,1.74E-09,1.56E-09,1.40E-09,1.27E-09,1.16E-09,1.06E-09,9.78E-10,9.07E-10,8.49E-10,7.98E-10,7.57E-10,7.24E-10,6.98E-10,6.79E-10,6.68E-10,0.026252806,0.05193393,0.21054946,0.9941565,0.29075742,0.07091535,0.02723737,0.028336044,0.024941307,0.081180386,0.44782066,0.109500244,0.08461494,0.105842926,0.085869595,0.051565085,0.08178439,0.105213664,0.0971714,0.10894132,0.10455385,0.07945074,0.13904709,0.07531097,34.93987796,21.6714503,26.24350528,24.45697541,21.96687373,75.86436305,19.52209677,5.240703211,3.980797975,4.002479113,2.779893135,2.535526542,8.422940158,2.720563188,hypokinetic dysphonia
voice107.wav,14.083724,0.15791321,0.077603948,0.013133635,-202.45386,212.92993,-83.28742,1.7701647,-36.03133,-25.528288,12.94373,-38.84625,-4.362923,0.5759468,-9.785318,16.627163,-14.853502,70.48732,35.477875,20.72171,6.1948514,10.785672,6.8460274,7.9764304,9.486273,3.8719316,4.6087193,4.139754,4.647386,4.3501654,0.002703522,0.006075109,0.014679506,0.10718472,0.21353781,0.22369789,145.99194,119.27774,1.1537718,1.1643295,1.0012748,10.2630005,6.670204,4.2721667,21.161613,2.46987,0.97735065,0.79437244,3.7182536,6.0272317,1.7001383,14.5777445,18.125813,30.229319,68.60042,69.82124,140.81746,58.7363,26.279495,53.672314,19.784117,6.345718,3.158992,3.0932972,2.685779,0.870216,1.682452,1.1268947,1.4717475,2.427569,1.2966855,2.0245783,1.8358761,4.1885595,14.474924,5.836829,10.904813,9.584694,12.463446,12.245167,9.645481,2.9493525,1.0000789,0.57000864,0.24735828,0.13640036,0.14570458,0.08634995,0.14594772,0.20219336,0.29756173,0.22217698,0.15740816,0.089701526,0.13484073,0.115689605,0.061216276,0.06171688,0.11665973,0.12752564,0.08302888,0.053869337,0.03532794,0.014583761,0.006304964,0.006349252,0.011495681,0.017991984,0.029474374,0.08244413,0.07706694,0.051848896,0.048009627,0.036535192,0.020702193,0.0124834,0.008959666,0.00661255,0.013259562,0.020917844,0.018232409,0.016341316,0.013304729,0.007865492,0.007958212,0.012456716,0.015174562,0.008588861,0.00086125,2.91E-06,1.11E-09,8.40E-10,6.76E-10,5.63E-10,4.81E-10,4.18E-10,3.67E-10,3.27E-10,2.93E-10,2.65E-10,2.41E-10,2.21E-10,2.04E-10,1.89E-10,1.76E-10,1.65E-10,1.55E-10,1.46E-10,1.39E-10,1.32E-10,1.26E-10,1.22E-10,1.18E-10,1.14E-10,1.11E-10,1.09E-10,1.07E-10,1.07E-10,0.00318192,0.015877899,0.025251204,0.17055112,0.22672316,0.45929658,112.56756,77.06245,2.245784,1.9159323,1.5668561,11.478267,6.5127397,3.8792734,13.656673,2.5192137,0.92514145,0.7040704,6.223656,6.338533,1.4291835,12.991559,19.79779,32.482372,75.400764,92.1525,134.33635,70.85161,40.458004,48.90244,19.526165,7.428039,3.5484312,3.4840653,2.637428,0.9524178,3.9535306,1.1031742,1.2889848,2.2756226,1.139461,1.9140197,1.8543106,6.611954,24.254467,6.417458,11.626693,8.246333,10.823654,16.694191,20.645271,2.8327544,0.79401904,0.75160164,0.2527719,0.14059803,0.124820724,0.06604256,0.1263951,0.15485567,0.3040359,0.20414047,0.13930054,0.07384344,0.12608038,0.08643984,0.044675086,0.04555812,0.09373312,0.18087462,0.097908325,0.07923988,0.059874944,0.02592575,0.006948551,0.005601747,0.010501234,0.015777916,0.023455312,0.07898108,0.053985454,0.060231738,0.06037799,0.07329505,0.03296874,0.013237412,0.010007458,0.006899221,0.008247722,0.013150007,0.011706156,0.011756946,0.011955316,0.004994722,0.005541725,0.009328918,0.010145085,0.005208598,0.000582419,2.66E-06,1.34E-08,1.02E-08,8.20E-09,6.83E-09,5.84E-09,5.07E-09,4.45E-09,3.96E-09,3.55E-09,3.21E-09,2.93E-09,2.68E-09,2.47E-09,2.29E-09,2.13E-09,1.99E-09,1.88E-09,1.77E-09,1.68E-09,1.60E-09,1.53E-09,1.47E-09,1.42E-09,1.38E-09,1.35E-09,1.32E-09,1.30E-09,1.29E-09,0.17639093,0.2978229,0.5432295,0.6657769,0.6581647,0.6862319,0.45755026,0.09590854,0.06496635,0.04820518,0.06363004,0.062648185,0.11598091,0.1852636,0.3214311,0.30994767,0.33282566,0.2853537,0.2810048,0.10716017,0.11524675,0.083929494,0.06550403,0.066641696,31.36978765,18.45903076,20.6093148,20.60665715,18.07922215,68.85365857,17.94587164,6.442338145,3.9845492,4.285575603,3.055802937,2.264885724,7.813501703,2.575771083,healthy 
voice108.wav,14.475007,0.27681142,0.11674182,0.033883371,-199.65326,145.13687,-115.81339,20.434717,-55.242477,-29.320856,55.00179,-46.458626,-15.722369,27.315289,-12.155552,12.750753,-8.02669,47.8142,19.615253,16.008678,6.879411,7.2142572,4.287993,8.785539,7.1956267,3.995937,4.6863165,3.3659878,2.9221323,3.669767,0.001629109,0.003679786,0.002296573,0.006481835,0.01596671,18.487782,23.250465,0.082220845,0.013947183,0.01285822,0.014434738,2.0127707,40.670097,5.980633,0.023165477,0.009926458,0.010681892,0.022673154,7.8043222,14.893011,0.7214052,0.07909326,0.1409879,0.1892603,45.05353,625.45746,224.65746,1.731769,0.24191944,0.14481603,2.561092,175.90242,411.19955,42.80438,0.11002045,0.048462525,0.02120248,0.49946553,8.412783,7.994479,0.69468445,0.10024032,0.1433331,5.5049825,219.1762,318.61444,42.49578,0.53925884,0.8506912,25.914865,138.55028,38.65101,0.6010065,0.07408168,0.7763007,2.9463022,1.0311162,0.02631702,0.039115507,0.5014889,0.37600935,0.030810686,0.036173686,0.32207334,0.21766028,0.016924104,0.04399789,0.15920813,0.037376598,0.006699001,0.05304089,0.031331666,0.006442138,0.04837157,0.026538914,0.046194907,0.43765467,0.22041088,0.27272454,0.70349777,0.24571306,1.5774189,1.3520209,2.5044606,4.441685,1.3465979,2.7751203,1.1079725,3.4289238,1.1903781,1.7696916,0.45794883,0.55656075,0.12787175,0.19367251,0.061723147,0.009459444,0.001535065,0.000164953,1.36E-07,2.58E-09,2.41E-09,2.45E-09,2.52E-09,2.58E-09,2.61E-09,2.60E-09,2.58E-09,2.54E-09,2.49E-09,2.43E-09,2.36E-09,2.29E-09,2.23E-09,2.16E-09,2.09E-09,2.03E-09,1.97E-09,1.92E-09,1.87E-09,1.82E-09,1.78E-09,1.74E-09,1.71E-09,1.69E-09,1.66E-09,1.65E-09,1.64E-09,0.011727405,0.032225247,0.014024683,0.03599512,0.044222493,4.6579957,10.110075,0.25091806,0.07808153,0.09641001,0.089767344,1.9155437,24.136467,3.9056983,0.19531426,0.06644704,0.08743146,0.09061487,5.7066956,10.729426,1.9164376,0.651012,1.3571724,1.32616,60.822826,223.5336,205.41641,4.794233,0.9142888,0.46143287,13.160194,115.18129,217.53694,69.5148,0.40003905,0.25316507,0.07650689,0.65155953,6.0887923,11.80375,1.7327385,0.10631977,0.3757868,22.386368,140.56017,166.59665,93.007614,0.56370664,3.7616768,43.698948,74.118835,36.012276,1.8308531,0.4075874,1.262335,1.2106721,1.3816776,0.061147712,0.12866165,0.3266535,0.29955316,0.07322994,0.1069651,0.20068344,0.20268725,0.03974795,0.063951835,0.08124444,0.049676232,0.015852498,0.032538667,0.035090655,0.011296568,0.039141633,0.026871836,0.07251905,0.292267,0.30116647,0.329176,0.349432,0.29741126,1.0247887,1.1617383,2.1307604,2.152152,1.064605,1.5698111,0.89467144,2.2459998,0.99096584,1.3507289,0.5390514,0.7289955,0.12174908,0.13218601,0.07985723,0.007166169,0.001312733,0.000147083,3.12E-07,3.12E-08,2.92E-08,2.97E-08,3.05E-08,3.13E-08,3.16E-08,3.16E-08,3.13E-08,3.08E-08,3.02E-08,2.94E-08,2.86E-08,2.78E-08,2.70E-08,2.62E-08,2.54E-08,2.46E-08,2.39E-08,2.33E-08,2.27E-08,2.21E-08,2.16E-08,2.12E-08,2.08E-08,2.04E-08,2.02E-08,2.00E-08,1.99E-08,0.19263802,0.5691249,0.20361914,0.9899841,0.3041598,0.03739891,0.12961489,0.5756839,0.12545975,0.020463904,0.04593491,0.02619065,0.08472674,0.18104406,0.12850368,0.047950976,0.20415485,0.0781052,0.10623232,0.16195899,0.13323162,0.10093056,0.09774789,0.073331475,32.9367464,28.40705865,33.62980838,32.27732571,28.09912407,74.30412887,18.62737159,4.356649958,5.194729098,4.365108061,3.656918682,3.307362853,7.850283195,2.824549087,healthy 
voice109.wav,15.357234,0.21031344,0.100150089,0.019683461,-197.41542,168.86389,-106.26188,16.77275,-8.437878,-2.5323875,12.154313,-40.09647,11.045831,-14.085139,-37.79533,12.813242,-16.833479,88.07544,35.19693,41.95445,17.271107,6.162989,10.63529,5.6371503,12.610634,11.260307,4.9148364,9.369061,7.9655285,5.8572464,0.009392061,0.009023973,0.022218622,0.2997519,0.40798125,0.30413616,16.739092,291.74734,67.02179,1.7833192,0.6702846,0.7796684,1.0582645,1.4922541,8.8315115,64.813255,30.133816,3.4200246,0.965637,0.58192694,0.869491,0.25118634,7.3574114,42.916073,38.181858,9.827203,2.116761,0.27039608,0.080436915,0.231925,14.114591,68.26342,76.79825,22.578411,11.680447,3.7027931,0.6172882,0.4389158,40.157757,119.91556,138.99423,101.73423,36.60107,19.593063,13.458896,6.2788153,36.499615,56.309307,30.073353,9.410024,4.6567535,1.9858724,6.3367777,18.876644,30.334541,15.324442,8.556781,5.772392,16.62495,26.46105,18.340574,7.80448,6.4750667,4.4926906,4.784507,2.9169421,1.0725871,1.0090673,1.7101438,1.1011167,0.3639457,0.3302135,0.28908965,0.23141105,0.086746916,0.0818477,0.047799826,0.026723005,0.03704875,0.039424986,0.022863556,0.018787656,0.02829962,0.05044527,0.07952094,0.0982168,0.12557088,0.19922425,0.17548615,0.032675304,0.024631007,0.09695456,0.26052642,0.62847847,0.60680264,0.31004304,0.103345074,0.029547628,0.002597554,3.32E-05,1.69E-05,1.27E-05,1.01E-05,8.33E-06,7.03E-06,6.04E-06,5.26E-06,4.64E-06,4.13E-06,3.71E-06,3.36E-06,3.06E-06,2.81E-06,2.59E-06,2.40E-06,2.24E-06,2.10E-06,1.97E-06,1.87E-06,1.78E-06,1.70E-06,1.63E-06,1.57E-06,1.52E-06,1.48E-06,1.45E-06,1.43E-06,1.42E-06,0.09564429,0.05298738,0.15347673,0.42440617,0.8970755,0.9591858,26.7475,178.0375,55.29307,4.614213,2.3396873,2.027696,2.888907,3.539009,16.296314,51.488342,32.67964,11.331548,2.2132924,1.6071779,4.0073133,0.5733677,13.936917,35.39983,43.499348,22.785414,9.737897,1.3585935,0.30279922,1.1026247,26.953522,63.468174,87.35023,42.391647,45.633163,20.155125,3.9234297,1.0477754,79.371346,146.13298,159.20946,205.10217,107.22104,79.08872,89.46222,16.710869,60.087284,64.17048,41.695045,28.23215,16.889238,7.860836,12.04163,21.634075,39.611748,27.807554,26.980059,17.802505,34.22632,29.760193,27.18636,20.262638,21.49917,8.168634,6.147021,4.9133234,2.7439353,1.599857,2.038675,1.3188179,0.6919535,0.55036736,0.35956022,0.34016266,0.100998424,0.13734375,0.08193952,0.05900181,0.051007483,0.057004783,0.09175866,0.064154215,0.11227359,0.26183754,0.3504078,0.29687074,0.20432521,0.21754275,0.28255388,0.030792959,0.022511328,0.122340016,0.24362691,0.6111307,0.62314546,0.40882137,0.085403554,0.05423731,0.008366301,0.000320253,0.000205423,0.000154612,0.000122875,0.000100995,8.53E-05,7.32E-05,6.37E-05,5.63E-05,5.01E-05,4.50E-05,4.07E-05,3.71E-05,3.40E-05,3.14E-05,2.91E-05,2.71E-05,2.54E-05,2.40E-05,2.27E-05,2.15E-05,2.06E-05,1.98E-05,1.91E-05,1.85E-05,1.80E-05,1.76E-05,1.73E-05,1.72E-05,0.17245588,0.38405895,0.35947976,0.11888403,0.18922247,0.1995094,0.6194543,0.61612827,0.19092047,0.14066893,0.5154779,0.47218457,0.2584327,0.2598554,0.21663861,0.16507417,0.16744179,0.14489713,0.3581518,0.31465206,0.23369746,0.1669036,0.29233652,0.32175842,32.89199718,23.93917176,25.8177453,24.41893638,24.81872271,73.00178001,17.99331214,7.103128535,5.95885466,5.03740574,4.672340969,4.571869382,9.345254809,2.634198987,healthy 
voice110.wav,18.20445,0.13124269,0.102381764,0.016163824,-208.87535,209.86597,-100.4173,19.376806,-45.23692,-26.84029,47.226887,-27.953686,1.364349,10.352569,-15.767473,18.196106,-19.000069,109.21014,47.3099,35.098675,9.269773,13.880501,9.651743,14.864273,7.5697947,5.553637,4.975786,4.1408863,6.5726867,4.928117,0.002712601,0.005763275,1.3894671,34.999336,5.6829743,0.093242966,0.79996,22.58382,4.885836,0.69574976,0.8237742,28.09301,6.593636,0.40251204,0.24782114,2.342656,1.0141194,0.25406852,0.6142838,15.478984,7.368431,2.0855272,2.247455,35.064278,17.972763,3.1824255,2.7229803,34.254326,21.895191,4.1181436,5.4446177,101.08813,76.4687,11.720107,5.0457373,18.183302,11.842194,1.6886579,1.8276981,14.4719305,16.180798,2.2670898,1.8107188,16.539757,12.8742485,3.402442,4.445259,13.600956,8.96437,4.4471264,11.127496,5.033628,0.7684068,0.44135585,0.21308522,0.112267554,0.36762065,0.30390838,0.13826367,0.1401764,0.07889603,0.10299144,0.06830458,0.04756402,0.071840085,0.040427838,0.045311324,0.036561564,0.049803097,0.03665001,0.04396499,0.044584606,0.052688017,0.052587274,0.10299685,0.16270402,0.2961103,0.40558052,0.4278598,0.29261503,0.1133907,0.06543958,0.04350761,0.037237618,0.048019964,0.06987404,0.1203851,0.21612981,0.36742485,0.44534692,0.3562583,0.31876054,0.33587298,0.21762256,0.095353104,0.02159757,0.00511813,0.000931864,4.19E-05,6.18E-07,3.44E-07,2.54E-07,1.98E-07,1.59E-07,1.31E-07,1.10E-07,9.36E-08,8.08E-08,7.04E-08,6.19E-08,5.50E-08,4.92E-08,4.43E-08,4.02E-08,3.67E-08,3.38E-08,3.12E-08,2.90E-08,2.72E-08,2.55E-08,2.42E-08,2.30E-08,2.20E-08,2.12E-08,2.05E-08,2.00E-08,1.97E-08,1.94E-08,0.014753372,0.020138772,0.7367797,14.244939,8.515707,0.3079293,0.6407793,10.482785,5.455826,3.659487,0.9570222,18.895119,5.2351184,1.7071761,0.8356741,1.3595085,1.362251,0.979976,1.6763059,7.7725253,6.154288,9.259897,5.5436125,25.559967,15.916127,8.85349,6.500752,20.407179,13.578506,4.7643714,6.681945,59.197624,49.62678,15.916207,4.5545015,13.411075,8.619201,1.9824508,1.7830108,9.9854145,13.274645,2.8500583,1.7629031,12.358404,8.478538,5.9141297,4.209262,8.544386,9.521921,5.6938095,8.802779,3.4015694,1.4012934,0.5253555,0.14263195,0.11798367,0.3204184,0.24347997,0.1343948,0.11068332,0.07831341,0.097443566,0.05670959,0.04786822,0.07258191,0.040866155,0.042095523,0.03444964,0.053322546,0.04150501,0.053278215,0.044614237,0.054587867,0.0574522,0.14270529,0.22750261,0.47721937,0.59160876,0.6320917,0.39614317,0.14032076,0.08314351,0.06796025,0.05481867,0.060826376,0.110314496,0.21532539,0.40379035,0.5297694,0.56447685,0.27745405,0.18578003,0.24632646,0.14919938,0.065492064,0.015278357,0.003929917,0.000735989,5.46E-05,6.49E-06,4.18E-06,3.09E-06,2.40E-06,1.93E-06,1.59E-06,1.33E-06,1.14E-06,9.80E-07,8.54E-07,7.51E-07,6.67E-07,5.97E-07,5.38E-07,4.88E-07,4.46E-07,4.10E-07,3.79E-07,3.52E-07,3.29E-07,3.10E-07,2.93E-07,2.79E-07,2.67E-07,2.57E-07,2.49E-07,2.43E-07,2.38E-07,2.36E-07,0.23764658,0.5433066,0.35557365,0.20906699,0.28987694,0.18976629,0.875251,0.41648826,0.20813093,0.1281128,0.26269418,0.17097323,0.12451806,0.26611096,0.23222503,0.15740618,0.11999764,0.101593,0.26483917,0.1976344,0.102267645,0.09722943,0.0993483,0.08981808,28.77927645,21.48667078,22.3105498,21.29348275,16.65720901,73.78507076,16.68523083,4.914310245,4.330511258,4.463638052,3.189255925,1.704526761,9.918874461,2.377193742,healthy 
voice111.wav,7.713569,0.2586042,0.114677276,0.018201898,-183.65697,179.57492,-122.92534,-7.263893,-20.764456,-21.185284,25.957962,-25.670856,-3.8537385,6.329125,-12.979979,4.382325,-29.183844,51.76573,24.122322,18.136343,6.8777566,4.360003,5.084171,6.2184978,5.54788,3.3977668,4.7647815,3.8928757,3.9655406,5.676658,0.015428575,0.015542016,0.02687621,0.0860641,0.66469866,74.085365,23.790058,0.0490505,0.09685259,0.08851234,0.15515648,50.01158,39.383892,0.20734292,0.022297964,0.016165992,0.070610456,10.040057,21.863214,1.6892061,0.052825216,0.059189253,0.104061946,37.766026,129.60272,23.232943,0.36311278,0.19817317,0.45942232,43.906666,320.72284,135.54858,8.664645,0.3398562,0.50935507,42.59476,312.17496,187.53555,30.023922,0.67894113,0.4147967,2.184884,38.734783,32.90706,8.441126,0.39249212,0.4954834,49.44133,143.7239,39.49568,3.8149898,1.2102727,81.17393,167.09036,51.08416,5.4165945,2.1712613,8.911961,1.4828658,0.23003705,0.18045057,1.609134,1.1916479,0.17633627,0.5890442,0.83602905,0.19485803,0.0968983,0.49739882,0.39220673,0.13045038,0.49002567,0.22341834,0.1391335,0.3781367,0.2785216,0.5047967,0.6650013,0.29438776,0.4477147,0.15710028,0.044920836,0.02406768,0.003469701,0.003394652,0.01526479,0.067389935,0.09680648,0.21252541,0.076398894,0.08097527,0.061110098,0.06925446,0.09752076,0.039499212,0.013695093,0.00136769,0.000351606,2.34E-05,7.99E-07,4.54E-07,3.52E-07,2.88E-07,2.42E-07,2.09E-07,1.83E-07,1.61E-07,1.44E-07,1.30E-07,1.18E-07,1.08E-07,9.92E-08,9.17E-08,8.52E-08,7.95E-08,7.45E-08,7.02E-08,6.64E-08,6.30E-08,6.01E-08,5.76E-08,5.54E-08,5.36E-08,5.20E-08,5.07E-08,4.97E-08,4.90E-08,4.86E-08,0.15870284,0.1397456,0.24265984,0.3332013,1.3689219,18.934544,9.5485,0.12085727,0.1504574,0.18887831,1.0788152,25.332142,11.856849,0.40570104,0.095120735,0.06688883,0.20781285,6.362153,10.243763,3.125089,0.063090585,0.07273932,0.28274307,35.11528,47.494827,32.6838,0.956829,0.8624062,3.3908675,46.39782,187.70528,143.356,23.158829,1.4826708,2.7466578,83.12877,249.97864,171.81152,67.53422,0.753871,0.36299917,3.6154943,36.5902,24.307692,17.011045,0.6710378,2.2850482,64.77119,90.71986,42.45961,9.170601,5.822184,94.8535,91.99431,67.38887,14.350534,3.899947,9.5899515,1.2726537,0.5137892,0.18135345,1.194418,1.2795557,0.37837365,0.7252147,0.48476446,0.26605052,0.108875684,0.3077359,0.49477637,0.17126319,0.37995505,0.19953349,0.1818661,0.23161376,0.34335867,0.44053566,0.43570945,0.4003079,0.33154276,0.14950362,0.043515354,0.016327808,0.002321385,0.002253072,0.02006613,0.06725707,0.11102024,0.20294626,0.048070803,0.06414794,0.048713185,0.06184735,0.089687854,0.028823955,0.014668219,0.001271342,0.000255987,2.87E-05,8.19E-06,5.51E-06,4.27E-06,3.49E-06,2.94E-06,2.53E-06,2.21E-06,1.96E-06,1.75E-06,1.58E-06,1.43E-06,1.31E-06,1.20E-06,1.11E-06,1.03E-06,9.64E-07,9.04E-07,8.51E-07,8.05E-07,7.64E-07,7.29E-07,6.98E-07,6.72E-07,6.50E-07,6.30E-07,6.15E-07,6.03E-07,5.95E-07,5.89E-07,0.13687569,0.1297827,0.7535317,0.34577474,0.5503486,0.3486674,0.7650878,0.24262708,0.1026477,0.78767586,0.3483798,0.05387328,0.06931533,0.07192901,0.22156094,0.15419152,0.20625286,0.13344385,0.23459066,0.2738672,0.10214427,0.23413727,0.29855284,0.037981622,35.68829168,27.12774854,28.9091671,27.4811465,24.68643496,70.11475383,18.8702705,5.256739128,4.265092255,4.091425585,2.930000962,1.948760085,8.25124415,2.807143857,healthy 
voice112.wav,9.602613,0.15432799,0.087841469,0.035857587,-181.09853,194.00296,-107.66978,28.318523,-25.491888,-18.111826,32.12943,-35.64736,2.8154252,2.36304,-33.101948,-6.6136956,-15.669657,57.411396,25.04744,18.70471,8.327098,4.9935546,5.2795086,6.3530416,7.6427746,4.404186,3.7282271,5.198289,5.088667,5.9371085,0.002088193,0.006988945,0.08160607,1.6972452,1.3266636,0.5781633,0.46509153,12.385792,296.5354,49.165062,0.7172886,1.4009176,1.0860897,0.5771483,0.60438496,0.66885805,3.9125264,83.228714,31.687696,6.4169555,3.9443033,1.0478878,0.4522305,0.17223434,0.19078724,1.6703176,48.914528,31.901924,1.1135046,0.67406183,0.8165879,0.9531758,1.0769784,1.5683268,9.242088,75.88924,61.538002,4.561268,1.8142192,1.3980339,1.6427596,1.0112534,0.9239907,2.6141627,23.45841,15.400384,1.2612029,0.39424452,0.43790492,0.29823062,0.4909894,3.6558785,9.272079,2.1890025,0.66482115,0.7531846,0.5410014,0.6716342,1.7305646,1.0748787,0.3906828,0.41194797,0.39727414,0.7751689,1.2096924,0.2327471,0.08380881,0.085248336,0.139735,0.17942357,0.04948592,0.04015861,0.040324405,0.07333841,0.048098102,0.035179697,0.03691813,0.057857297,0.059303872,0.07019127,0.12438171,0.1773374,0.24305116,0.5998882,0.9366646,0.4755206,0.1867121,0.106612675,0.04685034,0.037389994,0.037155118,0.030160164,0.032315698,0.034301456,0.033906695,0.05222719,0.056712773,0.03485121,0.004833079,1.17E-05,2.91E-07,2.19E-07,1.73E-07,1.41E-07,1.18E-07,1.01E-07,8.67E-08,7.57E-08,6.65E-08,5.90E-08,5.28E-08,4.75E-08,4.30E-08,3.91E-08,3.58E-08,3.30E-08,3.05E-08,2.84E-08,2.66E-08,2.50E-08,2.36E-08,2.24E-08,2.14E-08,2.06E-08,2.00E-08,1.94E-08,1.91E-08,1.88E-08,0.00662197,0.021390302,0.11520269,2.0776243,2.0419145,0.9364854,0.49066713,10.179481,93.434326,38.254646,0.8076736,2.3879018,2.096656,1.4194561,1.876788,1.2562265,5.958463,31.59866,29.698689,29.198532,14.914313,2.8955543,0.8063836,0.20978233,0.31187737,2.6114547,22.694431,33.86612,1.9450263,0.4638961,0.5224536,0.64796096,0.7487849,1.2989522,21.663185,51.37615,65.63617,9.389539,1.2461054,0.8878012,1.1966944,0.63805103,0.60628015,3.4692938,15.83656,14.9278345,2.8128233,0.2527973,0.27245462,0.20787397,0.8401101,4.0647545,5.965103,3.609696,0.48764145,0.5233105,0.33755592,1.0934466,1.1738675,1.325421,0.3870396,0.23438272,0.270782,0.6476945,0.7557866,0.30137897,0.048889156,0.08555573,0.08627046,0.102969885,0.04893491,0.028177444,0.024814144,0.044550918,0.038961057,0.023008043,0.019901216,0.027411887,0.030894738,0.046244,0.060922023,0.08164105,0.12593442,0.34734288,0.61294216,0.34443274,0.14620534,0.083953716,0.02996979,0.025959771,0.02429659,0.024914013,0.016664594,0.029575733,0.04015787,0.042097855,0.06727493,0.044295028,0.005354421,9.67E-06,3.53E-06,2.66E-06,2.10E-06,1.72E-06,1.44E-06,1.22E-06,1.05E-06,9.18E-07,8.07E-07,7.16E-07,6.40E-07,5.76E-07,5.21E-07,4.75E-07,4.34E-07,4.00E-07,3.70E-07,3.44E-07,3.22E-07,3.03E-07,2.86E-07,2.72E-07,2.60E-07,2.50E-07,2.42E-07,2.36E-07,2.31E-07,2.29E-07,0.13957714,0.043010317,0.038835946,0.23953475,0.11089838,0.0418811,0.043610677,0.19873382,0.9901307,0.41992828,0.07178102,0.053805772,0.09406068,0.07389382,0.068859145,0.083030604,0.09336766,0.10560043,0.108780935,0.14688157,0.047782898,0.21840604,0.16590741,0.09286391,24.81201227,23.43789289,23.63728373,22.17853378,18.60849919,71.08254361,19.10552927,3.826792744,3.744343059,3.357038444,2.05349258,1.696728598,8.140377819,2.654711555,hypokinetic dysphonia
voice113.wav,40.16306,0.07086859,0.109371723,0.034204139,-299.2395,142.30957,-62.30633,28.83985,-16.105236,-17.01635,14.725344,-30.337872,0.5829486,-1.4407817,-20.96103,3.4205003,-14.03475,115.78397,43.6983,51.805504,24.050928,18.992159,14.263515,9.638497,18.848234,10.43845,7.92774,12.219698,6.227926,9.644872,0.001190974,0.006042864,0.029432949,0.33172616,0.89547,5.2715297,7.239217,18.77522,18.30805,2.2196414,4.161229,4.588983,4.203123,4.79523,6.518338,4.6852283,11.424917,10.557617,8.361358,5.5946608,3.7923236,9.694736,13.415223,10.461406,2.7194157,1.9670767,1.90819,3.7735846,6.623306,12.259914,4.1953797,1.7827511,1.7959312,11.244839,7.982714,9.264848,18.988598,8.626428,5.876132,7.683675,7.8711133,1.6329997,1.3864263,4.736132,2.752095,1.5435115,1.8314203,1.7170022,1.3940716,1.4391221,3.1012332,3.83177,3.521819,0.6305873,0.9773926,6.0628066,5.0565906,4.071049,2.404985,2.0350988,3.2748787,3.1734095,1.807932,0.45559528,1.2149187,1.1661408,0.44935015,0.20199375,0.19521639,0.26604947,0.2213137,0.14452302,0.16975817,0.14161707,0.15274808,0.21267453,0.2292755,0.1962872,0.28252783,0.5427412,0.13360688,0.14102805,0.15432549,0.12058821,0.1702485,0.1704213,0.21983145,0.2284511,0.29615095,0.33610794,0.46859342,0.5550681,0.19349413,0.21020894,0.14213721,0.20570195,0.13401176,0.041570295,0.004808995,7.16E-06,6.83E-08,4.90E-08,3.76E-08,3.01E-08,2.49E-08,2.10E-08,1.81E-08,1.57E-08,1.39E-08,1.23E-08,1.10E-08,9.99E-09,9.09E-09,8.33E-09,7.68E-09,7.11E-09,6.63E-09,6.21E-09,5.85E-09,5.54E-09,5.27E-09,5.04E-09,4.85E-09,4.68E-09,4.55E-09,4.45E-09,4.38E-09,4.33E-09,0.001997609,0.012224445,0.11475909,1.3081461,3.292725,13.726852,17.530298,64.349525,59.882492,13.143942,20.77958,13.926301,11.941137,15.697114,19.54787,16.614496,32.752094,33.620586,41.070564,25.218344,12.269043,30.646881,56.19931,56.23304,9.381382,5.8794627,7.101777,19.366829,25.749401,59.98039,20.865793,8.260479,7.105785,58.46766,39.989857,46.20146,78.221375,32.699226,29.397009,49.06374,41.0446,8.440601,4.7538366,19.388447,10.650179,6.152143,8.359595,7.4842257,6.7641377,5.1011906,11.098345,13.910973,12.916136,2.3703442,4.4172945,25.218723,15.596496,14.485973,12.62361,11.892383,14.477018,10.944039,7.0739336,1.7257513,6.1171207,4.4380236,1.691018,0.5571802,0.6252235,0.8392526,0.67778414,0.37807775,0.40438733,0.35169536,0.45395535,0.53224725,0.6729552,0.6332123,0.96258706,2.0853271,0.31053334,0.40600288,0.42444572,0.26814055,0.5920356,0.5770334,0.7137799,0.80563104,1.0373064,1.0051228,1.8765999,2.0190923,0.5056853,0.7280015,0.33874336,0.59222853,0.40065837,0.11177348,0.019609189,2.36E-05,8.28E-07,5.95E-07,4.57E-07,3.66E-07,3.02E-07,2.55E-07,2.19E-07,1.91E-07,1.68E-07,1.49E-07,1.34E-07,1.21E-07,1.10E-07,1.01E-07,9.31E-08,8.63E-08,8.04E-08,7.53E-08,7.10E-08,6.72E-08,6.39E-08,6.12E-08,5.88E-08,5.68E-08,5.52E-08,5.40E-08,5.31E-08,5.26E-08,0.27287012,0.29080686,0.27028033,0.34101877,0.5353715,0.3830415,0.34111795,0.39778286,0.49240902,0.41045293,0.39823043,0.2993826,0.23232631,0.24263754,0.21898003,0.20421016,0.38530093,0.24894485,0.25666755,0.28139025,0.3232658,0.28013915,0.35099298,0.2718385,23.3685953,16.62832379,18.53596745,17.84151064,16.83021904,68.95549456,16.31435961,8.53279218,6.138331903,5.741230153,4.404897985,3.426832763,9.535307083,2.416069748,hyperkinetic dysphonia
voice114.wav,23.290104,0.23909356,0.088165898,0.018077989,-166.04745,176.6563,-126.7575,29.248217,-53.35427,-38.331814,53.111595,-43.036263,-11.043662,21.738686,-27.01082,-3.7301505,-16.692152,54.811123,22.535786,18.829203,7.4691343,8.717572,6.493808,7.490607,7.6146493,4.080099,3.590764,5.3865266,3.2211018,3.2852747,0.026547715,0.041884508,0.041805536,0.09910287,0.1646256,25.059542,361.19626,28.7791,0.11235567,0.07357763,0.04763328,0.045345586,11.396394,139.26976,12.862102,0.09090892,0.07095645,0.059263594,0.055394065,9.777279,98.095634,10.8181,0.14592002,0.17098376,0.2533304,0.37246844,34.726883,289.07404,43.18028,1.5645735,1.7239126,1.4108852,1.5619278,42.3647,334.89105,71.57532,1.1996399,1.0575013,1.0075796,0.7116644,14.305972,76.24263,15.415881,0.5610365,0.82128865,0.6104736,1.2732378,37.282528,28.72079,0.8125077,0.65004826,0.71481884,10.079279,46.145508,5.5091805,0.15167546,0.109196045,1.182585,4.009009,0.36394024,0.036165863,0.05027536,0.52180696,0.24139842,0.014981421,0.03704479,0.29707563,0.09150521,0.01516059,0.14021465,0.39500841,0.035457898,0.03897191,0.38720933,0.111283295,0.050081957,0.5500404,0.19449638,0.14200425,1.2607225,0.3667939,1.4576559,3.9923768,1.6437458,18.83496,10.089542,4.866631,5.8986154,1.1358681,2.327397,0.52633,1.1460749,0.3241269,0.42881545,0.057765897,0.018027082,0.012708657,0.011486159,0.000455962,4.14E-06,2.18E-06,1.65E-06,1.32E-06,1.09E-06,9.22E-07,7.95E-07,6.94E-07,6.15E-07,5.49E-07,4.95E-07,4.49E-07,4.10E-07,3.77E-07,3.48E-07,3.24E-07,3.02E-07,2.84E-07,2.67E-07,2.53E-07,2.41E-07,2.30E-07,2.21E-07,2.14E-07,2.07E-07,2.02E-07,1.98E-07,1.95E-07,1.93E-07,0.27012897,0.42480248,0.39235052,0.8090821,1.3844404,10.350379,101.00241,14.126052,0.7763144,0.43688828,0.12479466,0.10103634,7.2294364,46.12307,6.6174693,0.22959715,0.1378058,0.17633697,0.24417174,8.074871,29.719564,6.081637,0.30339092,0.18004459,0.22787678,0.31358644,33.443054,97.17023,35.839634,1.1116402,1.5001923,1.1597815,1.9997611,43.71539,109.782684,67.20886,1.262634,0.9163818,0.8583607,0.54678845,17.76819,33.39378,14.16342,0.465461,0.63934016,0.47172648,1.9064028,18.714842,15.337649,1.0422516,0.50766206,0.47031555,11.24341,17.351418,5.3267303,0.12883085,0.0784972,1.01188,1.1811727,0.4478874,0.021216955,0.059929658,0.23509553,0.21962811,0.009979686,0.04846009,0.12097513,0.06850646,0.008786378,0.105523326,0.18200678,0.040046334,0.03360827,0.14156069,0.095863596,0.045727424,0.22947074,0.14529313,0.13112096,0.48919645,0.30722052,0.8026669,2.0259442,1.3394231,6.872493,8.213898,3.7145414,4.238407,1.0930274,1.6604846,0.45764574,0.87934107,0.34064206,0.4698364,0.08359405,0.011604727,0.007624872,0.006571635,0.000570465,4.14E-05,2.65E-05,2.00E-05,1.60E-05,1.32E-05,1.12E-05,9.64E-06,8.42E-06,7.46E-06,6.66E-06,6.00E-06,5.44E-06,4.97E-06,4.57E-06,4.22E-06,3.92E-06,3.67E-06,3.44E-06,3.24E-06,3.07E-06,2.92E-06,2.80E-06,2.69E-06,2.59E-06,2.51E-06,2.45E-06,2.40E-06,2.37E-06,2.34E-06,0.066130914,0.07186319,0.12104557,0.23165345,0.9843281,0.31263065,0.08892674,0.19850746,0.6304102,0.086192496,0.06752605,0.30378923,0.06453259,0.10349437,0.08009368,0.07448996,0.07385111,0.10748124,0.096033454,0.11513107,0.1993035,0.12274421,0.102418214,0.06891308,40.11590735,27.1086144,27.11002637,26.62067783,24.89040208,73.98652212,19.14268846,6.252121518,4.484386335,4.061331234,3.038228129,2.455205085,9.384203156,2.695752734,healthy 
voice115.wav,5.0126314,0.32661346,0.065357592,0.011587393,-156.21396,163.77817,-88.9757,13.06198,-40.590435,-32.405567,3.3013208,-59.393654,-18.812483,-1.9543816,-5.041188,12.768181,-27.384178,50.80956,25.763067,16.412071,12.198459,8.549833,5.8572426,6.0343122,10.260598,7.4235125,4.1891675,5.1348505,4.347123,4.338171,0.000396286,0.001319311,0.005028629,0.019057546,0.025253767,0.1003855,185.27002,244.8991,0.65813446,0.084898345,0.23633145,0.25078216,0.22651277,12.50468,431.66473,92.35593,0.70116735,2.0747497,4.418761,3.9183996,6.847774,679.8688,1650.33,50.25938,5.5044966,7.9431186,5.8397045,3.0756512,6.177605,70.58209,31.991007,0.61357474,0.608933,1.1480983,0.8286414,0.7921071,4.1725445,14.721044,2.022307,0.301256,0.4968695,0.68671006,0.5965687,2.6580958,23.965075,11.4051075,0.5411422,1.8036016,3.352636,4.643566,26.42041,54.17083,3.885557,3.3184314,3.5915453,2.3430843,9.493059,3.0245762,0.21626456,0.21013926,0.18823346,0.66084087,0.16393316,0.065472715,0.05597798,0.12361018,0.10773326,0.047199402,0.049486857,0.12333756,0.12393136,0.07921332,0.10402348,0.25513077,0.20620146,0.20824558,0.35393226,0.2469312,0.11364306,0.23749475,0.22389923,0.118497655,0.2055994,0.10409398,0.07154507,0.14884,0.046725042,0.08258545,0.0680115,0.06488311,0.13872008,0.057008717,0.39614305,0.41316742,0.75633353,0.42202514,0.39062408,0.08996124,0.001182009,2.65E-05,1.54E-05,1.17E-05,9.31E-06,7.68E-06,6.51E-06,5.61E-06,4.89E-06,4.32E-06,3.85E-06,3.46E-06,3.14E-06,2.86E-06,2.62E-06,2.42E-06,2.25E-06,2.09E-06,1.96E-06,1.85E-06,1.75E-06,1.66E-06,1.59E-06,1.52E-06,1.47E-06,1.42E-06,1.39E-06,1.36E-06,1.34E-06,1.32E-06,0.001507237,0.006853062,0.017727423,0.03699493,0.07210609,0.21661107,78.56593,88.48966,0.44181833,0.20719966,0.4133452,0.38382837,0.3731273,16.22104,201.67433,50.87762,0.92282134,2.3265922,6.8166404,5.3029494,9.918751,443.57913,694.7358,49.898903,7.478744,11.580265,9.129825,4.6450405,13.009671,32.506474,14.908568,0.8564332,1.0127718,2.0245147,1.2180119,1.3491418,3.8323886,6.8993726,2.2532163,0.43522933,0.69204116,1.1582946,0.9051619,5.5144367,20.906776,12.130326,0.7089859,3.1377985,6.699287,7.615954,20.170126,44.526276,4.340983,4.6555505,6.051131,3.579913,11.130986,3.7262077,0.46056163,0.30413246,0.19760735,0.66068345,0.15621394,0.11383617,0.060136322,0.10026483,0.08448647,0.074340075,0.059396077,0.08843979,0.085814975,0.09359303,0.085871756,0.18000703,0.24236152,0.21115522,0.23841195,0.20705229,0.11260173,0.22992231,0.22978617,0.15643255,0.19117796,0.06606503,0.070686765,0.12444718,0.038284607,0.07215275,0.053478822,0.06553708,0.11425029,0.04105942,0.4252465,0.46609214,1.031146,0.40724912,0.4854853,0.07627347,0.001785819,0.000285051,0.000186547,0.000141331,0.000112924,9.32E-05,7.90E-05,6.80E-05,5.93E-05,5.24E-05,4.67E-05,4.20E-05,3.80E-05,3.47E-05,3.18E-05,2.94E-05,2.72E-05,2.54E-05,2.38E-05,2.24E-05,2.12E-05,2.02E-05,1.92E-05,1.85E-05,1.78E-05,1.73E-05,1.68E-05,1.65E-05,1.62E-05,1.61E-05,0.9859538,0.18096587,0.046865724,0.06367675,0.10854151,0.32916692,0.06863122,0.006932596,0.009327021,0.017209275,0.011013947,0.19938123,0.115253694,0.10127166,0.08207012,0.080281846,0.075971745,0.1066004,0.041129462,0.02862716,0.024930885,0.029083444,0.03763943,0.11676709,39.1959617,26.93925012,27.12967116,23.09923525,18.34152308,73.27006023,18.36366352,4.89522261,4.934938996,5.125313775,3.471621859,1.883400419,9.101409129,2.760238156,healthy 
voice116.wav,84.36178,0.11854696,0.17814073,0.047899036,-224.79533,133.15125,-129.65202,27.25806,-17.491064,-13.157941,24.64997,-39.027702,6.7704926,-3.0959504,-23.318779,25.2651,-5.048142,121.727516,29.078274,67.77049,10.9475975,13.533857,10.7788515,9.706238,19.199495,6.418874,4.7987566,6.0959597,17.998993,5.8966527,0.00131189,0.00951934,0.012903351,0.033955086,0.0518241,0.06286241,0.05768877,0.03521004,0.053742148,0.064132966,0.07256525,0.09156059,0.21833488,0.0889697,0.077311076,0.06682079,0.09829969,0.30765674,1.7232115,2.062964,5.490096,7.678506,26.001837,57.49864,10.801052,0.78716195,1.1661679,1.3355207,0.91741073,0.9410938,0.8517774,0.4957209,0.34910884,0.3370375,0.25984803,0.46831998,0.7869276,1.3056691,1.2014967,2.6818318,8.122956,15.2473345,59.39266,44.073437,29.482937,70.63748,76.467354,32.697884,13.005169,7.1866364,7.546185,6.987801,4.9039435,5.6418653,3.358705,4.272237,4.464827,7.8817677,9.76991,18.553072,10.478311,7.025761,12.549985,12.491831,5.743098,6.1534867,4.1509576,5.0792737,3.5488007,2.9132023,2.4219127,1.9074724,1.0138589,0.68661076,0.8591739,0.7724519,0.744786,0.51779807,0.41216457,0.4568609,0.4312491,0.3694484,0.27484176,0.34349978,0.50749165,0.46227178,0.53159785,0.7729051,0.9537238,1.4472312,2.3518338,4.0570107,2.9071383,1.6978986,0.90208924,0.5033639,0.31177938,0.13139012,0.012272078,2.20E-05,2.56E-10,1.42E-10,1.03E-10,8.00E-11,6.45E-11,5.30E-11,4.42E-11,3.72E-11,3.16E-11,2.70E-11,2.32E-11,2.01E-11,1.74E-11,1.52E-11,1.33E-11,1.17E-11,1.03E-11,9.16E-12,8.17E-12,7.36E-12,6.57E-12,5.98E-12,5.65E-12,5.07E-12,4.64E-12,4.42E-12,4.19E-12,4.06E-12,0.001203817,0.022249611,0.021968374,0.066349,0.09385784,0.06498353,0.06207892,0.033412475,0.06318424,0.0692674,0.07608249,0.09317056,0.13294087,0.08786467,0.0892449,0.093351744,0.19334221,0.6425887,5.2852564,5.739449,9.928634,19.202568,53.603153,104.46736,31.549717,1.8708456,3.0604625,3.3207762,1.7885431,1.6118771,1.393455,0.64911515,0.4359105,0.4983503,0.3937845,0.6675235,0.96415466,1.7796029,1.485296,3.883512,27.544537,38.006466,122.45647,94.551994,69.12877,134.01591,145.36118,71.207214,22.428473,11.279299,10.958627,11.592841,6.603991,7.9235506,4.3299737,5.825289,6.7023273,23.764338,25.611015,40.967503,19.995405,10.5228195,22.787184,18.49053,8.272727,8.199281,5.2156997,7.3396497,4.9712224,4.188451,3.3567107,2.4776425,1.3173416,0.8863703,1.2697507,1.0613881,1.024171,0.628138,0.47011036,0.5963455,0.5116696,0.43505588,0.3152577,0.42132232,0.7634592,0.6223992,0.6015362,0.8252157,1.0921535,1.7799706,2.9565027,5.7977014,3.6345325,1.8437542,1.0111094,0.5881865,0.3486139,0.15608871,0.014269322,2.90E-05,2.11E-09,1.54E-09,1.19E-09,9.44E-10,7.70E-10,6.36E-10,5.31E-10,4.49E-10,3.82E-10,3.26E-10,2.81E-10,2.43E-10,2.11E-10,1.84E-10,1.61E-10,1.41E-10,1.25E-10,1.10E-10,9.82E-11,8.78E-11,7.89E-11,7.15E-11,6.52E-11,6.00E-11,5.59E-11,5.27E-11,5.04E-11,4.90E-11,0.46477807,0.5702551,0.43194374,0.3990892,0.23487216,0.20498383,0.27985564,0.29745162,0.32950243,0.3082146,0.2893111,0.35405776,0.31843194,0.36279228,0.26874542,0.38007557,0.22287889,0.22756146,0.26937428,0.21569522,0.26234993,0.27136227,0.28760812,0.29927522,17.03296192,13.17928317,18.69946859,18.53475155,16.98496965,74.95531423,18.54180949,4.016525834,3.568217659,5.435121083,3.85398725,2.365128974,9.310366618,2.569959122,hypokinetic dysphonia
voice117.wav,55.408695,0.12115791,0.136335335,0.042393672,-202.99913,179.1719,-102.67777,21.205284,-27.940748,-10.135095,21.98488,-48.809242,8.824271,4.617525,-32.940586,1.197007,-19.344036,119.65043,42.18679,48.438076,12.702458,13.5947275,9.271034,11.339486,21.173273,8.048508,5.1076617,11.03922,5.902023,6.986102,0.001691514,0.00995738,0.064708285,2.0479045,7.812677,15.758374,29.162931,2.691235,4.075632,4.133449,2.919812,3.6143668,14.75713,13.969831,5.2471013,2.611379,3.3417866,6.525486,19.560638,50.120926,42.065563,6.4246225,4.047161,0.6321639,0.63436997,1.7276595,6.553987,5.0214157,5.35581,10.671229,5.9084907,6.9358573,9.7656555,22.737125,13.139726,5.6092167,5.484238,5.2224526,10.911595,15.191114,16.005997,7.489099,5.913695,7.7447476,10.305212,5.299717,6.7441454,6.2221704,5.351955,4.069535,5.9450235,5.0567307,4.2104583,4.6988716,8.262462,13.388117,24.192837,44.737907,19.280872,6.6632113,4.301736,3.4413726,1.5572526,0.7801581,0.4857266,0.51389647,0.2647042,0.14640631,0.13654517,0.11304766,0.061116256,0.05955465,0.066588074,0.09091919,0.10674889,0.140022,0.096701525,0.082566,0.07544666,0.0472269,0.05098517,0.053436633,0.0753182,0.13201934,0.13423616,0.15641285,0.19976525,0.30981082,0.7862165,1.4847075,1.5797219,0.7616113,0.47331324,0.30175772,0.22247696,0.18848951,0.20456246,0.10821499,0.010119301,3.29E-05,3.81E-09,2.79E-09,2.17E-09,1.75E-09,1.45E-09,1.22E-09,1.04E-09,9.07E-10,7.94E-10,7.02E-10,6.26E-10,5.62E-10,5.09E-10,4.63E-10,4.24E-10,3.90E-10,3.61E-10,3.37E-10,3.15E-10,2.97E-10,2.81E-10,2.67E-10,2.56E-10,2.46E-10,2.39E-10,2.33E-10,2.29E-10,2.26E-10,0.002033751,0.012084042,0.12703507,4.6374393,21.527048,39.61837,54.055134,3.9015071,14.117815,12.048257,6.5558023,8.661372,27.663961,24.106787,11.466209,4.1258407,4.8419857,15.643831,44.59072,90.05766,96.79232,9.911173,9.305176,1.6206073,1.0123376,3.31908,12.504946,9.225685,8.480152,19.684904,10.25373,15.0071125,18.167374,39.315037,21.391397,7.804018,7.6018796,8.744848,18.777193,21.028494,23.391548,10.228536,12.050607,15.038383,19.536098,8.242572,9.538787,7.825165,8.5850315,7.2477446,12.544206,7.4713697,4.4961495,6.2486987,11.494804,16.549313,31.766394,63.233265,26.278814,8.847945,4.766189,4.5188346,1.8637711,1.2472079,0.56942165,0.7246022,0.2898585,0.16105302,0.14252535,0.11592386,0.06344641,0.058748733,0.063792855,0.09941568,0.11230934,0.1321317,0.10282112,0.098319545,0.07598413,0.044835296,0.050602846,0.0516103,0.078232996,0.12884608,0.12455865,0.13881539,0.19015664,0.31904572,0.8454512,1.4401011,1.4921563,0.7241706,0.4410548,0.29968286,0.21043324,0.18435624,0.20509571,0.10911468,0.010356225,4.37E-05,4.56E-08,3.37E-08,2.63E-08,2.12E-08,1.76E-08,1.48E-08,1.27E-08,1.10E-08,9.63E-09,8.52E-09,7.59E-09,6.82E-09,6.17E-09,5.61E-09,5.14E-09,4.73E-09,4.38E-09,4.08E-09,3.82E-09,3.60E-09,3.40E-09,3.24E-09,3.10E-09,2.99E-09,2.90E-09,2.82E-09,2.77E-09,2.74E-09,0.22537835,0.31069764,0.3264395,0.29135644,0.4688117,0.70244,0.4834974,0.39406157,0.34558132,0.43220457,0.47783256,0.29432017,0.17936097,0.299597,0.24109112,0.13922466,0.25484338,0.33499026,0.2769684,0.21277654,0.27947217,0.27315867,0.326009,0.2090635,26.539874,16.47137213,18.87810581,17.21199691,18.11344338,73.23259156,16.30117734,7.190239777,5.023489288,5.192149088,3.782662621,2.755310775,10.05761029,2.419586456,hyperkinetic dysphonia
voice118.wav,20.967108,0.21679841,0.135855365,0.024086327,-175.7497,159.91563,-150.71083,26.430023,-35.823364,-30.846205,40.5989,-40.81693,-2.4328153,19.097452,-20.419275,-8.619518,-23.03957,58.590622,21.88165,22.414597,6.7704806,6.500935,5.42431,6.729985,6.4807544,2.5380218,3.5447385,4.2453074,2.505395,4.313964,0.00133596,0.004339914,0.003931707,0.007863543,0.015437335,0.052848525,1.2543721,182.77132,53.866894,0.12050663,0.072122395,0.045767598,0.066538356,0.044088457,0.15503184,38.043213,31.398335,0.114789,0.025833176,0.030750094,0.027772862,0.049922995,0.17043316,78.21205,138.60213,2.7224388,0.22128235,0.25559035,0.30441347,0.32079956,0.57358736,63.734406,241.43732,17.085535,0.8261498,0.57025814,0.5021489,0.61169195,0.7536714,17.345095,144.57893,27.97539,0.61878866,0.42348203,0.28109938,0.28381613,0.45812762,39.440773,62.821877,2.2855687,0.33425546,0.34953353,0.5728542,15.216682,141.86215,30.591324,2.0117803,1.4129838,0.9504864,9.096196,10.543585,0.28725356,0.081594765,0.0749491,1.3375174,1.2424059,0.038821362,0.028522333,0.72446376,2.0129719,0.09780931,0.026330072,0.35480988,1.0603508,0.08123922,0.061234176,2.3038568,1.4575949,0.077068225,1.6760163,3.779809,0.390563,7.533924,26.844307,1.8292507,2.014685,2.2862475,0.09627261,0.51141626,0.21334374,0.09649863,0.24526407,0.041668072,0.32863525,0.12491382,0.1532472,0.12499669,0.013647869,0.003636465,3.00E-06,5.21E-07,4.08E-07,3.32E-07,2.77E-07,2.36E-07,2.03E-07,1.77E-07,1.55E-07,1.37E-07,1.22E-07,1.10E-07,9.90E-08,8.98E-08,8.18E-08,7.49E-08,6.89E-08,6.37E-08,5.92E-08,5.53E-08,5.19E-08,4.90E-08,4.65E-08,4.44E-08,4.26E-08,4.12E-08,4.01E-08,3.93E-08,3.88E-08,0.007250977,0.015354703,0.016409198,0.032546755,0.08014951,0.20260583,1.410542,53.369377,21.424053,0.6704538,0.4552317,0.2506706,0.29983312,0.27680123,0.81169665,12.224979,17.867294,0.2521531,0.041931774,0.055559535,0.050273903,0.1554858,0.27813667,35.447147,56.416775,3.704074,0.15039088,0.17931947,0.26680195,0.24982415,0.73397946,44.95664,74.56259,16.02335,0.55338687,0.40076506,0.361866,0.52877843,0.5667686,18.433594,72.447044,22.289963,0.75408125,0.4351504,0.2588721,0.33073106,0.44241568,27.345404,25.575657,3.3513057,0.21829045,0.21028604,0.3751338,21.365675,64.97624,38.168488,1.3384215,0.85386914,0.6299101,9.786114,5.622591,0.41332945,0.08685816,0.07272738,0.74033535,0.86940455,0.05211141,0.036133837,0.71617556,1.2832175,0.15626115,0.03176293,0.2730808,0.3866673,0.091503605,0.05973371,1.2074902,0.73095345,0.037357155,1.1652801,1.8453611,0.2791497,4.9130344,12.509046,2.5380876,1.4961113,1.0198463,0.06518214,0.4013493,0.13993965,0.07558242,0.10242727,0.020080317,0.1788815,0.07374473,0.087370634,0.087610655,0.006917448,0.002399853,7.85E-06,5.27E-06,4.12E-06,3.35E-06,2.79E-06,2.38E-06,2.05E-06,1.78E-06,1.57E-06,1.39E-06,1.24E-06,1.11E-06,9.99E-07,9.06E-07,8.25E-07,7.56E-07,6.95E-07,6.43E-07,5.97E-07,5.58E-07,5.24E-07,4.94E-07,4.69E-07,4.48E-07,4.30E-07,4.16E-07,4.04E-07,3.96E-07,3.91E-07,0.06776313,0.06236111,0.63664526,0.21810122,0.18718795,0.6153892,0.20365144,0.9785687,0.3329048,0.023776067,0.06715665,0.3875957,0.038919322,0.030118654,0.15213004,0.085657336,0.09045203,0.21241459,0.061311,0.1189508,0.10390506,0.036164597,0.039809197,0.20223615,36.27630981,28.35836475,29.32835135,23.91919399,24.31414559,72.74533715,17.61697206,5.415330624,4.543706841,4.187887397,2.891430421,2.473233828,8.973897223,2.543765564,hypokinetic dysphonia
voice119.wav,14.568848,0.2856769,0.163023673,0.026826245,-225.43068,74.66826,-178.7972,20.761566,4.030629,-15.357533,30.711836,-35.680996,-14.486112,7.439565,-17.322868,-1.4882926,-10.367646,42.060135,15.687679,22.885359,8.89862,4.522466,4.5938745,5.2164354,5.9392376,3.8966143,3.783006,3.538258,3.554553,3.9627264,0.000311024,0.000596315,0.000444519,0.000783434,0.000937837,0.002230838,0.001245629,0.001562756,0.001656759,0.007023847,3.3658493,7.1443863,0.08130737,0.003405922,0.002213993,0.001278825,0.001666787,0.00088655,0.00137019,0.001728979,0.005611857,0.16723928,13.185309,7.968101,0.06186132,0.016634598,0.010926247,0.009539744,0.010045338,0.008296261,0.012066251,0.01318241,0.037094973,3.2310214,40.549076,14.40703,0.08387906,0.026412923,0.032098107,0.040989507,0.064863175,0.06549231,0.12334081,0.18047968,11.777314,362.1478,398.92,16.361427,0.40822828,0.38355654,0.76723474,0.5708913,0.33606628,1.8215152,199.4651,511.95187,34.276775,0.23507465,0.19579469,0.18461487,0.1827686,6.0424957,126.501625,96.177444,1.0414498,0.16683432,0.1236055,0.25576538,17.917637,43.758656,2.3784602,0.035409488,0.041204464,0.91862416,9.423983,2.855844,0.057214186,0.06767542,1.1531812,18.17386,8.129559,0.27171898,0.6921368,27.295101,26.356464,0.40198958,0.09906011,0.73681223,0.5657136,0.026210127,0.054361932,0.43317494,0.106300175,0.013251711,0.12047129,0.053630523,0.003955344,0.013230227,0.004630323,7.78E-06,1.37E-06,1.03E-06,8.07E-07,6.54E-07,5.44E-07,4.60E-07,3.94E-07,3.43E-07,3.01E-07,2.67E-07,2.39E-07,2.15E-07,1.95E-07,1.79E-07,1.64E-07,1.52E-07,1.41E-07,1.32E-07,1.24E-07,1.17E-07,1.11E-07,1.06E-07,1.02E-07,9.86E-08,9.58E-08,9.36E-08,9.20E-08,9.10E-08,0.001504928,0.00324001,0.001713759,0.00364586,0.002589194,0.005533161,0.00369858,0.009865431,0.006769968,0.056359723,2.2297206,3.386856,0.09774349,0.017447133,0.012001555,0.005871727,0.008926204,0.003758605,0.009579574,0.011006112,0.042343706,0.46197394,10.083999,3.7954943,0.21132645,0.12930831,0.08028683,0.072252125,0.08026369,0.060123965,0.10088488,0.099677876,0.3250625,3.983197,14.251507,14.534767,0.24539083,0.12947226,0.15574591,0.13887948,0.24809688,0.26553375,0.6580363,0.98143464,28.600317,276.03827,268.4026,36.686626,1.015047,0.5381286,0.78329927,0.5370872,0.44048026,7.920727,211.9459,302.66858,60.300785,0.41391346,0.25098592,0.22453196,0.3227903,15.085236,47.93368,78.731186,3.4736319,0.14043847,0.10256737,1.1264439,17.918232,29.183865,4.3530555,0.036278225,0.031686593,2.5931747,9.592952,2.8929386,0.047520917,0.038318872,1.9637566,8.382011,9.492302,0.18199521,1.9009413,18.42466,14.073263,0.8953012,0.1413905,0.71785086,0.42952946,0.049728014,0.07784529,0.2338896,0.10556985,0.034725666,0.15181242,0.047719017,0.003588176,0.021223364,0.003601697,2.70E-05,1.66E-05,1.25E-05,9.79E-06,7.93E-06,6.60E-06,5.58E-06,4.78E-06,4.16E-06,3.65E-06,3.24E-06,2.90E-06,2.61E-06,2.37E-06,2.17E-06,1.99E-06,1.84E-06,1.71E-06,1.60E-06,1.50E-06,1.42E-06,1.35E-06,1.29E-06,1.24E-06,1.20E-06,1.16E-06,1.13E-06,1.12E-06,1.10E-06,0.08487658,0.76899505,0.23455629,0.053135365,0.16217445,0.9063882,0.15409477,0.03230966,0.3497473,0.119940266,0.033376273,0.10610792,0.06275911,0.24171531,0.15940951,0.049488284,0.08154159,0.17752634,0.08053504,0.030790336,0.13602057,0.08844246,0.03501717,0.08086519,16.22675656,28.77731658,31.35612617,31.84348364,28.63182954,71.43732938,18.61502603,3.594545113,4.235813699,4.676497981,4.367211488,2.334592736,8.276841591,2.692077516,hyperkinetic dysphonia
voice120.wav,21.740347,0.24822532,0.131534448,0.024377962,-166.43039,162.1095,-113.80615,3.0795321,-79.377975,-18.94858,47.434837,-49.109715,6.4229183,2.5626156,-32.080532,18.006382,-19.217989,61.42558,32.578968,20.093872,7.1001143,12.745657,4.8535323,9.508151,9.501443,3.3493488,3.2918448,5.868608,4.5537252,4.091122,0.001379119,0.004024833,0.009310141,0.014574643,0.024818456,0.081782706,22.541634,58.07076,2.931538,1.0083705,1.2694967,0.40861785,0.07978323,0.3466265,12.194549,13.776728,1.6802275,0.4248446,0.53177685,0.63878286,1.2858975,12.639806,83.525024,64.746765,13.84592,9.848294,10.232902,6.5952487,12.653879,91.472984,265.2877,171.1321,25.161474,11.915361,7.6422424,11.042402,19.608158,111.47981,230.84438,129.75009,22.231394,9.712391,5.5399184,5.7289677,40.101227,142.64716,238.05437,70.617935,14.950624,5.2082114,3.5839312,9.383766,11.809212,3.9950705,0.9152397,0.31556943,0.4146024,0.9053423,0.75504756,0.17788544,0.09066666,0.15292294,0.42019612,0.2959624,0.07851447,0.0562523,0.10180979,0.14143671,0.05316756,0.033839397,0.08182253,0.10767867,0.03379256,0.034689352,0.06880299,0.058828432,0.02115438,0.04535995,0.050474513,0.026042005,0.07900901,0.1338815,0.07793323,0.30648637,0.8773731,3.9254625,8.012553,5.8687735,2.3653889,1.3751224,0.9426295,1.2466062,1.0962142,1.2251513,0.8053205,0.41752967,0.6715808,0.40203956,0.037155,5.00E-05,1.64E-07,1.02E-07,6.92E-08,4.98E-08,3.73E-08,2.87E-08,2.25E-08,1.79E-08,1.44E-08,1.16E-08,9.49E-09,7.75E-09,6.35E-09,5.20E-09,4.25E-09,3.47E-09,2.81E-09,2.27E-09,1.81E-09,1.43E-09,1.10E-09,8.39E-10,6.19E-10,4.39E-10,2.98E-10,1.89E-10,1.11E-10,6.50E-11,0.007839914,0.027954657,0.052517775,0.07995673,0.09818674,0.1921658,24.443748,31.867508,4.4411197,1.901147,2.6298466,0.77277815,0.12868911,0.9977782,11.087863,11.539393,3.3164053,0.7311865,0.98960537,1.147969,2.4792578,29.124159,66.571655,59.799397,27.428057,17.591005,21.826675,12.938106,28.855545,119.550735,159.25014,198.56154,41.815388,19.685064,15.185572,20.049395,36.82445,166.4677,233.46101,182.51808,51.20392,19.081453,11.447245,8.804357,67.194405,170.11958,295.2247,95.17694,28.658136,8.855685,5.524332,12.967533,10.474067,3.8331444,1.5280523,0.49732387,0.6600354,0.98462003,0.948482,0.26720467,0.1575788,0.18988904,0.46765548,0.35553202,0.11497668,0.084686145,0.11736962,0.14672983,0.06377764,0.04433744,0.09493195,0.11116915,0.031828888,0.038186345,0.061060153,0.06575644,0.021693828,0.056305263,0.044986412,0.02681427,0.082951084,0.15337777,0.08781983,0.38073245,0.8721744,6.6547275,8.73926,4.4603662,2.224965,1.5127774,0.9120879,1.2681872,0.895731,1.18991,0.6257086,0.34369355,0.59195036,0.3484065,0.036011014,8.33E-05,1.99E-06,1.24E-06,8.40E-07,6.04E-07,4.53E-07,3.48E-07,2.73E-07,2.17E-07,1.74E-07,1.41E-07,1.15E-07,9.41E-08,7.70E-08,6.31E-08,5.16E-08,4.21E-08,3.41E-08,2.75E-08,2.19E-08,1.73E-08,1.34E-08,1.02E-08,7.50E-09,5.33E-09,3.60E-09,2.29E-09,1.35E-09,7.87E-10,0.6769554,0.6103907,0.12103771,0.095413215,0.16040878,0.72021115,0.49707052,0.105319016,0.14956775,0.54709655,0.29778612,0.12086286,0.22170734,0.3506441,0.14295967,0.1007126,0.19028907,0.25428164,0.27240622,0.13010727,0.14183477,0.27360895,0.201651,0.12828214,35.63943584,23.13690522,27.62702628,27.67821839,25.149442,75.83205166,19.03834599,4.979768622,6.072366691,6.842661858,4.809190871,3.750775052,8.236309262,2.105752201,healthy 
voice121.wav,23.6325,0.20128456,0.126438627,0.018851796,-157.28275,167.82368,-167.92348,16.164574,-18.600517,-15.264955,35.12657,-48.4327,-9.541481,-1.3615077,-34.70055,3.9843266,-10.222332,57.03575,22.061375,23.25218,5.9727893,5.1434255,5.106201,6.920561,7.662573,4.529275,2.8321633,5.1930265,2.7901595,2.8591406,0.00109435,0.003424545,0.004289192,0.016318224,0.020694021,0.029389506,0.53618205,62.684925,28.052505,0.12542625,0.2142248,0.24679023,0.20961265,0.11746144,0.20312804,22.998644,41.599873,1.4242746,0.41588044,0.50993705,0.34422493,0.09068252,0.057226013,2.4425807,17.901583,6.033809,0.32311386,0.83431685,0.6425402,0.15743694,0.11446846,3.388776,20.264626,17.44563,2.0613601,3.5374665,5.323378,2.290772,0.7302158,10.855704,86.49594,132.59454,31.255249,9.431445,18.325624,10.191322,6.2720866,82.18704,207.64398,121.22859,13.900126,10.934504,4.738604,7.639929,33.582172,45.82361,12.366335,3.1061652,3.686212,13.55432,22.99272,13.821255,3.4428449,1.8740865,5.0138826,8.241314,3.1680572,0.6357895,0.79375434,1.3884081,1.3690029,0.282552,0.3069072,0.5352174,0.48399702,0.1883932,0.30986428,0.6658934,0.43317527,0.39281058,0.66993296,0.7866937,0.7619132,1.3397028,1.356289,1.1810569,1.7203252,1.0913066,0.67231035,0.63495785,0.32784927,0.16435625,0.13394864,0.08127162,0.09294104,0.06819841,0.063767046,0.02809017,0.002222541,1.11E-05,4.18E-07,2.95E-07,2.21E-07,1.72E-07,1.39E-07,1.14E-07,9.50E-08,8.07E-08,6.93E-08,6.02E-08,5.28E-08,4.68E-08,4.18E-08,3.76E-08,3.40E-08,3.11E-08,2.85E-08,2.64E-08,2.45E-08,2.30E-08,2.16E-08,2.05E-08,1.96E-08,1.88E-08,1.82E-08,1.77E-08,1.73E-08,1.71E-08,0.00873566,0.009917897,0.014704354,0.028027615,0.040149543,0.06628159,1.1291693,43.247414,13.982279,0.76624215,0.6316693,0.22166722,0.34705782,0.27864066,1.237329,15.058673,20.329504,2.338042,0.6999217,0.40985835,0.3530164,0.09889846,0.065535784,2.7285252,10.306473,7.9091597,0.5540346,0.8672351,0.65814644,0.18894292,0.12904562,5.7334943,16.291399,18.901499,4.489599,4.03255,3.1258054,2.5572731,0.7388475,23.673244,78.46315,84.45115,51.847885,11.368966,11.823661,10.644647,12.53866,138.49022,137.8956,112.57771,23.093288,7.931614,4.451474,16.972075,31.503973,31.4993,22.687323,2.8057075,4.9273167,24.310843,15.972741,15.0055685,4.764026,1.9769018,7.554175,5.054873,3.0288668,0.54552615,1.649546,1.0314283,1.0596911,0.3336142,0.57751745,0.35816473,0.36749384,0.15280223,0.35165578,0.41034782,0.3023403,0.49128047,0.43926856,0.54502165,0.7185522,0.97404534,1.0376724,1.4544295,1.4134876,0.94214016,0.7047309,0.49563262,0.3416049,0.099621154,0.13303156,0.051921476,0.06902041,0.044711813,0.033404943,0.020634612,0.001245223,1.37E-05,5.07E-06,3.58E-06,2.68E-06,2.09E-06,1.68E-06,1.38E-06,1.15E-06,9.78E-07,8.40E-07,7.30E-07,6.41E-07,5.67E-07,5.07E-07,4.56E-07,4.13E-07,3.77E-07,3.46E-07,3.20E-07,2.98E-07,2.79E-07,2.62E-07,2.49E-07,2.37E-07,2.28E-07,2.20E-07,2.14E-07,2.10E-07,2.08E-07,0.2161283,0.23078263,0.9664578,0.36199802,0.15038486,0.2826343,0.16921946,0.4365819,0.20100598,0.09928579,0.15659718,0.56478477,0.18971165,0.17340258,0.12232143,0.23782238,0.07611244,0.1236718,0.108267,0.12422718,0.17151552,0.09769081,0.12312833,0.21938443,33.20484885,24.63507222,23.82208465,22.99903735,19.90070508,71.99490918,18.35550682,4.97617155,3.944499148,3.642290632,2.801171405,2.092847391,8.392741276,2.721079329,hypokinetic dysphonia
voice122.wav,11.294914,0.2541603,0.09610948,0.035331699,-150.00107,161.29265,-124.05849,23.078083,-31.353899,-17.106941,30.17552,-45.540634,2.4995387,0.5151558,-40.050827,-2.7591987,-16.360647,51.21965,20.78607,18.397608,7.6531496,6.308823,6.099289,6.2589355,7.837789,4.213478,4.256456,6.4792438,4.1626263,6.571992,0.002850887,0.009481737,0.012264169,0.028849857,0.04097436,0.08925165,1.895703,4.6728716,196.48128,433.96445,6.2956257,0.2258545,0.16626613,0.42589632,0.7637699,1.0188625,0.855841,1.8745893,95.95347,69.47028,1.2152052,0.48778597,0.1888483,0.38724318,0.6658218,0.66201437,0.27951938,31.586594,252.64697,91.79834,2.8193228,0.51899403,0.5647662,0.6964568,0.6462009,0.6287996,4.3745117,155.82915,325.35895,67.68841,4.3321633,0.9968526,1.0146887,1.0620223,0.82150686,1.554091,50.923992,136.71259,40.265545,1.7498384,0.6341451,0.591179,0.61831284,1.0035703,20.426748,32.04336,4.6583753,0.64226454,1.083058,0.96455526,9.585282,26.572184,8.571895,0.65889037,0.33886498,0.560502,2.5443673,1.5185682,0.19114299,0.11276254,0.11823847,0.58702797,0.3558381,0.055228867,0.04264414,0.1797005,0.3298469,0.114010334,0.09881576,0.5022314,0.8474713,0.19872047,0.28733048,1.0717303,0.89035475,0.516683,1.6218344,2.510833,0.56847656,0.6038449,0.5234582,0.15182115,0.3197979,0.30002144,0.12238292,0.26619172,0.22128937,0.09022237,0.009791179,2.82E-05,3.23E-06,2.49E-06,2.01E-06,1.67E-06,1.41E-06,1.22E-06,1.06E-06,9.37E-07,8.32E-07,7.46E-07,6.73E-07,6.11E-07,5.59E-07,5.13E-07,4.74E-07,4.40E-07,4.11E-07,3.85E-07,3.63E-07,3.44E-07,3.27E-07,3.13E-07,3.01E-07,2.90E-07,2.82E-07,2.76E-07,2.71E-07,2.69E-07,0.014170987,0.033222787,0.054580133,0.08422383,0.1329934,0.19491434,3.801019,4.350916,79.83716,123.83583,6.0026393,0.52514803,0.4056985,0.9905789,1.3062801,1.6430385,1.1348982,2.466183,44.05175,39.958073,2.0917265,1.0272142,0.4405233,1.3528739,2.783243,2.049074,0.69960654,36.14562,106.142456,97.87549,8.890063,0.47804472,0.5614631,0.57553315,0.5191882,0.57028973,14.41347,195.07741,322.84882,120.71845,19.235806,0.7373993,0.7172039,0.76688755,0.6835709,2.9943962,71.043396,84.16642,50.89571,3.3329258,0.5628432,0.679367,0.7217493,1.6706333,19.414843,29.745825,9.705712,0.4268692,0.7611048,0.7852072,14.347848,23.759737,13.387278,2.056254,0.44779155,1.2851077,3.1994853,1.4825714,0.2806827,0.10444307,0.113331854,0.6776079,0.37947503,0.0608019,0.02581469,0.2238416,0.29449373,0.1274085,0.08864799,0.5381962,1.0167224,0.1746682,0.419264,1.0407395,0.94574517,0.34323242,1.0176468,2.3211606,0.40189645,0.53091156,0.43083507,0.08453145,0.23949659,0.2249071,0.069868654,0.1672866,0.15174033,0.056592844,0.006915316,6.08E-05,3.91E-05,3.02E-05,2.43E-05,2.02E-05,1.72E-05,1.48E-05,1.29E-05,1.14E-05,1.01E-05,9.05E-06,8.16E-06,7.41E-06,6.77E-06,6.22E-06,5.75E-06,5.34E-06,4.98E-06,4.67E-06,4.40E-06,4.17E-06,3.96E-06,3.79E-06,3.65E-06,3.52E-06,3.43E-06,3.35E-06,3.29E-06,3.26E-06,0.024795175,0.090215616,0.28428847,0.05216482,0.083267055,0.48326644,0.15268293,0.056546632,0.080136254,0.23855634,0.9982775,0.28934774,0.079443045,0.095586784,0.1421633,0.08579722,0.07959703,0.20532906,0.13773596,0.09940133,0.09416712,0.14315394,0.014522503,0.19359954,25.48943389,27.32711037,27.28229045,24.08766273,21.14654159,72.86136188,18.98235556,5.049812363,4.397562304,4.323129332,3.019314909,2.764182841,8.670744372,2.799867329,hypokinetic dysphonia
voice123.wav,8.290938,0.13943632,0.091521602,0.023116078,-195.94214,165.93234,-120.67509,33.934258,-31.95256,-18.529982,35.203426,-37.696217,10.98448,-0.16840327,-38.317425,5.337706,-12.242202,59.9741,22.811943,22.10579,8.230689,6.4030147,6.875516,6.3932915,7.1955557,4.8005896,4.014819,6.205492,3.8921735,3.39111,0.006990133,0.021388907,0.019373605,0.023300678,0.036415838,0.086951226,13.0706005,197.3429,21.794382,0.07933935,0.053022057,0.038279105,0.057710953,0.041340355,9.417012,91.355995,18.673801,0.06379826,0.033474974,0.036042158,0.053176444,0.103033505,4.992222,40.629128,9.199315,0.10665947,0.09320756,0.1379131,0.12746687,0.20719713,8.2067375,60.9219,25.622562,0.4804634,0.22028369,0.3782412,0.75148624,1.9481618,17.200748,67.49336,42.861996,3.4496558,0.7877073,0.49049044,0.60990775,0.87629646,6.743337,11.295318,1.2450749,0.14567794,0.11872728,0.18154304,0.71384525,2.5767286,1.2912513,0.42659345,0.4849724,0.33295026,1.7777781,1.786612,0.31664357,0.36482823,0.5169088,1.7392236,1.4208087,0.5216902,0.16089784,0.23337196,0.19023338,0.05238499,0.038503766,0.06720525,0.10246191,0.075060554,0.06629698,0.15511526,0.1189332,0.09172411,0.1213367,0.14158359,0.09790116,0.12360477,0.2170356,0.18934232,0.32128644,0.4112348,0.48593003,0.98241687,0.68053603,0.33880335,0.2578117,0.1468718,0.18630582,0.14034586,0.1848136,0.18420918,0.12865998,0.0591613,0.004985706,1.40E-05,6.59E-09,3.33E-09,2.07E-09,1.44E-09,1.07E-09,8.32E-10,6.64E-10,5.41E-10,4.46E-10,3.72E-10,3.12E-10,2.63E-10,2.23E-10,1.90E-10,1.62E-10,1.38E-10,1.18E-10,1.02E-10,8.72E-11,7.50E-11,6.47E-11,5.61E-11,4.89E-11,4.30E-11,3.82E-11,3.46E-11,3.21E-11,3.04E-11,0.056379013,0.10265306,0.08700315,0.12830995,0.17465594,0.3565438,7.110434,99.70459,20.809528,0.23631847,0.10261628,0.07859884,0.05010562,0.049565833,11.219553,60.186867,28.486834,0.06475794,0.026860114,0.029789327,0.040865123,0.21338716,5.230837,26.568375,8.962128,0.10614546,0.079167835,0.12743042,0.1265608,0.532837,10.689054,51.119576,35.179092,1.1550845,0.22086349,0.3485966,0.70555294,4.6519766,23.603504,43.54486,60.926025,8.990877,0.73660016,0.42619777,0.6968054,1.528207,7.261605,10.468424,2.5424795,0.15209864,0.11507021,0.20684943,0.8670437,2.2407901,1.6963922,0.35408866,0.40446293,0.34993997,2.4157465,2.227608,0.42850304,0.32015342,0.40547687,2.073531,1.3318928,0.46574974,0.12264181,0.18678139,0.20299311,0.042280022,0.026529524,0.051936273,0.10032664,0.056904685,0.046523295,0.16052549,0.10996519,0.068148464,0.09380515,0.12638587,0.08654862,0.10305079,0.2124927,0.17711352,0.2710484,0.4318169,0.43846044,0.8448285,0.6604829,0.31942865,0.20612317,0.088208586,0.10555189,0.09127043,0.1288627,0.16229011,0.101310454,0.041686382,0.004123995,1.21E-05,7.96E-08,4.04E-08,2.51E-08,1.74E-08,1.30E-08,1.01E-08,8.05E-09,6.56E-09,5.41E-09,4.51E-09,3.78E-09,3.19E-09,2.71E-09,2.30E-09,1.96E-09,1.68E-09,1.44E-09,1.23E-09,1.06E-09,9.10E-10,7.85E-10,6.80E-10,5.92E-10,5.20E-10,4.63E-10,4.19E-10,3.88E-10,3.68E-10,0.07730633,0.27197602,0.0594953,0.020879664,0.043609478,0.31350407,0.975971,0.2819514,0.05047069,0.19971235,0.45887122,0.07995138,0.0985941,0.11377859,0.05181619,0.043934852,0.05754332,0.22323222,0.1264047,0.17412099,0.06887524,0.21068114,0.16626568,0.10915371,34.35028614,25.57487516,24.89121329,23.27349484,18.00604751,74.46061082,17.47461222,5.312143515,4.216259546,3.65817783,2.750644138,1.740852237,8.238113946,2.264029144,healthy 
voice124.wav,9.464408,0.18143275,0.057392842,0.022714008,-234.18385,150.82857,-59.784786,7.396853,-35.83699,-7.4902625,20.830862,-41.01925,-4.4292774,-8.579565,-28.930773,5.7315836,-20.79761,109.83004,36.961575,47.185455,9.489929,28.103016,8.123813,7.3900833,25.656378,4.5890265,5.9217286,14.436986,6.495134,11.187303,0.001055222,0.012946299,0.010908175,0.016411029,0.04118054,0.07781313,0.09467614,0.08232654,0.4414815,523.24274,644.0155,4.5703506,0.734386,1.0984354,4.2089934,3.640978,1.9043765,1.1082375,0.88941246,4.464967,49.925392,14.510632,0.8042372,0.44053698,0.40011835,0.5804499,0.74701387,1.0492283,1.4574668,2.0150244,68.90486,135.71117,16.032928,1.700873,0.8387903,1.205033,1.6408924,0.7319139,0.51948184,1.2677819,9.457112,52.059544,28.386461,4.560072,2.8324873,2.3568847,2.4578319,1.0516925,0.55461407,2.5691748,33.593502,41.827484,4.3020926,0.72023803,0.36005375,0.16405368,0.17000717,0.5228072,2.080769,0.4464841,0.047516767,0.050630033,0.024503987,0.027667416,0.14043878,0.12957889,0.041363142,0.04963532,0.027973646,0.03896166,0.085943595,0.039900757,0.02304204,0.01887073,0.015031817,0.013880314,0.00425571,0.0051598,0.006808244,0.015889697,0.017035808,0.016697183,0.022642532,0.0854625,0.119425334,0.12181996,0.121153034,0.21678677,0.20452447,0.25399777,0.5984895,0.478013,0.2829873,0.3639466,0.23463719,0.114135765,0.083763294,0.0396783,0.004319691,2.63E-05,3.46E-11,8.25E-12,4.77E-12,3.21E-12,2.43E-12,1.90E-12,1.59E-12,1.29E-12,1.07E-12,9.07E-13,8.08E-13,7.06E-13,5.92E-13,5.24E-13,5.16E-13,4.39E-13,3.87E-13,3.63E-13,3.67E-13,3.05E-13,2.89E-13,3.71E-13,3.07E-13,3.03E-13,5.46E-13,2.76E-13,4.81E-13,6.92E-13,0.001218407,0.03275563,0.013917815,0.030597452,0.07690185,0.098608375,0.13203931,0.17278989,0.6633673,513.8118,578.1491,8.130589,0.8364789,2.8092892,11.2926445,8.701788,5.904577,4.651645,2.8980806,6.965738,44.73872,23.803007,1.0304186,0.70490694,0.46279287,0.7008962,0.89086854,1.5867455,2.611155,2.9233332,77.602905,138.70432,35.71883,2.0039012,0.94218105,1.3580639,2.432474,0.7903164,0.6560765,2.1367774,16.910769,51.078278,36.6085,7.612221,4.9494305,2.7484162,2.499723,1.1482915,0.61398584,5.5933094,38.143574,52.324196,9.02691,0.8276389,0.42545035,0.1884413,0.20916417,0.7204139,2.7542815,0.63471824,0.047515746,0.061919287,0.026128404,0.03364756,0.16205448,0.16125058,0.046058528,0.0651486,0.03427863,0.050564423,0.08471075,0.048800338,0.024122866,0.019452775,0.01610378,0.01449101,0.004306581,0.005451639,0.00766695,0.019301012,0.021093838,0.021662446,0.033829994,0.111967295,0.13208935,0.15875185,0.12179182,0.29083467,0.3741238,0.25487024,0.64437956,0.49990264,0.33917695,0.3843304,0.26620412,0.123183124,0.08690502,0.040744748,0.004570249,3.58E-05,9.12E-11,5.82E-11,4.31E-11,3.31E-11,2.61E-11,2.09E-11,1.71E-11,1.42E-11,1.19E-11,1.01E-11,8.64E-12,7.48E-12,6.54E-12,5.76E-12,5.11E-12,4.58E-12,4.13E-12,3.75E-12,3.43E-12,3.17E-12,2.94E-12,2.75E-12,2.60E-12,2.47E-12,2.37E-12,2.29E-12,2.23E-12,2.24E-12,0.24663232,0.094916955,0.2150179,0.3534303,0.14375596,0.1574106,0.28259516,0.13100828,0.10323897,0.2283895,0.43572524,0.7369225,0.16845988,0.13953741,0.2741322,0.36070698,0.20244665,0.19652924,0.18558024,0.1744961,0.16770224,0.32429153,0.2644111,0.35498902,18.97128092,22.62488262,20.67154153,21.63198149,17.38333374,72.07241796,19.98209961,2.982659665,6.391920458,5.215478878,3.452024422,3.064714728,8.971948583,2.674534391,hypokinetic dysphonia
voice125.wav,12.612092,0.1893223,0.097240064,0.03905215,-208.54312,163.81212,-128.1891,29.635592,-24.044743,-13.82901,22.235722,-42.565308,23.567133,0.91522515,-43.17766,4.6199493,-23.960606,51.92285,20.854847,17.811138,7.671367,5.268828,3.6812353,5.7334347,6.907902,5.485328,2.7699873,6.1901913,3.055052,4.2751174,0.002698072,0.008313041,0.008200949,0.017046679,0.035968076,0.0971347,0.09747262,0.08108289,88.821846,270.34073,3.2703104,0.0586528,0.048811264,0.06195113,0.044832602,0.042755432,0.04956764,0.10879333,59.94465,62.825516,0.2146896,0.034082007,0.03306657,0.028172284,0.028734297,0.040221356,0.08305655,3.3536181,186.50804,84.43153,0.29326242,0.16204691,0.15783046,0.20204912,0.2630693,0.3029619,0.3335318,23.04201,236.63704,44.846878,0.28048006,0.17599979,0.13407543,0.11450193,0.12476473,0.14043006,0.8617137,22.763363,9.011394,0.09929269,0.07128781,0.087299004,0.08398161,0.12089544,7.671317,27.282703,1.0329783,0.38990328,0.53529847,0.56668776,1.5893803,22.971695,5.7623587,0.20676565,0.11271381,0.10597708,1.3647949,3.8403435,0.12370614,0.03435726,0.028286973,0.28502333,0.4768534,0.016519204,0.013704748,0.031266086,0.19824664,0.035432924,0.015717465,0.043352716,0.21255462,0.03330541,0.016864361,0.08390166,0.096329235,0.020534951,0.038351305,0.1353713,0.06075622,0.13092445,0.58202904,0.29264492,0.7416723,2.0556874,0.24972485,0.16042307,0.11563558,0.015613508,0.001476958,7.68E-06,6.76E-07,5.00E-07,3.95E-07,3.24E-07,2.74E-07,2.36E-07,2.05E-07,1.82E-07,1.62E-07,1.46E-07,1.32E-07,1.20E-07,1.11E-07,1.02E-07,9.48E-08,8.84E-08,8.29E-08,7.81E-08,7.39E-08,7.03E-08,6.72E-08,6.45E-08,6.22E-08,6.03E-08,5.88E-08,5.76E-08,5.67E-08,5.62E-08,0.020460077,0.011018076,0.028616142,0.029827837,0.11805928,0.1844042,0.22302926,0.1837442,23.60324,66.8109,1.6244022,0.1181411,0.10368196,0.08260302,0.0878736,0.11184167,0.094572805,0.32116303,24.2081,20.457895,0.3968884,0.07019963,0.06472072,0.07434512,0.07110863,0.106998235,0.18963729,6.6089973,52.256565,49.816513,0.82834154,0.38643473,0.22484261,0.23967908,0.37409922,0.40284923,0.88967425,20.521301,66.88857,35.09768,0.41729483,0.2862947,0.15654136,0.20595911,0.14163274,0.2118788,1.2201898,7.0644073,5.369145,0.1289414,0.06597989,0.06192948,0.07160231,0.1291565,4.935141,9.861848,1.2879552,0.23594311,0.29410455,0.34231123,2.8071175,14.744016,4.407719,0.111419015,0.059461955,0.061826076,1.060192,2.363806,0.20153165,0.019018352,0.015880927,0.12570135,0.25939807,0.012312824,0.008162263,0.025944224,0.10112867,0.04001516,0.01518008,0.035889085,0.11889823,0.026168963,0.009986487,0.042485006,0.04405655,0.019034818,0.024046954,0.069503106,0.03161474,0.07351642,0.33062354,0.13618723,0.55715454,1.8836137,0.260564,0.09965407,0.08630502,0.006955072,0.001089542,1.39E-05,8.20E-06,6.07E-06,4.79E-06,3.93E-06,3.32E-06,2.86E-06,2.49E-06,2.20E-06,1.96E-06,1.77E-06,1.60E-06,1.46E-06,1.34E-06,1.24E-06,1.15E-06,1.07E-06,1.01E-06,9.48E-07,8.97E-07,8.53E-07,8.15E-07,7.83E-07,7.55E-07,7.32E-07,7.13E-07,6.98E-07,6.88E-07,6.81E-07,0.011886234,0.025385238,0.06772725,0.016072199,0.08794292,0.51815456,0.10245072,0.057284996,0.09433184,0.22236659,1,0.20811841,0.047313545,0.06548796,0.05118821,0.066918276,0.0739837,0.09082083,0.086066365,0.09619615,0.11538449,0.112024866,0,0.07275886,19.81484373,28.85989764,29.23132694,26.33629755,24.96508841,76.10394298,18.7135029,3.693520394,4.084958244,3.871906818,2.721085751,2.280614693,8.713368312,2.638195944,healthy 
voice126.wav,10.672347,0.25619403,0.140859243,0.032753499,-192.92874,174.45386,-123.08608,7.975474,-8.58784,-9.452836,16.196457,-46.998035,-5.5780787,2.935909,-29.456154,-2.85804,-11.737434,49.54752,23.612795,17.877207,6.2791367,4.8965535,4.827324,5.1643224,6.8705626,4.862981,4.0976925,4.68884,3.299796,3.31979,0.000773772,0.001428448,0.004575834,0.0865164,0.66515946,0.18578091,0.069315344,0.1343837,17.125515,117.26391,7.9320045,0.28389466,0.23784164,0.2124999,0.25621146,0.5142839,0.14657672,0.23284793,106.21731,327.50714,14.615436,0.12994882,0.0687099,0.0629039,0.07096149,0.15537524,0.17427514,3.4097707,81.14766,118.05404,9.285552,0.06767849,0.048064083,0.054147966,0.064789794,0.12903427,0.23690905,11.638461,210.56923,255.73875,29.228449,0.61398596,0.57191664,0.5331619,0.3373498,0.38172126,3.1564422,59.501892,125.39382,22.907572,0.32217175,0.32540676,0.33538622,0.74430084,37.149364,234.5842,149.94032,11.306684,1.5400261,0.8269349,1.2441982,10.441182,25.055079,2.0764444,0.06430526,0.048774797,0.26012808,1.3570625,0.9066387,0.06334293,0.023870347,0.07418583,0.53620446,0.23639883,0.024335487,0.052219827,0.33578593,0.55767506,0.049073257,0.003084285,0.028924722,0.055638418,0.017371358,0.058996007,0.37830153,0.39265075,0.27610564,0.57618254,0.28979462,0.02635992,0.02691894,0.028288502,0.006286051,0.010397444,0.009255573,0.014127214,0.072954975,0.022689912,0.000512611,9.15E-07,2.31E-08,2.00E-08,1.72E-08,1.49E-08,1.30E-08,1.14E-08,1.01E-08,9.03E-09,8.11E-09,7.34E-09,6.68E-09,6.11E-09,5.62E-09,5.19E-09,4.82E-09,4.50E-09,4.22E-09,3.97E-09,3.76E-09,3.57E-09,3.41E-09,3.27E-09,3.15E-09,3.05E-09,2.97E-09,2.91E-09,2.87E-09,2.84E-09,0.000904713,0.002481965,0.006117791,0.11132247,0.9143148,0.26699722,0.06244538,0.11511487,5.930924,51.239563,8.863983,0.3020798,0.43854114,0.37368855,0.38175642,1.4915243,0.23999123,0.5059196,66.19315,155.05098,18.767,0.216121,0.07460554,0.06409977,0.07666227,0.21317348,0.22811867,11.768147,88.33222,68.2217,16.85241,0.11774775,0.06546251,0.068948455,0.08756375,0.15752171,0.26784587,28.629858,154.28188,155.99321,76.14424,0.7192292,0.6621852,0.75606716,0.3829286,0.4092715,10.420858,64.29588,70.74153,41.316017,0.46403432,0.34565058,0.30886856,1.8019652,81.95845,151.46306,133.13953,32.971024,1.5223916,0.8221732,3.5373726,10.136209,27.271208,4.1687164,0.062144898,0.050254762,0.54659575,0.895786,0.966077,0.14114925,0.020713503,0.10348013,0.5735972,0.31497055,0.032664903,0.13858567,0.3043953,0.6144318,0.11016185,0.002802495,0.023869913,0.051768456,0.020716978,0.07611191,0.3349268,0.68829817,0.43703952,0.6318023,0.3250548,0.05509437,0.019458348,0.026261283,0.005266677,0.008439223,0.011922045,0.017641148,0.07093723,0.025528723,0.000804818,1.53E-06,2.73E-07,2.36E-07,2.03E-07,1.75E-07,1.53E-07,1.34E-07,1.19E-07,1.06E-07,9.56E-08,8.64E-08,7.87E-08,7.20E-08,6.62E-08,6.12E-08,5.68E-08,5.30E-08,4.97E-08,4.68E-08,4.43E-08,4.21E-08,4.02E-08,3.85E-08,3.72E-08,3.60E-08,3.50E-08,3.43E-08,3.38E-08,3.34E-08,0.018673308,0.09183625,0.22459807,0.031267535,0.19576018,0.7475378,0.13172264,0.050114784,0.06531819,0.22359611,0.8795663,0.15979454,0.089156084,0.09334338,0.097897395,0.057370793,0.20102806,0.2448688,0.116849996,0.1169573,0.107733056,0.12073405,0.19588925,0.119939566,22.069068,24.19718703,29.28596208,26.84161519,26.38237105,68.93278664,17.76644423,4.284501516,4.062118275,4.74892764,2.923034795,2.846794825,7.74714954,2.456154741,hyperkinetic dysphonia
voice127.wav,21.592045,0.1902973,0.097918414,0.014576661,-146.57631,213.62105,-113.14218,21.207405,-41.44929,-17.975742,34.458214,-36.6416,6.416129,2.8732932,-11.317249,2.6565535,-35.419235,62.50117,28.997023,16.847391,6.2122874,7.6082206,4.6899357,6.525948,6.267476,3.6768818,3.1516035,3.2827241,3.1497781,5.79925,0.007017197,0.016716918,0.06980855,36.94786,64.11821,0.5934622,0.2695278,3.4288437,117.8324,34.771473,0.5823645,0.9021512,5.3476176,24.853891,3.4743948,0.58675146,0.585489,25.404654,27.742352,1.827305,0.93676627,3.6459084,44.302364,19.232473,1.2223815,2.1503012,68.845535,152.64761,21.169397,3.4676518,12.1255,129.81656,96.41346,10.072879,4.6676335,33.07643,66.62508,26.24712,6.739335,6.7815385,17.22896,18.659956,8.534485,5.0848765,6.0629597,9.007881,4.8049097,2.0079267,3.1925192,6.5992923,8.0903845,13.381294,13.173733,12.258889,8.477379,4.2242365,3.2828233,2.40536,0.9748519,0.69563967,0.31021306,0.2541412,0.24234398,0.1727628,0.20478235,0.16913283,0.16085146,0.15465395,0.1381633,0.14736508,0.10643498,0.06142306,0.06215344,0.08492467,0.11727013,0.1357772,0.16383675,0.17634125,0.3801513,0.7761965,1.037604,1.0077072,0.47833824,0.23231721,0.10356865,0.07822357,0.058554426,0.03915023,0.027836204,0.013693664,0.013793475,0.0666733,0.16670194,0.3681533,0.6146184,0.7940452,0.9838133,0.3490939,0.014561771,2.04E-05,1.39E-06,1.00E-06,7.63E-07,6.03E-07,4.91E-07,4.07E-07,3.44E-07,2.95E-07,2.55E-07,2.24E-07,1.98E-07,1.77E-07,1.59E-07,1.44E-07,1.31E-07,1.20E-07,1.11E-07,1.03E-07,9.61E-08,9.03E-08,8.52E-08,8.10E-08,7.75E-08,7.45E-08,7.21E-08,7.03E-08,6.90E-08,6.81E-08,0.041971073,0.07305745,0.20174295,17.19972,37.061653,0.67659235,0.21379925,5.5989103,89.00303,16.30411,0.729698,0.67542773,4.0688696,13.444539,5.061103,1.4318982,0.7460489,15.097734,18.965212,3.0854914,2.1405778,4.127858,26.432713,22.042902,1.6572015,3.2537103,62.73093,115.06567,34.1985,2.8168402,20.347412,90.544876,75.7607,17.766731,4.442535,53.602512,53.819576,38.274143,6.3880157,5.797406,18.109585,18.557184,12.134307,3.7685256,6.1335797,6.993298,5.429389,2.7637324,3.4645243,6.5720043,8.191673,10.881964,10.55603,8.564576,8.217076,2.605804,2.2521074,2.513369,0.6874093,0.5806133,0.28304645,0.17257717,0.19838992,0.1091664,0.1332494,0.104858324,0.12279342,0.10055748,0.09528975,0.0821049,0.06457666,0.038707916,0.037295602,0.059925277,0.08106589,0.082920335,0.109109245,0.12166835,0.3034501,0.67188954,0.6817239,0.80530417,0.40461513,0.15637554,0.049460426,0.06086779,0.035028517,0.021005446,0.018817704,0.010370515,0.010594348,0.058735255,0.11979498,0.25188738,0.3837089,0.49114856,0.62453157,0.2301469,0.011663482,3.30E-05,1.69E-05,1.22E-05,9.26E-06,7.31E-06,5.95E-06,4.94E-06,4.17E-06,3.58E-06,3.10E-06,2.72E-06,2.40E-06,2.14E-06,1.93E-06,1.74E-06,1.59E-06,1.46E-06,1.34E-06,1.25E-06,1.17E-06,1.09E-06,1.03E-06,9.83E-07,9.40E-07,9.03E-07,8.75E-07,8.52E-07,8.36E-07,8.26E-07,0.13276899,0.2889167,0.1258312,0.208146,0.8081746,0.3637147,0.29041573,0.6844413,0.2719286,0.7319805,0.3528653,0.17979573,0.08381149,0.22726746,0.11930687,0.08625994,0.23955266,0.22222228,0.14470077,0.2701139,0.11901546,0.21875636,0.19626383,0.13053586,28.96762016,20.78241738,22.51032121,19.8624399,18.36841537,75.20059062,17.1940841,4.262606137,3.606172401,3.150460636,3.191757945,2.390191352,8.722753072,2.399875322,reflux laryngitis
voice128.wav,16.431944,0.116966605,0.089348915,0.01363437,-217.2239,204.83109,-114.50009,10.33225,4.2447844,-21.71863,13.340145,-23.864841,-11.46587,-3.6647372,-13.233826,-3.8676734,-15.152678,58.58123,26.79135,23.511116,8.165857,3.7624166,5.4368563,3.4642808,4.6817765,3.5912676,2.6094155,3.6590652,2.3192658,3.7988684,0.001678975,0.004551584,0.0274595,0.113941036,0.22352764,0.39277357,0.26219612,26.436739,73.63907,1.4648676,0.59918016,1.1254321,0.46405184,0.26714674,0.29070535,0.23557445,22.001427,26.268879,0.35928202,0.25871885,0.37247378,0.2409704,0.19756414,0.20271643,2.5594976,60.370766,39.499653,0.70793235,1.5029428,1.0654397,0.48317754,0.24344172,0.24532332,2.6474524,12.377763,3.6423454,0.38417068,0.978383,0.9112351,1.228802,0.80508155,1.7964582,26.270767,67.59332,8.902775,2.5461564,2.0632927,1.0866346,0.7606981,1.1750234,9.610496,9.705344,0.41379085,0.4489826,0.5116939,0.621572,3.986492,10.572448,3.3647134,2.1247118,0.99463856,1.1571826,3.5898921,1.5669531,0.32731408,0.14316218,0.09544447,0.37081197,0.22771464,0.07307637,0.056907736,0.12507635,0.15646975,0.08643822,0.06929088,0.17700185,0.31198883,0.18295935,0.14303756,0.25826105,0.12857942,0.058673315,0.04754154,0.036155324,0.00841498,0.00576751,0.006087926,0.002238509,0.002120076,0.002375053,0.001580284,0.002642839,0.002664706,0.001907228,0.002545031,0.00195318,0.001989424,0.000957707,7.70E-05,2.56E-06,1.56E-06,1.19E-06,9.58E-07,7.95E-07,6.77E-07,5.85E-07,5.12E-07,4.54E-07,4.06E-07,3.66E-07,3.32E-07,3.03E-07,2.79E-07,2.58E-07,2.39E-07,2.23E-07,2.10E-07,1.98E-07,1.87E-07,1.78E-07,1.70E-07,1.63E-07,1.58E-07,1.53E-07,1.49E-07,1.46E-07,1.44E-07,1.42E-07,0.000656034,0.003946128,0.023922622,0.07891503,0.16186091,0.3599078,0.17413586,30.274029,46.99862,0.76082873,0.5766265,1.3886442,0.55810714,0.20766252,0.25104392,0.36404642,12.566278,10.84604,0.3345942,0.21410286,0.4240732,0.34023154,0.18669909,0.18998958,8.109114,23.609493,23.848328,0.7620868,2.0258253,1.6672169,1.0901228,0.30793136,0.6422399,6.01704,6.788162,3.0724778,0.5010975,1.444634,1.5893111,2.1138742,1.1032463,6.67763,32.882313,34.243717,9.234585,4.4745126,3.3745155,2.4654436,1.0519531,3.200992,5.728675,7.2973943,0.4823307,0.54571563,0.59593534,0.8535572,5.243208,7.2212725,3.8576956,2.7219117,1.3120177,2.2355392,3.5128932,1.3123561,0.46825737,0.23187025,0.1077295,0.28310323,0.17024283,0.086968906,0.07299969,0.12315085,0.103329904,0.09030071,0.08213161,0.16016154,0.19602671,0.1874451,0.15237217,0.15429616,0.06743155,0.07996978,0.04167397,0.021382526,0.008048294,0.004139406,0.003801283,0.001786995,0.001202439,0.001408851,0.000886292,0.001329886,0.001639134,0.00127053,0.002046185,0.001623854,0.001128511,0.000611324,8.15E-05,2.83E-05,1.89E-05,1.45E-05,1.16E-05,9.65E-06,8.21E-06,7.10E-06,6.21E-06,5.51E-06,4.92E-06,4.44E-06,4.03E-06,3.68E-06,3.38E-06,3.12E-06,2.90E-06,2.71E-06,2.54E-06,2.40E-06,2.27E-06,2.16E-06,2.06E-06,1.98E-06,1.91E-06,1.85E-06,1.81E-06,1.77E-06,1.74E-06,1.73E-06,0.76428527,0.13163425,0.21347186,0.899769,0.18758743,0.1242377,0.19818948,0.305377,0.84081906,0.20588663,0.05385104,0.29053998,0.1684079,0.09960191,0.1245633,0.1521192,0.09517788,0.09079736,0.08484463,0.19057788,0.1598261,0.11250123,0.09891997,0.1734346,21.92085786,21.63324866,24.63794648,23.22598297,24.15733917,66.18148121,18.52284763,3.339274586,3.365126717,3.587862774,2.913565448,1.935557672,7.978653984,2.672300113,hyperkinetic dysphonia
voice129.wav,11.729996,0.22012843,0.079488255,0.014446188,-162.0777,206.23463,-86.24951,17.847223,-39.859207,-30.395763,28.031744,-25.46235,-7.8295865,-12.041232,-2.3284116,27.692661,-26.514027,56.756622,27.224316,15.711225,8.973754,8.430893,6.66151,6.242438,8.51679,4.1930733,4.289625,3.675344,5.2184596,6.0544205,0.033713404,0.04935004,0.09915111,0.608831,217.06792,266.06436,0.83492947,0.477417,1.3314545,4.7672267,83.1587,15.420348,1.5250622,1.4493055,1.082011,6.6191974,13.730943,2.0284944,1.2554632,1.2050673,9.541789,204.36815,59.096832,7.763025,6.8754973,7.3161607,143.44904,303.6023,21.521362,3.1738942,2.3848765,4.295344,53.56676,27.264515,1.6432188,0.8369626,0.949454,5.626796,12.092697,5.5103297,1.606218,1.2965455,3.7931993,37.244167,25.839178,8.53458,9.029616,14.513726,46.08384,13.414053,1.3624374,0.62384605,1.9419835,1.524913,0.21501562,0.10088115,0.1559161,0.16707112,0.0551271,0.050221443,0.123427704,0.082868055,0.036572564,0.07911313,0.09585319,0.037662875,0.04965771,0.080362424,0.053721275,0.12750773,0.1402276,0.17374697,0.4583244,0.5128267,0.6126123,0.49240148,0.2726698,0.4498967,0.26377934,0.121185176,0.072673365,0.046459965,0.032612573,0.024341827,0.022967502,0.021325652,0.018862916,0.021924954,0.02727178,0.051208522,0.08424131,0.17775334,0.3452114,0.0799174,0.036586486,0.05902062,0.05306982,0.026561381,0.002376553,9.51E-06,2.98E-06,2.21E-06,1.74E-06,1.41E-06,1.18E-06,1.01E-06,8.67E-07,7.60E-07,6.71E-07,5.99E-07,5.39E-07,4.88E-07,4.45E-07,4.09E-07,3.78E-07,3.51E-07,3.27E-07,3.07E-07,2.90E-07,2.75E-07,2.62E-07,2.51E-07,2.41E-07,2.34E-07,2.27E-07,2.22E-07,2.19E-07,2.17E-07,0.3316927,0.41604397,0.64802986,1.5916694,56.80178,80.625626,1.0221766,0.5028221,2.4642916,4.4780836,41.158737,11.121786,2.3609297,1.7278571,1.4044155,7.0075397,14.440151,2.5397353,1.463169,1.3355018,9.029493,193.67668,53.687675,9.870882,8.876953,9.05735,99.03507,147.51126,32.479595,3.7190356,2.3917165,4.2292166,42.33872,23.823921,1.9937872,0.8916189,0.95356894,6.0323834,7.048904,10.677677,1.8994741,1.1238984,3.4084063,30.90067,33.842583,10.613857,9.4244375,10.817538,37.176235,15.315196,1.029163,0.4662925,1.7812039,1.0583924,0.32813162,0.08030166,0.10859666,0.15403539,0.043392945,0.036415365,0.09236617,0.08719038,0.02077842,0.05753191,0.08217345,0.025413457,0.0318903,0.053955518,0.034359116,0.07975632,0.09519218,0.11745407,0.42004228,0.42545548,0.5288833,0.37597913,0.25941312,0.5364421,0.2605517,0.06990039,0.07129436,0.028577434,0.021524118,0.015999807,0.014172462,0.013853448,0.013752175,0.015183051,0.019385068,0.042369857,0.07046428,0.15050736,0.28384972,0.06572362,0.027903523,0.04349961,0.03466032,0.018856306,0.001615062,5.53E-05,3.62E-05,2.69E-05,2.11E-05,1.71E-05,1.43E-05,1.22E-05,1.05E-05,9.21E-06,8.14E-06,7.26E-06,6.53E-06,5.92E-06,5.40E-06,4.96E-06,4.58E-06,4.25E-06,3.97E-06,3.73E-06,3.52E-06,3.33E-06,3.18E-06,3.04E-06,2.93E-06,2.83E-06,2.76E-06,2.70E-06,2.65E-06,2.63E-06,0.9148836,0.4739323,0.22973287,0.24548286,0.85592294,0.17073391,0.042301893,0.18973483,0.08594449,0.04425494,0.08016154,0.24013594,0.1220042,0.1781574,0.113707565,0.10993167,0.16814928,0.122966796,0.06627152,0.0857173,0.11797784,0.11515059,0.09781142,0.08500894,34.31875323,19.9271242,21.7630838,23.76989469,18.71321786,72.07199186,17.26076011,4.977497401,4.030439019,3.514226133,2.763980915,1.989304972,9.031215354,2.458024855,hyperkinetic dysphonia
voice130.wav,26.836683,0.118731864,0.089060534,0.019064243,-184.01054,222.77673,-112.07983,11.04915,-21.383556,-25.97413,22.466602,-30.187847,-5.5991597,2.5118945,-9.46665,1.1970973,-28.782743,65.89421,33.20925,22.84346,8.390308,8.69708,7.223798,6.4412184,6.089784,4.033648,3.7811275,5.8927717,4.2046375,5.7058,0.009860995,0.018876748,0.061033186,0.7016502,4.6169066,49.644775,32.374844,3.6795294,1.5687307,1.4993377,5.6316905,37.96446,23.894272,4.3880086,1.0854955,0.84796435,1.0535424,3.9805388,9.98464,6.424093,5.564685,4.703975,4.6635365,8.583507,13.135431,15.127335,13.684092,15.093771,9.035854,6.708561,9.84651,10.364508,13.948078,16.076487,15.511614,11.23649,10.030584,8.603266,8.4140625,8.54983,4.40309,2.6363943,3.5261807,3.3197691,3.7317119,3.0265553,3.5985386,5.2603974,6.5533323,7.152223,8.89332,8.183017,3.7296736,3.3859549,5.194022,4.5997415,3.2066782,1.4890463,0.9177536,0.5471152,0.52714247,0.32147887,0.3205595,0.17556182,0.1726576,0.12830988,0.13781607,0.09421901,0.11689218,0.13743122,0.09154511,0.1344171,0.12632583,0.16327631,0.22871555,0.24596684,0.17386527,0.22930634,0.187047,0.113648534,0.08351327,0.06954393,0.09820392,0.0538649,0.0426096,0.02803241,0.024553977,0.019576149,0.015803138,0.012967925,0.011782936,0.010931657,0.011529279,0.011188077,0.015664881,0.015196045,0.014741479,0.006431925,0.000488436,8.95E-07,2.43E-07,1.90E-07,1.55E-07,1.29E-07,1.10E-07,9.51E-08,8.31E-08,7.34E-08,6.54E-08,5.87E-08,5.30E-08,4.82E-08,4.41E-08,4.05E-08,3.75E-08,3.48E-08,3.25E-08,3.05E-08,2.87E-08,2.72E-08,2.59E-08,2.48E-08,2.38E-08,2.30E-08,2.24E-08,2.19E-08,2.15E-08,2.13E-08,0.08222231,0.08870503,0.19846757,2.1155279,8.072972,32.892796,42.55991,7.8491325,2.4123545,2.3788488,10.113023,41.967712,25.283398,6.2756066,1.9461297,1.2966145,1.6380972,4.797185,13.342621,8.440222,8.40379,6.360961,6.0996656,9.322468,12.99943,22.460773,17.245083,24.238087,9.612641,8.381183,15.017899,14.781841,21.976963,19.950546,20.879364,14.040967,13.709435,10.569981,13.779547,14.321481,6.2587233,4.510659,6.1987076,4.9663477,4.313644,3.1327884,3.5796585,4.9381084,8.490247,7.8529024,10.776619,9.384145,3.7177963,3.6879542,6.4283323,5.2563643,5.1352997,2.3515968,1.2743183,0.5641526,0.5620385,0.3053893,0.39921468,0.14408968,0.203464,0.16919403,0.13647485,0.07833325,0.15307957,0.19142985,0.0780967,0.1432229,0.10006721,0.11956914,0.24636254,0.23285742,0.14128686,0.2854376,0.16602516,0.11528804,0.09697804,0.048256572,0.12362681,0.05000719,0.04128117,0.025677634,0.020938318,0.020962277,0.016216299,0.014014532,0.009690071,0.012345673,0.011331608,0.012152937,0.024168072,0.016865194,0.009727807,0.004890478,0.000398839,4.17E-06,2.95E-06,2.31E-06,1.88E-06,1.57E-06,1.34E-06,1.15E-06,1.01E-06,8.91E-07,7.93E-07,7.12E-07,6.43E-07,5.85E-07,5.35E-07,4.92E-07,4.54E-07,4.22E-07,3.94E-07,3.70E-07,3.49E-07,3.30E-07,3.14E-07,3.01E-07,2.89E-07,2.79E-07,2.72E-07,2.66E-07,2.61E-07,2.58E-07,0.307214,0.6105275,0.7038752,0.5616509,0.4278372,0.29063034,0.24969165,0.34172422,0.32814792,0.29564506,0.23565848,0.19089404,0.23142985,0.33683318,0.29005936,0.26506644,0.26171947,0.18377529,0.18045367,0.25260267,0.22467764,0.22893104,0.20547912,0.13196146,31.05881409,17.81291195,16.77295918,17.48654343,16.50968474,69.33896852,16.51642162,4.560704898,3.524901761,3.847337347,2.370925715,1.500565719,8.64430396,2.50741203,hyperkinetic dysphonia
voice131.wav,20.254082,0.24510595,0.107097447,0.024480863,-165.47318,154.82883,-118.49142,28.9507,-61.239014,-26.82578,40.263973,-46.828144,8.099634,13.740801,-10.864995,10.225421,-38.549355,53.93426,22.606256,16.937674,10.205385,9.152048,7.549389,6.533083,10.220173,3.7942224,4.999447,5.343995,5.9473553,5.678511,0.002703304,0.002687855,0.008569302,0.020146387,0.063198164,61.122917,135.0399,0.9760742,0.0714699,0.06144987,0.06832956,0.113077395,25.076385,17.872854,0.068911724,0.035133205,0.056887127,0.08450184,3.2252994,66.170105,17.62538,0.16675036,0.2576952,0.57223296,1.1177434,183.25464,620.1938,62.311916,0.7510066,1.0079385,1.8568269,7.458225,201.18501,263.3046,18.334318,2.0304174,0.94564265,0.6088864,4.0841336,35.872658,26.473316,1.4476368,0.28180084,0.5280227,1.3353479,22.374922,26.372402,3.4007914,0.43364224,0.7504812,6.0848436,38.281487,18.15306,1.0748434,0.311736,5.1068025,20.105776,5.4332495,0.23620851,0.16561152,0.5444228,0.25660473,0.07115195,0.041122578,0.10965939,0.11795817,0.030435888,0.03298756,0.13517685,0.062471453,0.02958263,0.15255687,0.17279838,0.049264442,0.3493305,0.43870372,0.20932128,2.1237638,1.727433,1.1578577,4.554489,1.978561,1.5596895,1.370193,0.17260909,0.20473202,0.10852393,0.55513287,0.53633446,3.2478502,2.0377145,3.0261254,2.3838692,3.2124119,2.620067,3.7991648,1.7561195,0.6297449,0.014510659,1.70E-05,9.30E-07,7.23E-07,5.81E-07,4.78E-07,4.00E-07,3.39E-07,2.89E-07,2.50E-07,2.17E-07,1.90E-07,1.67E-07,1.47E-07,1.31E-07,1.17E-07,1.05E-07,9.50E-08,8.62E-08,7.86E-08,7.20E-08,6.64E-08,6.16E-08,5.75E-08,5.41E-08,5.12E-08,4.90E-08,4.72E-08,4.59E-08,4.51E-08,0.023917377,0.013771524,0.06436019,0.09239155,0.41465873,39.981953,80.210464,2.2133548,0.49500784,0.40047318,0.33082876,0.4810816,13.61765,9.625265,0.26816028,0.09545649,0.25543356,0.2012608,3.3023963,32.2105,15.111957,0.54638773,0.61803836,1.2580919,2.3696673,133.7437,218.96498,85.40695,1.705962,2.2501686,3.6440418,12.653587,118.400986,178.40527,36.217106,5.096776,2.3382478,0.9208639,6.7319636,17.149044,26.157103,4.069062,0.6803335,1.4072323,2.3106549,20.284044,14.358043,5.878566,0.71229845,1.485463,8.122807,26.566126,25.883747,2.5326416,0.37724152,8.160359,19.916897,8.175347,0.8474169,0.30207527,0.8469386,0.32492366,0.12571827,0.04222735,0.1149502,0.13761486,0.042762645,0.0286222,0.130708,0.077778034,0.034030475,0.14242716,0.22791705,0.06186889,0.356324,0.51448363,0.27569038,2.3376465,2.431362,1.2781978,3.9011526,4.401841,2.3049057,2.436669,0.27082673,0.20425473,0.13069369,0.66086423,0.56797546,3.4441621,2.4913366,2.6027348,2.6824124,3.1265988,2.139205,3.2179425,1.4202489,0.5168789,0.024045642,3.17E-05,1.13E-05,8.78E-06,7.05E-06,5.79E-06,4.85E-06,4.11E-06,3.51E-06,3.03E-06,2.63E-06,2.30E-06,2.02E-06,1.79E-06,1.59E-06,1.42E-06,1.28E-06,1.15E-06,1.05E-06,9.53E-07,8.74E-07,8.06E-07,7.47E-07,6.98E-07,6.56E-07,6.21E-07,5.94E-07,5.72E-07,5.57E-07,5.47E-07,0.035697117,0.071176656,0.1810277,0.98249835,0.28175956,0.068079814,0.14129028,0.511431,0.12906823,0.056226615,0.15791292,0.049914625,0.06161385,0.087561175,0.11289822,0.0927835,0.17377876,0.120929524,0.11866994,0.2043977,0.1834822,0.09710402,0.080877244,0.05919293,35.94515441,25.36851914,30.05536669,24.39172341,24.36433623,78.29075739,18.01360462,4.807736572,4.605063344,3.978000002,2.975573821,2.594094065,8.740026822,2.637068201,hyperkinetic dysphonia
voice132.wav,8.120488,0.20073521,0.080926882,0.011455876,-174.3542,196.90303,-98.562805,-1.9578378,-26.633347,-24.926447,-0.45981824,-19.237356,12.4499035,-19.525661,-0.6927992,22.842674,-40.904396,57.827545,28.56482,19.015142,8.176348,6.8562555,8.347248,6.1626663,5.749906,3.663714,5.05743,3.9197958,4.6515994,6.9059615,0.001839748,0.003837375,0.023299392,0.060158487,0.42844525,49.542873,49.464428,1.8929948,0.27578926,0.8572694,1.623933,32.90538,68.87651,5.149605,0.31652704,0.1347485,0.94282645,3.332889,20.623507,41.125477,8.047157,2.0813704,5.455042,48.70079,271.26013,236.63872,45.070183,5.1664777,4.6156573,8.50188,61.877098,143.8275,61.56824,11.7943735,4.881633,9.134303,9.398727,25.447224,16.730934,1.5156201,1.0768178,1.4655502,3.0226674,12.042979,15.036821,4.591958,4.1495028,4.702353,13.463733,22.19219,10.028236,3.1653647,2.0748477,2.7610023,3.0341907,0.7298069,0.37724647,0.2583514,0.42029038,0.36690778,0.20551817,0.23127216,0.35511565,0.3383175,0.1818827,0.22512019,0.2793866,0.24788752,0.3105246,0.5812137,0.6849501,0.9803825,1.9201812,1.4659477,0.37254983,0.12007364,0.060258392,0.057972427,0.04138482,0.02222275,0.014852359,0.008921884,0.00644445,0.005713593,0.004643574,0.004751917,0.004702842,0.00654571,0.004578195,0.005224417,0.006125,0.008457853,0.012105474,0.03784402,0.18268141,0.3180436,0.24845405,0.11235285,0.011454759,2.74E-05,4.81E-07,3.44E-07,2.62E-07,2.08E-07,1.71E-07,1.44E-07,1.22E-07,1.06E-07,9.29E-08,8.22E-08,7.33E-08,6.60E-08,5.98E-08,5.45E-08,5.00E-08,4.62E-08,4.28E-08,4.00E-08,3.75E-08,3.54E-08,3.36E-08,3.20E-08,3.07E-08,2.96E-08,2.87E-08,2.80E-08,2.76E-08,2.73E-08,0.005902884,0.007086593,0.06435973,0.10124321,0.74159425,21.167225,46.450073,6.0037003,0.3723081,2.8399901,4.4656825,34.009674,36.57323,7.4568677,1.0831,0.11612835,3.5484304,7.503351,23.876137,87.83108,19.739113,8.176317,28.209574,124.67259,236.53262,183.40521,103.70696,10.123998,9.526816,16.144266,80.61841,123.7322,76.63987,25.468449,14.224952,29.920263,17.725836,28.250006,24.832817,2.0531015,2.1149492,3.6547208,5.675167,14.086139,17.701462,6.5827885,10.206935,10.947968,20.799084,23.995214,11.326144,3.596724,4.0373664,3.4931338,3.396885,0.8886648,0.73423856,0.32576162,0.48386127,0.45874083,0.13633804,0.2532366,0.3567098,0.3953244,0.15017058,0.22988032,0.19745363,0.16221973,0.2173359,0.4654002,0.48028955,0.5396906,1.0813069,0.9238887,0.25921282,0.06777457,0.033930007,0.04331592,0.025060838,0.011820788,0.010266298,0.007772777,0.006314361,0.00890622,0.008223593,0.011681273,0.01140626,0.015604081,0.005966864,0.013290547,0.022571007,0.036561035,0.03753059,0.03703118,0.106927544,0.17717072,0.12745799,0.05259287,0.0087587,2.29E-05,5.84E-06,4.17E-06,3.18E-06,2.53E-06,2.08E-06,1.74E-06,1.49E-06,1.29E-06,1.13E-06,9.96E-07,8.89E-07,8.00E-07,7.25E-07,6.61E-07,6.06E-07,5.60E-07,5.20E-07,4.85E-07,4.55E-07,4.29E-07,4.07E-07,3.89E-07,3.73E-07,3.59E-07,3.49E-07,3.40E-07,3.34E-07,3.31E-07,0.08399792,0.31313384,0.829763,0.34269714,0.07774444,0.15868147,0.42749643,0.15082094,0.07086615,0.14882691,0.14040406,0.065460935,0.06734735,0.30107135,0.26258743,0.30594757,0.1377106,0.17884655,0.32829458,0.18130636,0.12661937,0.12288588,0.23655608,0.079988055,32.71145544,22.87464375,24.46352398,20.58493498,23.39925161,72.93276228,18.84314052,4.103540475,4.188780591,4.574642831,3.069589661,2.56646758,8.440859547,2.729879571,hyperkinetic dysphonia
voice133.wav,20.26866,0.16067608,0.110490129,0.03106169,-162.44893,200.81174,-123.989426,35.222115,-19.1289,-21.459799,31.50579,-49.637707,-4.3439813,8.345614,-39.471245,-4.7583694,-8.55113,59.087902,26.444506,18.936792,10.135982,6.341582,6.6724734,6.183876,6.9129133,3.263381,2.8690333,6.7584267,4.1144805,3.6931596,0.005669222,0.019213865,0.049918424,0.1856183,0.30226967,0.99962133,1.0858091,72.338104,223.49023,5.1415267,1.9798186,6.889757,4.3243556,2.0630393,1.5051028,2.414582,67.05215,79.66199,1.724723,1.2368392,1.3840189,2.2653632,1.2209904,0.65836143,4.6098495,30.617844,21.266315,0.9834244,2.302606,1.5010911,3.7376122,1.3997012,1.4390568,16.825594,42.859566,26.177437,2.6413856,4.030932,1.728133,3.7432613,2.7030232,2.607459,7.8084636,35.827625,22.050312,4.533664,2.4394004,2.722832,1.8363885,3.985721,22.373049,19.074038,1.7535627,1.0670894,1.131304,1.2858301,3.062483,8.853726,5.697377,2.3152227,2.9180562,2.0949051,8.803928,11.746956,1.0292345,0.37606212,0.317383,0.4654123,0.30257258,0.09529608,0.10225343,0.07973796,0.22006674,0.07037998,0.046026528,0.06924365,0.094968125,0.06882454,0.131981,0.41761455,0.59603673,0.30498964,0.73207855,1.1170949,1.1850592,1.4781376,2.2491834,0.66074646,0.31739095,0.16901872,0.08056994,0.08199278,0.079136916,0.06715391,0.06997644,0.07664029,0.048557345,0.008613686,0.000304656,8.03E-07,1.18E-07,8.08E-08,5.91E-08,4.49E-08,3.53E-08,2.82E-08,2.30E-08,1.90E-08,1.59E-08,1.35E-08,1.15E-08,9.92E-09,8.62E-09,7.55E-09,6.66E-09,5.92E-09,5.30E-09,4.77E-09,4.33E-09,3.96E-09,3.65E-09,3.39E-09,3.17E-09,2.99E-09,2.85E-09,2.74E-09,2.66E-09,2.61E-09,0.019714328,0.029551735,0.05307666,0.19799475,0.34715652,1.2178916,1.28321,34.82737,100.66417,4.576665,2.4113965,11.243099,3.6610632,2.143059,1.7788337,3.5825024,31.169363,50.617683,1.5012219,1.6741513,1.7601029,3.2186065,1.5527358,0.81026906,7.30844,15.940305,18.986444,1.1810529,4.473869,1.8609606,5.3616996,1.6134545,2.8333201,22.252459,28.611032,30.30713,3.9044664,8.9159355,1.7175097,3.3875866,2.9437826,3.9261484,8.0535755,54.6218,38.862057,7.178833,2.9396896,3.7449741,2.6530206,6.609999,31.693556,19.742062,2.1735375,1.3652667,0.9044847,1.4670119,4.6703124,12.910807,7.775356,2.2582624,3.4673944,1.8000191,9.072516,13.12217,1.4979699,0.2698359,0.23519824,0.59471685,0.3180455,0.07016139,0.097640015,0.04922776,0.22578067,0.05881484,0.034526646,0.062226795,0.07727791,0.040758394,0.13314526,0.35413635,0.59068096,0.23806906,0.7422276,0.7264837,0.88293403,1.2380939,2.0768726,0.5606694,0.19213966,0.120938785,0.048828997,0.051176045,0.05775262,0.037378337,0.039398316,0.035484057,0.03142458,0.005919793,0.000250977,2.40E-06,1.39E-06,9.53E-07,6.96E-07,5.29E-07,4.15E-07,3.33E-07,2.71E-07,2.24E-07,1.88E-07,1.59E-07,1.36E-07,1.17E-07,1.02E-07,8.90E-08,7.85E-08,6.97E-08,6.24E-08,5.62E-08,5.10E-08,4.67E-08,4.30E-08,3.99E-08,3.73E-08,3.52E-08,3.35E-08,3.22E-08,3.13E-08,3.08E-08,0.19689724,0.12650292,0.09387943,0.31561962,0.15199342,0.07979389,0.14001134,0.26826248,0.9929958,0.48834682,0.07330302,0.067333676,0.19327322,0.13195482,0.10521403,0.14440078,0.09328662,0.08902757,0.10789777,0.20458831,0.030833805,0.2808722,0.12321225,0.09215619,24.13690949,21.67228281,23.39278956,20.4702928,21.11566368,71.79982857,17.58534389,3.988259654,3.602654978,4.105871195,3.287186979,2.449611626,8.233996979,2.653074826,reflux laryngitis
voice134.wav,8.666585,0.27020258,0.124682126,0.033635433,-210.03433,166.23265,-102.43794,2.4692347,-4.341491,-12.452285,11.494039,-33.504032,-6.6152806,3.2845128,-24.268047,-11.484662,-7.662945,45.050064,21.849901,13.892929,6.8139052,5.112515,5.344751,4.783342,6.284385,5.0112834,4.6109962,5.454147,3.2942495,3.6797583,0.001989553,0.009550905,0.009641508,0.02501838,0.040908348,0.09219712,0.29504812,0.79082114,0.5320182,0.30470198,0.26699105,39.177006,90.309814,1.1404854,0.16496772,0.25445735,0.21607451,0.35853153,0.25286603,0.6822419,0.47003266,0.32895866,0.2067836,0.84479827,217.28465,160.58379,0.7635842,0.21403913,0.12911677,0.112513974,0.19375141,0.13058037,0.10547661,0.117825925,0.21605383,0.34202516,41.994453,696.84406,214.43239,1.6594353,0.31572023,0.2116786,0.14435083,0.11554375,0.13309148,0.123029366,0.11437448,0.19525546,44.98039,297.9297,30.51573,0.21933587,0.15608992,0.14800644,0.18118437,0.20250003,0.27611205,7.3191967,270.32538,97.77158,0.24370949,0.11995758,0.08881579,0.05903779,0.07424184,2.5136495,6.5126677,0.19720355,0.009903111,0.010094808,0.010665169,0.03140911,0.54281163,0.116382204,0.007554738,0.007164993,0.008713685,0.16456829,0.30560458,0.012056362,0.006528774,0.007509143,0.17741185,0.20819908,0.021597596,0.03844738,0.07312133,0.26770833,0.022376833,0.002951439,0.003495849,0.008411015,0.001647558,0.00118241,0.006592289,0.007182171,0.003229385,0.003994167,0.002136098,5.10E-06,6.62E-09,4.37E-09,3.12E-09,2.34E-09,1.82E-09,1.44E-09,1.16E-09,9.41E-10,7.72E-10,6.37E-10,5.29E-10,4.40E-10,3.67E-10,3.07E-10,2.56E-10,2.13E-10,1.77E-10,1.47E-10,1.22E-10,1.00E-10,8.21E-11,6.71E-11,5.43E-11,4.47E-11,3.57E-11,2.97E-11,2.50E-11,2.22E-11,0.004366955,0.007091875,0.011471829,0.016877454,0.02449894,0.16817297,0.35498264,1.0102072,0.70137346,0.5165933,0.4802176,17.547642,28.207737,0.89905226,0.2581187,0.3997777,0.4992593,0.94539696,0.53657866,2.472807,1.3100891,0.5381024,0.37141606,1.7005426,76.80048,43.12112,1.748745,0.7865276,0.43040496,0.38446093,0.46705613,0.43541306,0.6031947,0.55535394,0.9979995,1.830748,43.806896,244.2438,182.3082,5.149205,0.62488693,0.26507035,0.16101575,0.15200682,0.20178306,0.16128556,0.32771203,0.6966772,30.727299,128.45113,28.494156,0.37644014,0.23338114,0.16251905,0.19049235,0.25607404,0.32449326,9.289162,105.73931,73.23677,0.6942978,0.086896464,0.06469935,0.045333512,0.10370352,1.8091979,2.4607584,0.34850594,0.009293617,0.008408121,0.008434984,0.035059843,0.29086393,0.08698097,0.007283268,0.007382831,0.005761438,0.12952915,0.16770117,0.018315699,0.004600934,0.006304217,0.15216568,0.13740095,0.014883423,0.025995776,0.06835698,0.206346,0.032752287,0.001529028,0.003950176,0.008442842,0.001827616,0.001269703,0.008499698,0.009581077,0.002447695,0.003529914,0.00222741,8.22E-06,8.03E-08,5.30E-08,3.79E-08,2.84E-08,2.21E-08,1.75E-08,1.40E-08,1.14E-08,9.36E-09,7.73E-09,6.41E-09,5.34E-09,4.45E-09,3.72E-09,3.10E-09,2.58E-09,2.15E-09,1.79E-09,1.48E-09,1.21E-09,9.91E-10,8.10E-10,6.56E-10,5.30E-10,4.30E-10,3.54E-10,3.00E-10,2.67E-10,0.007322216,0.13456242,0.839894,0.15840039,0.015433302,0.12203179,0.5135661,0.06861498,0.12666216,0.8776429,0.17697883,0.007125337,0.03290345,0.065964475,0.18452883,0.07954697,0.0966966,0.092286445,0.18311688,0.115486704,0.11075932,0.14995925,0.083321705,0.02969352,21.34253138,24.13134629,29.69159714,28.95693525,25.2683042,65.53332575,20.27249007,3.847761143,3.633992492,3.80701953,3.103221343,2.196647476,6.523287578,2.584670489,healthy 
voice135.wav,7.891336,0.18473136,0.076594615,0.014010104,-180.84212,166.53297,-114.47583,25.624739,-10.882213,-1.3370392,26.67816,-41.274734,3.41397,-15.6759615,-43.91849,8.013823,-16.25059,54.104187,22.412766,17.931963,6.127376,4.909955,5.460901,5.0503364,6.765939,3.8217814,3.963756,7.534757,3.164743,4.6043186,0.010776711,0.022850113,0.022848308,0.045592472,0.08888512,0.17685856,0.27785677,0.47992972,259.24445,437.67728,2.7552006,0.7540725,0.9371348,0.24713606,0.14325179,0.10628034,0.12041764,4.0470004,145.28288,50.261242,0.2719534,0.10078981,0.13051705,0.15536502,0.07277038,0.05401676,0.051380835,1.6247054,5.126231,0.74518794,0.113678046,0.10663134,0.13700089,0.17866242,0.23540543,0.3074986,2.5740047,83.77273,102.29319,6.938688,1.0681269,1.5862353,2.2598462,2.0160456,1.4000828,1.8960717,7.4685287,9.048653,1.8419067,0.6726298,0.5524453,0.507203,0.6338962,1.3378584,7.298254,3.9958456,0.78276044,0.9770314,0.8975111,1.0905293,4.424036,5.1850224,0.7685513,0.31299847,0.32505697,0.3511751,0.9847578,0.4594529,0.20224017,0.17476597,0.23973191,0.445021,0.12380115,0.081819266,0.07671515,0.10967846,0.09614455,0.051079098,0.03907029,0.045662515,0.0341667,0.018416716,0.019765701,0.03712946,0.036090318,0.05103851,0.10928347,0.17624895,0.31936795,0.5868164,0.47740215,0.2280769,0.17197126,0.12086332,0.0867659,0.083078586,0.059558745,0.028791754,0.003172765,1.16E-05,1.85E-06,1.46E-06,1.20E-06,1.01E-06,8.73E-07,7.61E-07,6.71E-07,5.99E-07,5.37E-07,4.86E-07,4.43E-07,4.05E-07,3.74E-07,3.46E-07,3.22E-07,3.01E-07,2.83E-07,2.66E-07,2.53E-07,2.40E-07,2.30E-07,2.21E-07,2.13E-07,2.07E-07,2.01E-07,1.97E-07,1.94E-07,1.93E-07,0.07325149,0.031462062,0.05369418,0.06879617,0.14064746,0.19077538,0.4654553,0.55418557,90.79964,174.82794,2.3659678,0.47994834,0.56986713,0.58141625,0.16839513,0.08529878,0.14590028,6.320878,72.91361,28.874596,0.5644855,0.11762308,0.19249676,0.28862286,0.08193285,0.04871857,0.06415343,1.9811916,4.047931,1.6275444,0.09825279,0.08527713,0.14492111,0.16541117,0.1700061,0.29081467,5.7138715,50.19699,79.52774,14.990571,0.6500639,1.321343,2.0002165,1.4572196,0.93646914,2.3056812,10.515143,9.650124,1.9618225,0.39810747,0.32196406,0.3626431,0.3433195,1.5347923,5.8965106,4.7412033,0.62952954,1.1856729,0.6304958,0.6671496,3.7358212,4.336083,1.525757,0.20542437,0.20316207,0.3846603,1.14309,0.3932761,0.14317499,0.10138297,0.20719306,0.35199744,0.07512437,0.04170624,0.045674764,0.07716015,0.10987385,0.034677595,0.019428782,0.03669449,0.0269507,0.011535064,0.011831942,0.032219645,0.029271752,0.039278243,0.09197645,0.18295017,0.29392478,0.43744817,0.26992157,0.113000795,0.070612215,0.059705317,0.034319043,0.043437183,0.03530342,0.016443795,0.001871278,3.18E-05,2.24E-05,1.77E-05,1.46E-05,1.23E-05,1.06E-05,9.23E-06,8.14E-06,7.26E-06,6.52E-06,5.90E-06,5.37E-06,4.92E-06,4.53E-06,4.20E-06,3.90E-06,3.65E-06,3.43E-06,3.23E-06,3.06E-06,2.92E-06,2.79E-06,2.68E-06,2.59E-06,2.51E-06,2.44E-06,2.39E-06,2.36E-06,2.34E-06,0.035221368,0.04945205,0.019814605,0.021388866,0.046925765,0.023286298,0.03352482,0.04485516,0.33133975,0.9956706,0.21281508,0.032168515,0.087574,0.099481456,0.07846835,0.058327314,0.06269584,0.07476328,0.08608795,0.10839581,0.1618048,0.030486787,0.14571957,0.103038505,19.71130248,26.44247193,26.88912391,22.30223153,18.57058602,73.34935613,19.2966828,3.388791228,3.399309953,3.734264778,2.198601498,1.995749269,8.362351394,2.803461449,hypokinetic dysphonia
voice136.wav,16.337988,0.23779811,0.118619573,0.018973112,-145.70009,167.97462,-148.56245,25.290184,-7.2315593,-31.481459,26.847872,-25.073519,-10.555256,-9.648881,-31.844872,-3.4966192,-11.348561,55.65789,22.483658,21.436535,9.144089,5.22691,6.6169567,5.409647,5.6052628,4.8443117,4.174591,5.09916,4.3019824,3.8502347,0.002631911,0.010809225,0.021194918,0.036197465,0.049787425,0.12823622,0.2800554,1.211029,2.574902,0.5899819,7.124089,202.07817,154.94284,54.879173,0.908771,0.40572312,0.26658174,0.25955516,0.4618546,0.29271185,0.18896288,0.18511014,2.9987786,48.44486,54.47394,10.230667,8.4217615,2.7671647,0.3742347,0.43878636,0.34754544,0.4125769,0.55043787,0.7522664,12.690226,158.66959,237.04385,120.6054,27.045664,43.639606,64.30963,11.463192,2.2351787,2.1831322,1.8054285,3.7545404,31.463572,112.75393,174.33916,45.18644,5.4399085,5.5351973,5.3565836,1.657159,1.1396773,2.636117,8.88339,13.170916,11.321129,2.1461382,1.2828802,2.475007,2.0395138,9.719097,18.136305,25.974173,12.965065,3.912702,2.9632204,3.0516443,3.4808292,3.1598315,1.7939404,0.7603591,0.70299804,1.0075659,0.70176536,0.9213124,0.82203525,0.76474285,1.7505493,2.1292543,3.2399127,2.9962237,2.3097324,1.6425683,0.7372734,0.30571947,0.11955379,0.08254773,0.06482324,0.027853778,0.017800802,0.021373346,0.060755674,0.07218824,0.0742339,0.035091445,0.002370304,7.64E-06,2.33E-06,1.76E-06,1.40E-06,1.16E-06,9.83E-07,8.48E-07,7.41E-07,6.57E-07,5.87E-07,5.29E-07,4.80E-07,4.39E-07,4.03E-07,3.73E-07,3.46E-07,3.23E-07,3.04E-07,2.86E-07,2.71E-07,2.58E-07,2.47E-07,2.37E-07,2.29E-07,2.22E-07,2.16E-07,2.12E-07,2.09E-07,2.07E-07,0.016903607,0.016220743,0.023369007,0.032234073,0.037417814,0.09744171,0.23554318,2.2023463,7.22253,0.51079434,12.887277,106.40446,159.46315,156.06064,1.8391181,0.41467717,0.27996448,0.22369702,0.57171184,0.30296248,0.16928238,0.17357565,7.4967775,43.58286,46.698338,16.901873,23.507872,10.07487,0.44138753,0.45486525,0.25965965,0.38908774,0.6325325,0.74831027,30.80271,181.95424,229.50899,176.15823,83.99349,152.85858,200.15247,43.514877,2.8583407,2.1684616,1.3303709,6.162579,50.895863,102.273285,229.33643,77.84039,13.118001,16.482983,14.075743,2.3630142,0.76940525,4.574566,10.2114,17.280676,22.952034,4.4906754,1.3785304,5.227317,2.9931357,14.821402,15.507297,38.64993,27.010544,7.3483124,4.381132,4.2315903,3.1592605,3.6671257,2.370549,1.2486702,1.2328914,1.3334326,0.53073955,0.9943495,1.0511417,0.7965244,2.0606418,1.5346825,2.6678529,3.5603976,1.7190711,1.3296479,0.7389626,0.333182,0.07446966,0.05371745,0.062794685,0.02278738,0.011578405,0.01904462,0.08846184,0.06522808,0.054945353,0.034832407,0.003365462,4.39E-05,2.83E-05,2.13E-05,1.70E-05,1.40E-05,1.19E-05,1.03E-05,8.99E-06,7.97E-06,7.12E-06,6.41E-06,5.82E-06,5.32E-06,4.89E-06,4.52E-06,4.20E-06,3.92E-06,3.68E-06,3.47E-06,3.29E-06,3.13E-06,2.99E-06,2.87E-06,2.77E-06,2.69E-06,2.62E-06,2.57E-06,2.53E-06,2.51E-06,0.09946652,0.70834136,0.5529296,0.15351903,0.07101482,0.076286405,0.050098833,0.07914332,0.6172496,0.5132464,0.1862863,0.07208649,0.10559847,0.3456868,0.34377375,0.24989562,0.09320717,0.06902121,0.08335922,0.11076908,0.34703022,0.32361662,0.31546912,0.12047417,21.04824871,23.75520524,23.85409243,23.87898424,21.35682208,69.7126177,18.49625534,3.893343327,3.615059483,3.960344959,2.519446636,2.313338215,8.554939716,2.679067456,hypokinetic dysphonia
voice137.wav,8.870728,0.31608555,0.08334763,0.035358188,-179.7049,164.57857,-96.36896,-2.0208747,-43.981518,-26.73885,24.592375,-22.452053,-5.2430863,-0.9979276,6.226532,8.904087,-33.878372,45.388824,20.343233,14.517535,4.6255574,6.1862855,4.6153855,4.329977,3.68073,3.1965704,2.8004901,2.171011,2.8693473,5.2837434,0.001821934,0.004195697,0.008625326,0.011531821,0.06563227,64.898384,51.508125,0.05819589,0.016156882,0.01671595,0.040262505,13.021084,80.8901,3.7232475,0.031599812,0.020672143,0.0226327,0.3347318,51.923946,29.023212,0.069337994,0.043287255,0.08573325,0.37626654,270.2936,1015.96875,57.12716,0.7354978,0.6926028,0.50897926,38.591988,802.9584,279.3862,1.390539,0.21850039,0.113728166,0.3283596,54.698006,131.31224,7.5845237,0.14586082,0.14475624,0.19615121,10.8486805,79.66648,20.411825,0.32603982,0.58320105,4.8111796,140.1122,136.31276,1.6886303,0.11734401,0.46501535,7.858354,4.7751064,0.063489,0.019397765,0.5145805,1.121972,0.049785793,0.0043485,0.19063285,0.37863258,0.017196214,0.01482037,0.21700111,0.12962633,0.004362699,0.21083418,0.37654868,0.030040367,0.3235788,0.59653926,0.021003664,0.09201541,0.10607098,0.109142356,1.841921,1.0279664,0.24498756,0.39811438,0.035293587,0.11088848,0.031035159,0.04757374,0.026825838,0.012771265,0.008430967,0.005775473,0.003770654,0.010776524,0.02687143,0.1458786,0.11274103,0.04547972,0.11491438,0.28445753,0.011759972,2.21E-05,6.71E-06,5.12E-06,4.08E-06,3.34E-06,2.81E-06,2.39E-06,2.06E-06,1.80E-06,1.58E-06,1.40E-06,1.25E-06,1.13E-06,1.02E-06,9.29E-07,8.50E-07,7.83E-07,7.24E-07,6.73E-07,6.30E-07,5.92E-07,5.59E-07,5.32E-07,5.08E-07,4.88E-07,4.73E-07,4.60E-07,4.51E-07,4.46E-07,0.014713165,0.015318363,0.02687154,0.05458475,0.18100755,20.361448,13.313966,0.11894968,0.03610958,0.018708657,0.029076895,5.104517,25.224419,2.624521,0.14382517,0.11725368,0.12748511,0.5628604,13.752814,13.634824,0.13756813,0.15516369,0.27025762,0.6746289,110.91712,542.6194,64.52096,0.5800474,0.7207785,0.32483912,56.17277,395.1548,162.3512,2.5241778,0.5161989,0.29249603,0.5361987,28.079967,80.84886,10.700585,0.18471248,0.16585498,0.228988,12.704664,35.08785,26.412449,0.25009653,0.44668397,9.461371,81.16429,69.9605,4.0636334,0.12164784,1.1474754,5.75044,2.8000166,0.14604059,0.02108576,0.5074622,0.43056497,0.07070078,0.004996347,0.15726793,0.15768708,0.024372378,0.029681852,0.119392276,0.09564789,0.005774617,0.18031126,0.20506404,0.05204363,0.30466688,0.22525422,0.028962834,0.08586159,0.057644796,0.20354521,0.9609038,0.97212243,0.32535565,0.14888012,0.03547809,0.0529978,0.022656126,0.032884654,0.013960986,0.013391552,0.003653282,0.006981808,0.00205497,0.006422127,0.023972198,0.048487898,0.08173168,0.026274977,0.086187616,0.1289654,0.017670799,0.000116309,7.91E-05,6.04E-05,4.81E-05,3.94E-05,3.31E-05,2.81E-05,2.43E-05,2.12E-05,1.86E-05,1.65E-05,1.48E-05,1.33E-05,1.20E-05,1.10E-05,1.00E-05,9.22E-06,8.53E-06,7.94E-06,7.42E-06,6.97E-06,6.59E-06,6.26E-06,5.99E-06,5.75E-06,5.57E-06,5.42E-06,5.32E-06,5.25E-06,0.077005416,0.15748985,0.95275116,0.21613076,0.026296169,0.18036643,0.6575155,0.07934062,0.03297477,0.15999646,0.049264237,0.037131287,0.072521456,0.09535187,0.10738207,0.105289504,0.074998595,0.13206187,0.2688114,0.071228124,0.09676998,0.106607266,0.11436012,0.069298506,35.35148384,27.59838836,31.89079416,30.24913728,26.25953328,71.762691,19.19279665,4.821905429,4.214437776,4.847555572,2.926568705,2.509770495,8.348886119,2.664724812,hyperkinetic dysphonia
voice138.wav,11.511474,0.18530671,0.132937028,0.022569187,-186.61426,162.82915,-108.2703,27.251019,-15.54533,1.942323,30.017073,-50.27652,2.8823898,-1.5992326,-36.716484,9.448018,-16.476406,72.57923,27.875338,27.061897,7.152737,5.5733633,6.138956,8.008985,11.083612,5.0968056,4.3896103,7.468509,5.532346,4.8144307,0.002987718,0.024847012,0.015398915,0.1268574,0.33761132,1.4459126,0.8201561,1.3543576,40.504307,15.527614,1.7438707,1.4909799,1.1064283,0.91358775,0.407257,0.45697507,0.49282807,6.0861163,6.805407,0.5933933,0.46820566,0.25789815,0.29800132,0.43348816,0.32048878,0.24232478,5.71248,16.49146,1.0074936,0.06264951,0.08767689,0.40536577,0.4234431,0.10209324,0.15699619,9.22311,82.99323,18.885178,0.22484054,0.16944578,1.6490598,2.429781,0.45479506,0.44898796,70.24682,354.20166,94.155334,1.1016723,0.40324947,1.0794232,0.42837435,0.8105454,77.336815,104.58399,3.460885,0.46921146,1.2457001,0.5965915,14.65662,73.05654,12.277273,0.26119837,0.25752267,0.14495713,3.082556,2.576082,0.079632446,0.07376533,0.055120595,0.9122809,0.55815595,0.04736674,0.024808342,0.21508858,0.4379276,0.03639706,0.017555857,0.041364223,0.063066736,0.016428374,0.013639452,0.13974419,0.12049044,0.028108533,0.17628062,0.35992554,0.059032977,0.49507377,1.163028,0.31839243,1.630961,1.8228317,0.15654776,0.43036515,0.1853626,0.099230066,0.16267584,0.02206727,0.002264137,1.84E-05,1.14E-06,8.25E-07,6.36E-07,5.13E-07,4.27E-07,3.63E-07,3.14E-07,2.76E-07,2.45E-07,2.19E-07,1.98E-07,1.81E-07,1.66E-07,1.53E-07,1.42E-07,1.33E-07,1.25E-07,1.17E-07,1.11E-07,1.06E-07,1.01E-07,9.74E-08,9.40E-08,9.12E-08,8.89E-08,8.71E-08,8.59E-08,8.51E-08,0.00288241,0.021477886,0.010740854,0.14655884,0.40388882,4.393474,1.0598365,1.4558585,16.612133,8.08995,2.2584732,1.9211775,1.6439345,0.9296901,0.4141804,0.6600567,0.8556682,4.57363,5.894281,2.138994,1.0467304,0.6027942,0.5833878,0.6768015,0.5272868,0.40583974,4.158995,12.599277,1.7292875,0.06850142,0.11592359,0.63247466,0.6599167,0.13167803,0.353544,10.296756,64.30324,19.678501,0.32667017,0.22019085,3.4184537,3.8609564,0.83473116,0.5080123,103.18246,160.65646,146.98782,3.6310756,0.7089567,1.5784862,0.9334372,1.8065336,57.670033,70.272575,9.386955,0.76863784,1.6873157,1.7854471,19.085241,35.583126,17.927347,0.5607025,0.46753484,0.22787096,2.5215957,1.9636476,0.11197941,0.13557003,0.08343022,1.0167196,0.5898517,0.09391977,0.027919434,0.22186634,0.26217833,0.05744485,0.022654548,0.041431025,0.045610793,0.026298687,0.010673783,0.09007028,0.11921709,0.026092792,0.11501952,0.32412913,0.072129436,0.40504307,0.895378,0.28729546,1.2638407,1.4977165,0.23186307,0.3331814,0.17118922,0.07958255,0.1080659,0.028705116,0.002783063,2.81E-05,1.39E-05,1.00E-05,7.72E-06,6.22E-06,5.18E-06,4.40E-06,3.80E-06,3.34E-06,2.97E-06,2.66E-06,2.41E-06,2.19E-06,2.01E-06,1.86E-06,1.72E-06,1.61E-06,1.51E-06,1.42E-06,1.35E-06,1.29E-06,1.23E-06,1.18E-06,1.14E-06,1.11E-06,1.08E-06,1.06E-06,1.04E-06,1.03E-06,0.1387445,0.9766221,0.2578716,0.058780864,0.4666769,0.18799692,0.08702204,0.2794128,0.08150688,0.30492264,0.13529982,0.032005966,0.087818936,0.12376147,0.19725658,0.107145,0.23401189,0.11096287,0.08320499,0.12665595,0.0636311,0.1723172,0.09592061,0.0750184,21.36631131,19.00247532,21.71763045,26.70998499,22.84555126,75.89082592,18.64978688,3.957415852,3.88425438,3.460066671,3.734171972,2.985933495,9.103848586,2.707069812,hyperkinetic dysphonia
voice139.wav,10.084139,0.1608928,0.110525246,0.019045202,-216.20137,191.76187,-115.1541,29.479616,-10.83511,-16.651676,24.333965,-39.35378,1.6078904,3.4432657,-31.931448,-2.1411183,-17.634113,56.62799,26.018732,18.053991,11.880956,4.7376857,5.2432456,6.957663,6.0668483,3.3925827,3.4842145,6.377921,4.47017,6.160091,0.005923894,0.013274268,0.012630815,0.3177251,0.35484996,0.35986373,0.8106092,8.470744,70.08345,7.409399,0.38119242,0.73883986,0.5707731,0.80037457,0.29263425,0.37905395,7.259764,57.13297,9.968863,0.17037323,0.20330119,0.06605394,0.07764454,0.09679029,0.18614024,17.397018,101.75249,25.40543,0.6600649,0.073455356,0.11159428,0.14419952,0.17793864,0.913028,28.563135,108.57016,29.988186,2.1044834,0.098280296,0.1302673,0.18372948,0.19469611,1.791077,45.39041,111.303505,15.779395,0.85626364,0.16106015,0.24339633,0.27201924,2.3723705,26.381636,25.784317,3.1255665,0.20399933,0.10175819,0.58167756,20.980906,49.01592,11.023049,1.6043936,0.084971726,0.7651565,4.216188,2.1331882,0.19568832,0.03698725,0.18185595,1.040877,0.44316214,0.11247713,0.035665877,0.2581378,0.32346058,0.11471156,0.041507807,0.13943617,0.13867392,0.062591515,0.042764746,0.15033129,0.089783795,0.03047191,0.13716485,0.19913512,0.14255275,0.23196296,0.17945024,0.03017615,0.07508191,0.06761133,0.02715371,0.03843074,0.020247817,0.020397544,0.022271803,0.011638412,0.006067435,0.000589478,1.57E-06,5.42E-07,4.12E-07,3.29E-07,2.71E-07,2.30E-07,1.98E-07,1.72E-07,1.52E-07,1.36E-07,1.22E-07,1.10E-07,1.01E-07,9.23E-08,8.51E-08,7.89E-08,7.35E-08,6.89E-08,6.48E-08,6.13E-08,5.82E-08,5.56E-08,5.33E-08,5.14E-08,4.98E-08,4.85E-08,4.75E-08,4.68E-08,4.63E-08,0.006741318,0.014753422,0.020451577,0.6706247,0.82007885,0.9661554,1.5332911,7.214269,24.53278,6.3829947,0.5643404,1.0655906,0.96416676,0.7809076,0.4656515,0.7756826,7.458447,27.296015,13.085692,0.4001089,0.7676354,0.11834355,0.12062681,0.20660982,0.408537,19.243885,44.715233,36.96807,2.6386218,0.08706116,0.13255887,0.15359306,0.27791113,3.415525,38.043938,56.52711,37.916798,8.980777,0.13707273,0.19569637,0.28691438,0.46564794,6.207217,45.962288,67.554405,23.563095,3.06009,0.48444182,1.2255347,1.2252935,5.5247197,16.836267,25.326786,8.941123,0.44580376,0.10507559,2.0481515,25.765923,37.329796,24.229813,7.6267724,0.08414089,1.8708428,2.7917469,1.6907675,0.64016885,0.12501976,0.33650392,0.9056563,0.46344495,0.42030102,0.09215046,0.2817777,0.28738526,0.3212679,0.11638045,0.18574223,0.1364474,0.15861978,0.06478716,0.117083244,0.119620085,0.063935176,0.13142136,0.24682717,0.3903441,0.28368732,0.21003762,0.051128734,0.07554851,0.06523777,0.0399015,0.032412563,0.020280994,0.028237589,0.04005479,0.025316374,0.008462967,0.00096411,9.98E-06,6.58E-06,4.99E-06,3.99E-06,3.29E-06,2.79E-06,2.40E-06,2.09E-06,1.85E-06,1.65E-06,1.48E-06,1.34E-06,1.22E-06,1.12E-06,1.03E-06,9.57E-07,8.92E-07,8.35E-07,7.86E-07,7.43E-07,7.06E-07,6.74E-07,6.47E-07,6.24E-07,6.04E-07,5.88E-07,5.76E-07,5.67E-07,5.61E-07,0.6348783,0.05886265,0.175167,0.71465194,0.15376759,0.2358742,0.348439,0.3120506,0.9314742,0.1792233,0.025532618,0.29003912,0.27811226,0.048108626,0.12038786,0.17296383,0.17969872,0.16143025,0.19919182,0.20334707,0.14560053,0.17602769,0.033485584,0.22737941,22.58214356,21.27938481,27.07614677,26.34195888,23.63639418,69.93406253,17.52869562,4.168559035,3.466129924,4.16438561,3.544438357,2.7522553,8.502015515,2.536025685,healthy 
voice140.wav,15.435877,0.24540168,0.075254299,0.018247193,-137.14264,204.5738,-117.704544,13.5126915,-28.979624,-26.92615,27.232773,-34.995674,-3.2945318,9.755319,-19.562582,-11.966154,-26.528444,58.207596,26.321707,17.98344,6.5714746,5.893172,6.910968,5.459688,7.040217,3.0073807,4.3730116,4.989685,4.4049444,5.5604377,0.014122453,0.022513974,0.043643422,0.069532044,0.15343063,121.86189,573.986,13.142165,0.5218606,10.628792,4.426181,0.69936246,60.106583,130.635,2.880034,0.17242077,0.81395304,0.29658192,0.87573355,79.58701,95.85657,2.0444894,2.0022418,7.9486485,2.457506,5.5168967,172.62654,111.31124,3.5525358,10.761287,21.05281,6.707662,21.487514,143.72455,92.67143,7.5563188,27.65118,31.561556,4.55077,16.133516,52.8878,19.033827,1.3712461,4.6308146,3.5431483,1.5407435,16.167053,15.070653,2.0567472,5.9864635,6.378454,9.937774,32.81397,15.164167,10.023221,9.63328,6.910324,11.55852,2.717666,1.2880754,0.7029912,1.5940882,0.87464076,0.47065797,0.45857218,1.102624,0.64488107,0.22752747,0.2357273,0.30134726,0.10535773,0.12680823,0.26353627,0.17115268,0.068812355,0.15079895,0.1698379,0.1879351,0.35816282,0.6779611,1.3384362,2.0199394,1.261589,0.69537026,0.34894958,0.17723732,0.1429945,0.11670736,0.1362936,0.08353491,0.042792704,0.03059762,0.016715517,0.028417591,0.0533892,0.073416434,0.07126183,0.034090772,0.002634852,8.29E-06,1.76E-06,1.47E-06,1.25E-06,1.08E-06,9.47E-07,8.38E-07,7.48E-07,6.74E-07,6.11E-07,5.57E-07,5.11E-07,4.70E-07,4.36E-07,4.05E-07,3.78E-07,3.55E-07,3.34E-07,3.16E-07,3.00E-07,2.87E-07,2.74E-07,2.64E-07,2.55E-07,2.48E-07,2.42E-07,2.37E-07,2.34E-07,2.31E-07,0.15598227,0.16935113,0.19920054,0.32482436,0.6429912,43.767128,194.29892,10.277707,0.721767,8.370325,2.4443648,1.0079869,28.62449,64.84569,4.0019655,0.13308443,0.51117164,0.2393155,2.0406194,38.483257,62.267826,3.8050048,1.8970733,4.7611227,2.7649543,8.259415,106.54648,80.42604,4.259362,13.438266,18.696959,6.3583736,37.137997,94.89841,119.60641,10.86064,33.72315,32.344448,4.722569,21.226654,27.814459,20.490908,1.5297151,3.8186007,2.6543484,2.103982,11.97326,12.257819,2.2714753,5.110181,6.1883817,11.850345,19.885809,18.438526,8.807991,8.417851,7.9829497,16.201086,3.83567,1.3330832,0.56900483,1.3393663,0.8117788,0.36682945,0.41132978,0.851987,0.6034859,0.16304077,0.16853195,0.24099465,0.081135266,0.14220053,0.16383786,0.1427969,0.042409986,0.10317977,0.12369446,0.124729514,0.28730598,0.5060772,0.8910629,1.6247714,0.6597193,0.39428145,0.21741764,0.100905426,0.07591057,0.09528653,0.095732376,0.04909304,0.02903792,0.025593035,0.014067749,0.021448918,0.031369988,0.03420517,0.036145188,0.023172103,0.001781642,2.82E-05,2.14E-05,1.78E-05,1.51E-05,1.31E-05,1.15E-05,1.02E-05,9.08E-06,8.18E-06,7.41E-06,6.75E-06,6.19E-06,5.70E-06,5.28E-06,4.91E-06,4.59E-06,4.30E-06,4.05E-06,3.84E-06,3.64E-06,3.48E-06,3.33E-06,3.20E-06,3.10E-06,3.00E-06,2.93E-06,2.87E-06,2.83E-06,2.81E-06,0.09569167,0.05505994,0.08720119,0.3276877,0.9840762,0.3478304,0.12759349,0.15537882,0.32985616,0.14867035,0.16221398,0.35393366,0.09425568,0.08127778,0.07818705,0.14361186,0.084283456,0.12581459,0.11516339,0.17937897,0.18330458,0.14828321,0.14012899,0.12446037,36.86602006,23.20467486,24.37443642,21.81471769,18.72337965,69.57138494,18.4591515,5.05488207,3.711606481,3.864506809,2.548530272,2.255229224,8.544379709,2.632128682,hypokinetic dysphonia
voice141.wav,69.10686,0.023067245,0.115879955,0.064771041,-357.79593,160.17935,-59.007668,57.176605,-4.248839,-15.286952,22.481733,-29.701107,2.347454,0.12874813,-20.087969,7.6844907,-14.222805,94.96104,39.885696,33.60239,22.083073,11.947442,13.864163,11.546797,11.107207,6.9274583,5.5627685,7.605789,6.4723225,6.252201,0.002292634,0.028274532,0.06018014,0.2067729,0.6581624,0.4258201,0.32160264,0.49227312,1.9792681,2.3219469,1.0662533,0.80059195,0.36433432,0.37739283,0.4544235,0.5133583,0.7654762,0.49052587,0.25865582,0.287053,0.24829045,0.30763254,0.33436248,0.6956796,0.7544352,0.48972633,0.17764859,0.15578023,0.16877429,0.105469696,0.08408217,0.11405178,0.18623586,0.15164006,0.103024535,0.12331968,0.19488084,0.1694047,0.19073404,0.065719716,0.049382925,0.051847797,0.048697922,0.04482643,0.024027769,0.045022815,0.06079236,0.083069876,0.09351231,0.10757667,0.069437355,0.043144096,0.029701933,0.024774658,0.028410668,0.028496407,0.028427698,0.022908198,0.03021136,0.021847527,0.022965241,0.049404707,0.072533265,0.11453183,0.09482173,0.042561337,0.039200924,0.01788773,0.033944458,0.06286513,0.14641112,0.2612956,0.30529615,0.4591903,0.509288,0.63720137,0.81941056,1.4573272,0.9614741,0.71811,0.5020066,0.6902191,0.5398866,0.52985567,1.0956161,1.4920706,1.2653372,1.9606686,1.4658376,0.5773886,0.23157983,0.19616443,0.19872797,0.2592367,0.11723078,0.06356415,0.043978143,0.023187881,0.002633612,4.84E-06,3.74E-10,2.63E-10,2.01E-10,1.61E-10,1.33E-10,1.12E-10,9.55E-11,8.31E-11,7.30E-11,6.48E-11,5.80E-11,5.24E-11,4.76E-11,4.36E-11,4.01E-11,3.71E-11,3.46E-11,3.24E-11,3.05E-11,2.89E-11,2.74E-11,2.62E-11,2.52E-11,2.44E-11,2.37E-11,2.32E-11,2.28E-11,2.25E-11,0.001551687,0.045663986,0.1116583,0.27852744,1.1266302,0.8450431,0.38332075,1.1867018,4.423096,4.003008,2.489149,1.3109905,0.56589675,0.7448509,1.2749496,1.8125494,1.7276709,1.1200005,0.5232371,0.63569564,0.5861176,0.86550057,1.61633,3.4665928,3.9003563,3.0438948,0.7161153,0.5750796,0.7000818,0.49453783,0.46997014,0.48418385,0.965092,0.7958706,0.56026316,0.59732246,0.9821826,0.8714043,1.2428881,0.29331928,0.16946487,0.22131091,0.20942476,0.16926396,0.078403346,0.19479354,0.24480864,0.37277585,0.41563487,0.48939738,0.2934293,0.1520608,0.090548374,0.06677188,0.07045352,0.06523689,0.067849174,0.0545786,0.079391986,0.0507548,0.06110439,0.17839628,0.29626083,0.5037354,0.45037377,0.17612875,0.19558844,0.06177353,0.13314384,0.29259914,0.69997513,1.3948615,1.4378374,2.2522604,2.4352639,3.191232,3.819677,8.331532,4.59634,3.667856,2.50117,3.6308856,2.647362,2.5053477,5.928273,7.4929147,6.9440866,10.618464,7.506637,3.1298573,1.1897691,1.1935478,1.2284029,1.8664806,0.7900471,0.38543373,0.22942683,0.1122861,0.014092592,2.34E-05,4.36E-09,3.16E-09,2.43E-09,1.94E-09,1.61E-09,1.35E-09,1.16E-09,1.01E-09,8.85E-10,7.85E-10,7.03E-10,6.35E-10,5.77E-10,5.28E-10,4.86E-10,4.50E-10,4.19E-10,3.93E-10,3.70E-10,3.50E-10,3.33E-10,3.18E-10,3.06E-10,2.96E-10,2.87E-10,2.81E-10,2.76E-10,2.73E-10,0.44262233,0.42259353,0.4961595,0.46496537,0.4269566,0.43348125,0.4574294,0.48590913,0.5301643,0.5626203,0.5723035,0.46859485,0.2609246,0.22893132,0.2816707,0.2852957,0.26579517,0.26730996,0.32538226,0.2753336,0.2845595,0.27474102,0.29161873,0.25914463,20.86845223,13.2667305,15.60812914,14.37757614,15.10547512,69.03685813,13.53744527,4.185764422,3.553917396,4.142228609,2.15877961,2.135544576,9.496934359,1.752722993,hypokinetic dysphonia
voice142.wav,9.488849,0.16392535,0.076061931,0.021543467,-189.98174,171.08022,-121.50082,25.0835,1.0970618,-10.54927,23.670969,-30.991049,-7.627451,-11.897547,-27.028954,0.01532969,-19.57865,52.614754,22.119934,19.870304,7.206304,5.3497357,6.3455663,6.689594,6.071838,3.5388713,4.444241,4.281572,3.9164376,5.4047813,0.032739162,0.03264616,0.0431144,0.202476,0.19112347,0.27456123,0.37745577,6.894623,396.3282,165.70155,0.61601233,0.3452947,0.5925531,0.41663998,0.25668517,0.15435597,0.19769618,13.509928,29.262094,2.3124046,0.07712501,0.0987614,0.060385395,0.044595964,0.049445707,0.067955144,3.575922,20.40895,10.222012,0.3593667,0.106526025,0.07611753,0.07098456,0.08817767,0.20992471,2.6622355,24.14878,26.87043,3.0760212,0.4020052,0.53731793,0.7176398,0.7811914,1.2086269,18.130623,61.105907,45.932293,9.953319,0.7273505,0.5530741,0.50254583,0.8961167,4.9716306,9.242089,4.8646717,1.054362,0.49935904,0.7620668,1.2818668,4.906442,7.697612,1.9508332,0.5032911,0.5051693,0.46619627,0.8712777,1.2532761,0.34663117,0.2710483,0.45597795,0.76052046,0.36152613,0.115847774,0.14678355,0.22369996,0.19633706,0.13133393,0.17556915,0.1801425,0.18005987,0.16987458,0.15193234,0.11496003,0.084471084,0.058971077,0.046281416,0.05409554,0.0451264,0.037589036,0.027974378,0.024251353,0.022677934,0.01986358,0.021194723,0.019830212,0.024690052,0.03191209,0.019577313,0.001317041,6.60E-06,2.95E-06,2.22E-06,1.77E-06,1.46E-06,1.24E-06,1.07E-06,9.34E-07,8.27E-07,7.39E-07,6.65E-07,6.04E-07,5.52E-07,5.08E-07,4.70E-07,4.37E-07,4.08E-07,3.84E-07,3.62E-07,3.43E-07,3.27E-07,3.13E-07,3.01E-07,2.91E-07,2.82E-07,2.75E-07,2.69E-07,2.66E-07,2.63E-07,0.2615278,0.24431314,0.2875436,0.29949927,0.49330273,1.0928752,1.6568139,17.757904,181.42638,85.54676,1.1050154,0.55565107,0.31285465,0.3235767,0.27613434,0.15933503,0.34375462,7.880988,23.708138,4.7150946,0.053399485,0.06978239,0.049229506,0.034168128,0.043806676,0.092371665,2.830842,14.538785,16.990297,0.87083083,0.08421281,0.053362798,0.049354095,0.07964992,0.45032212,3.5030932,26.756475,29.12546,6.6589622,0.33082294,0.48468482,0.53426033,0.5499766,2.1184502,24.9588,52.548584,46.463898,24.89024,0.76082695,0.4054954,0.27985924,0.7774132,5.521154,7.7523823,7.451568,2.2159264,0.29741663,0.4560868,1.0984101,4.150501,10.978827,3.943004,0.43958887,0.32316184,0.23107612,0.9130163,2.4937696,0.53041726,0.19868919,0.34030068,0.70480716,0.4888864,0.06469634,0.08203189,0.19266021,0.19013311,0.08270429,0.11946502,0.10401929,0.15734336,0.11915106,0.09279364,0.112892464,0.08399396,0.05426226,0.039172582,0.04263738,0.027866118,0.017878179,0.016148139,0.014267009,0.014962311,0.011634185,0.012571343,0.011424068,0.012660004,0.017109465,0.011491189,0.00075153,4.72E-05,2.98E-05,2.25E-05,1.79E-05,1.48E-05,1.25E-05,1.08E-05,9.42E-06,8.34E-06,7.45E-06,6.71E-06,6.09E-06,5.57E-06,5.12E-06,4.74E-06,4.41E-06,4.12E-06,3.87E-06,3.65E-06,3.46E-06,3.30E-06,3.15E-06,3.03E-06,2.93E-06,2.84E-06,2.77E-06,2.72E-06,2.68E-06,2.65E-06,0.09522729,0.39631554,0.1413038,0.037797604,0.16102125,0.11545474,0.04020663,0.10094527,0.274081,0.9505365,0.48052594,0.05234365,0.08587324,0.18127164,0.15381072,0.083983935,0.13293056,0.14344183,0.100058824,0.14357634,0.2100768,0.12546997,0.30457184,0.09028428,20.07661681,25.40143173,24.05668319,22.55504571,17.712705,69.65453526,18.52141569,3.676433955,4.0372215,3.816601299,2.72495707,1.949654833,9.141841094,2.87494745,hypokinetic dysphonia
voice143.wav,17.062155,0.23007402,0.096063601,0.026727352,-155.4137,176.45503,-128.3235,16.246845,-9.843365,0.998932,24.337454,-45.7557,9.004693,-1.096868,-35.011635,6.0751395,-22.212374,55.1682,24.233627,18.32773,7.6330886,4.658862,4.8743234,5.482842,7.156975,3.4352958,3.2898383,5.7941833,3.4124038,4.609323,0.002218039,0.00998365,0.022313533,0.13751528,0.17142412,0.27414474,92.21314,421.36987,22.217361,0.30081177,0.5103505,1.2200965,0.934408,0.9513558,32.03681,43.736485,4.557706,0.11085518,0.2737094,0.574673,0.7055758,8.256794,32.12701,21.383297,4.1798654,0.22226618,0.47724688,0.59001917,3.4423606,28.643034,46.755524,21.378355,5.5072026,1.1961781,1.4900377,1.5071436,8.318777,42.609573,96.10855,64.678444,19.701366,5.6440783,2.3099792,7.325256,39.997112,68.12938,74.97791,46.297398,11.587047,2.9379394,6.9589744,34.18056,49.77354,51.98672,17.352823,4.9880085,24.878729,47.078068,41.64238,23.795267,7.760965,8.016919,10.615666,9.239963,2.6130474,0.8623355,1.7168489,1.6525142,0.8008842,0.43873006,0.35048622,0.43293536,0.324763,0.12995985,0.20344006,0.27640638,0.15099138,0.16391274,0.11068317,0.0925878,0.08813632,0.09523489,0.08645737,0.04530265,0.04911545,0.06343544,0.077399656,0.33353147,0.53400666,0.76319313,0.8342061,0.30581892,0.26281872,0.19933665,0.21446793,0.15603295,0.0768566,0.036764227,0.002730439,8.09E-06,2.61E-07,1.92E-07,1.52E-07,1.25E-07,1.06E-07,9.19E-08,8.05E-08,7.15E-08,6.40E-08,5.78E-08,5.26E-08,4.81E-08,4.43E-08,4.11E-08,3.82E-08,3.58E-08,3.36E-08,3.18E-08,3.01E-08,2.87E-08,2.75E-08,2.65E-08,2.56E-08,2.48E-08,2.42E-08,2.37E-08,2.34E-08,2.32E-08,0.010989134,0.013851434,0.033988617,0.30777553,0.12808047,0.25914246,58.10683,262.51328,28.797087,0.23179622,0.48790514,4.173572,3.034048,2.983025,27.905836,25.158604,9.892071,0.2237586,0.76097965,1.6859324,2.4758997,20.04755,30.762506,19.214417,10.975872,0.6259766,1.576794,1.2773849,10.68052,45.211636,43.86664,23.1478,12.112904,3.5563345,5.2474003,2.9353077,21.327274,46.811638,107.22583,72.46937,57.626045,17.141472,6.514455,25.426924,67.23961,69.34694,80.85243,73.79233,33.972073,6.955351,13.461943,38.455746,52.1226,71.231865,48.284454,10.799211,47.112034,50.59186,39.6745,36.29736,18.495895,11.422277,9.912911,11.30973,3.5772038,1.409782,1.7981389,1.7268546,1.0352308,0.79557335,0.36824867,0.56856084,0.4216131,0.1756035,0.20091048,0.36604217,0.1642475,0.1548328,0.14582214,0.1051667,0.11056462,0.101040274,0.10464449,0.08515665,0.07259926,0.0890217,0.076227196,0.41775972,0.65696883,0.60988295,0.7505891,0.25980422,0.18528737,0.18031734,0.15530413,0.13315248,0.058234673,0.03205597,0.003281761,1.07E-05,3.16E-06,2.33E-06,1.84E-06,1.52E-06,1.29E-06,1.11E-06,9.76E-07,8.67E-07,7.76E-07,7.01E-07,6.38E-07,5.84E-07,5.38E-07,4.98E-07,4.64E-07,4.34E-07,4.08E-07,3.85E-07,3.66E-07,3.48E-07,3.33E-07,3.21E-07,3.10E-07,3.01E-07,2.93E-07,2.88E-07,2.84E-07,2.81E-07,0.13917282,0.46664912,0.34095898,0.13719809,0.3194776,0.3015472,0.8037994,0.60525936,0.1786161,0.1426835,0.38593605,0.20747058,0.1988598,0.18529546,0.26875296,0.13742092,0.119871005,0.18547064,0.25192255,0.354288,0.1657346,0.14560463,0.24170987,0.18033138,37.04945002,22.58996915,25.41935281,23.2742186,23.67777306,73.52684723,18.29238506,4.418242694,3.817340013,4.397720349,3.209015286,2.593375037,8.146516918,2.651461319,hyperkinetic dysphonia
voice144.wav,6.2591887,0.2281414,0.045960702,0.012544975,-201.27954,138.62836,-97.77925,33.1014,2.0055308,3.6852012,23.911886,-50.093365,-0.003123955,2.77176,-44.472027,-1.2801172,-15.383143,47.65801,20.6123,17.126991,7.656767,5.4489164,3.9118521,6.294678,7.6368427,5.176671,3.3384655,6.9862256,3.0115035,3.5904908,0.008260543,0.029068751,0.020522205,0.42241204,1.1650112,0.27010718,0.31260917,0.2935876,0.38642585,1.2451612,11.035583,1192.7208,460.42178,1.770491,0.43190822,0.22570921,0.16768913,0.14165452,0.0849559,0.12948969,0.04401928,0.05102421,0.10352802,6.7423224,9.967907,0.61839795,0.04497426,0.03979257,0.03252395,0.034002233,0.030774549,0.030746652,0.02851431,0.025929198,0.07142065,4.2937694,16.028433,4.2594624,0.23650174,0.13883239,0.07813787,0.08222526,0.07928158,0.098168775,0.09382496,0.10444993,1.6643957,31.350513,33.697796,3.2719808,0.2905573,0.26153937,0.23435739,0.3307188,0.31948364,0.43088531,7.232123,12.844153,2.2833712,0.6600826,0.5743572,0.49598357,0.43673265,0.5699458,1.81471,0.64837,0.13612688,0.08581818,0.082462005,0.06492018,0.14090668,0.13925065,0.031590212,0.017112114,0.01342806,0.014251716,0.029249934,0.024109846,0.02090547,0.02567597,0.030081486,0.034801554,0.035457168,0.041795865,0.058080904,0.09654077,0.17174734,0.26702818,0.45028657,0.75766474,0.8857881,0.48256677,0.30221823,0.21870263,0.086143866,0.02204375,0.007914248,0.002499049,0.000170325,2.78E-06,1.70E-06,1.30E-06,1.05E-06,8.68E-07,7.38E-07,6.37E-07,5.56E-07,4.92E-07,4.39E-07,3.95E-07,3.58E-07,3.26E-07,2.99E-07,2.76E-07,2.56E-07,2.39E-07,2.23E-07,2.10E-07,1.99E-07,1.89E-07,1.80E-07,1.73E-07,1.67E-07,1.62E-07,1.57E-07,1.54E-07,1.52E-07,1.50E-07,0.061113756,0.18363643,0.13258308,0.77105695,1.7483076,0.6003855,0.76462644,0.7947831,2.2265506,2.7880604,31.690397,572.9566,182.65173,7.0424404,1.8967606,1.5796424,0.5679624,0.7064194,0.3059831,0.5055078,0.19179727,0.25630358,0.21156557,3.5302546,6.1575656,1.1221551,0.09314928,0.1172625,0.113836996,0.117239624,0.100789666,0.06291815,0.065146334,0.056043882,0.09671389,3.0789015,8.7014265,6.374855,0.34048286,0.1331238,0.0699784,0.06926603,0.05739651,0.10412345,0.10302536,0.17440301,2.7307253,17.721197,19.3819,5.9230747,0.23665425,0.20305145,0.24978136,0.28512445,0.21812566,0.32648888,5.701671,6.9377794,2.8511467,0.36604676,0.36476937,0.32015142,0.24825974,0.7414795,2.0652015,0.48735073,0.08397146,0.04581,0.042979676,0.03585307,0.12679915,0.100260526,0.020567257,0.011702469,0.010297441,0.010181393,0.019256705,0.015950754,0.012469241,0.014688979,0.017674804,0.020409644,0.019236173,0.019117694,0.027263451,0.045776565,0.0866403,0.124962546,0.19420181,0.47258952,0.86383766,0.45192355,0.24945515,0.17090762,0.07774346,0.015793072,0.005160738,0.002302304,0.000329558,3.16E-05,2.06E-05,1.58E-05,1.27E-05,1.05E-05,8.95E-06,7.72E-06,6.74E-06,5.97E-06,5.32E-06,4.79E-06,4.34E-06,3.95E-06,3.63E-06,3.35E-06,3.10E-06,2.89E-06,2.71E-06,2.55E-06,2.41E-06,2.29E-06,2.19E-06,2.10E-06,2.02E-06,1.96E-06,1.91E-06,1.87E-06,1.84E-06,1.82E-06,0.019396173,0.2918357,0.99246454,0.23465283,0.019897126,0.02718953,0.048947867,0.02804117,0.028946646,0.044311527,0.01938939,0.014554091,0.08313952,0.13221486,0.05952436,0.15680453,0.08616353,0.109266266,0.119742095,0.11828605,0.12009422,0.087032825,0.07179297,0.087724715,21.16723723,28.56788254,24.4902878,23.46572999,19.3383501,73.66060214,20.44723883,4.272295198,4.588750871,3.781062563,2.434237824,2.17971198,9.100396475,2.920627767,hypokinetic dysphonia
voice145.wav,21.72553,0.054449555,0.071121933,0.023309535,-267.94186,177.5928,-52.847755,38.80594,-4.8529453,-13.441651,15.857338,-28.685747,0.43694413,-3.7684531,-23.495058,2.1977124,-16.441544,69.85976,32.26486,28.72156,14.459138,9.906365,8.960239,7.131807,10.718396,7.259831,6.064087,6.7967715,6.52212,4.3418374,0.16129164,1.0183158,2.5984182,5.569848,6.997925,28.355309,16.126171,6.2390814,6.5647902,8.78556,4.527727,18.779125,32.704998,3.6133595,1.7585244,1.8212677,1.1399685,3.7603054,6.750307,2.1924818,0.74829817,0.538986,0.55006135,0.71794087,3.1987076,3.7784796,0.55713236,0.43151712,0.4206864,0.39435357,0.7264589,1.1800336,0.4425533,0.22457536,0.18031918,0.22298944,0.5184691,1.549659,0.6924996,0.1325097,0.1217731,0.17040883,0.29794648,0.9170231,0.8530821,0.22159751,0.1767428,0.30294964,0.5204067,0.7976183,0.3296388,0.14978774,0.16724704,0.42252114,0.8170128,0.43895736,0.39265198,0.72435415,1.5011934,0.8524377,0.2852041,0.32158205,0.44272006,0.2337415,0.14597127,0.18817997,0.14396195,0.07555338,0.10372545,0.058352143,0.04036054,0.051161487,0.046278715,0.029954148,0.03540908,0.041603904,0.04082864,0.04184479,0.02992577,0.025869802,0.01841861,0.017789347,0.01301156,0.011706667,0.013625558,0.013118031,0.013148533,0.020739794,0.03863207,0.0483299,0.027629888,0.021605724,0.019624095,0.016147602,0.013622547,0.012082962,0.010598539,0.004888882,0.000383097,1.09E-06,2.19E-08,1.63E-08,1.29E-08,1.06E-08,8.96E-09,7.71E-09,6.72E-09,5.95E-09,5.31E-09,4.77E-09,4.33E-09,3.95E-09,3.63E-09,3.36E-09,3.12E-09,2.91E-09,2.73E-09,2.57E-09,2.44E-09,2.32E-09,2.22E-09,2.13E-09,2.06E-09,1.99E-09,1.94E-09,1.90E-09,1.88E-09,1.86E-09,0.7502409,4.7764373,12.6046715,28.806198,23.711784,61.952785,37.02423,24.63156,21.063549,31.316763,10.801365,40.047577,79.51242,11.922507,6.922736,9.309152,3.87456,9.2024555,14.319427,3.8805902,2.1463091,1.4666843,1.3708584,2.312526,8.239814,12.244733,1.506269,1.1622505,0.87793976,1.0281245,1.4996122,2.896073,1.4042386,0.6220609,0.38074413,0.5089844,1.3559761,4.209796,1.9729261,0.22836182,0.2602958,0.54751563,1.0541724,2.9833884,3.1419985,0.6191618,0.4640374,1.2191302,1.588587,2.3943167,1.3019446,0.3427875,0.4656912,1.155509,2.1472843,1.440006,1.2865741,2.413307,5.232428,4.42339,0.8312991,0.8429607,1.1793085,0.6536663,0.35924724,0.4909858,0.38804618,0.16568291,0.36047116,0.1395292,0.089622796,0.16684434,0.16150104,0.073106006,0.10223081,0.12181044,0.09804851,0.114295006,0.068838626,0.096835345,0.05550596,0.051713344,0.026426889,0.024535421,0.030211685,0.027561653,0.024391394,0.052692585,0.10301725,0.1326185,0.06941437,0.04053759,0.040465537,0.03446978,0.02527426,0.021723349,0.02080298,0.009589573,0.000784545,2.34E-06,2.66E-07,1.98E-07,1.56E-07,1.28E-07,1.09E-07,9.35E-08,8.15E-08,7.21E-08,6.44E-08,5.79E-08,5.25E-08,4.80E-08,4.41E-08,4.07E-08,3.78E-08,3.53E-08,3.31E-08,3.12E-08,2.96E-08,2.81E-08,2.69E-08,2.58E-08,2.49E-08,2.42E-08,2.36E-08,2.31E-08,2.27E-08,2.25E-08,0.36630398,0.42521366,0.5496216,0.41870925,0.34622338,0.30830607,0.2895838,0.37540662,0.48762497,0.5332091,0.5759755,0.45678034,0.24250194,0.2705164,0.33090636,0.24997452,0.25772956,0.24310191,0.2080334,0.26791683,0.28641626,0.27492237,0.35637152,0.3131037,24.30159363,15.07258628,16.26086161,15.52914859,16.33416234,66.14605549,12.56209941,6.801176761,4.855459995,4.340395107,2.821291877,2.912574325,8.808971775,2.858236731,hyperkinetic dysphonia
voice146.wav,16.266039,0.27510232,0.102619904,0.018850877,-150.46614,177.17447,-110.940346,5.930196,-49.52183,-7.2933245,32.96707,-38.804688,0.99352515,-6.795758,-7.478817,0.12512907,-39.839897,53.63282,22.546923,18.846067,9.221486,10.634765,6.43867,5.8340025,7.3582153,3.8877256,3.7018826,4.540775,3.2466912,6.206499,0.005415497,0.016716171,0.017570104,0.14008722,0.13258395,0.17135027,0.25802234,3.1633482,422.85275,461.12402,4.159099,0.2922736,0.20655876,0.23796035,0.1972427,0.14049949,0.20910929,23.920242,139.33914,27.36535,0.8769697,0.2845754,0.25633174,0.32516032,0.6031189,0.7410713,34.51247,235.73103,237.08087,44.75521,9.846695,2.6538968,2.4905512,2.8545766,2.4098563,19.59816,106.02632,184.32544,81.51862,10.146701,4.4026284,1.8656125,1.2514346,1.7625695,7.546104,55.19105,114.287315,76.281525,30.50682,10.793747,7.815404,10.701525,23.405022,31.11603,21.540556,3.6822057,0.57678705,0.27580833,0.48139635,1.6269447,2.5377603,0.7805963,0.14081344,0.07551922,0.11966656,0.21746518,0.15189782,0.055953905,0.03939811,0.09852885,0.16863607,0.12991303,0.039478194,0.053374853,0.17718361,0.23192066,0.091980875,0.12697364,0.3114876,0.41725945,0.16922922,0.3678246,0.8436241,1.0567452,0.5876099,0.32459992,0.11120909,0.022080218,0.010633839,0.006567748,0.007469637,0.024059314,0.06073545,0.16273585,0.720404,2.3420613,5.9050455,3.880535,0.29523787,0.000395738,4.56E-06,2.86E-06,1.98E-06,1.46E-06,1.12E-06,8.79E-07,7.04E-07,5.75E-07,4.74E-07,3.95E-07,3.32E-07,2.81E-07,2.40E-07,2.06E-07,1.77E-07,1.53E-07,1.34E-07,1.17E-07,1.03E-07,9.09E-08,8.08E-08,7.25E-08,6.56E-08,5.99E-08,5.54E-08,5.19E-08,4.94E-08,4.79E-08,0.03192208,0.0521916,0.039498348,0.31854254,0.23154193,0.23084989,0.3725506,4.206983,176.18726,263.90887,6.88539,0.6640846,0.32582605,0.3864247,0.2849528,0.28477865,0.7289385,21.051077,72.79941,25.961632,3.6085222,0.48638192,0.3533396,0.36794683,0.5947116,0.54518664,64.9271,150.78058,194.7666,106.13408,53.166992,4.200762,1.8187275,2.516485,1.9965081,57.592953,128.05739,126.41592,98.413246,24.891893,17.589687,2.3902376,1.1409463,1.9489918,15.186135,80.6709,130.17632,117.00554,105.40739,27.846441,10.80494,9.16787,40.33145,37.05835,25.848455,6.406014,0.83227694,0.20555826,0.9743364,2.667947,3.0830524,1.0944033,0.27882224,0.06541104,0.15652926,0.17690833,0.12198952,0.07641963,0.061741963,0.1499586,0.17463748,0.14341274,0.033581037,0.05165761,0.2533419,0.29070774,0.09470019,0.15938449,0.36476517,0.50204295,0.11671535,0.62247187,0.90485287,1.2060182,0.49019513,0.32420057,0.090071104,0.018013403,0.009528096,0.00501356,0.007173153,0.018763367,0.042324208,0.16079743,0.4509286,1.5389158,4.1750474,2.2682505,0.22308531,0.000310873,4.61E-05,2.89E-05,2.00E-05,1.47E-05,1.13E-05,8.87E-06,7.11E-06,5.80E-06,4.78E-06,3.99E-06,3.35E-06,2.84E-06,2.42E-06,2.08E-06,1.79E-06,1.55E-06,1.35E-06,1.18E-06,1.04E-06,9.17E-07,8.16E-07,7.32E-07,6.62E-07,6.04E-07,5.59E-07,5.24E-07,4.99E-07,4.84E-07,0.13892123,0.30131754,0.10590225,0.24711561,0.5907295,0.17609684,0.034484573,0.04205036,0.340351,0.9581013,0.3123159,0.033451777,0.18056531,0.26640472,0.16175385,0.24243003,0.22222571,0.21673638,0.09925348,0.1076611,0.23329563,0.12220526,0.18919252,0.066736296,20.5415924,27.12669129,25.31202057,23.44789787,19.67884522,76.62000465,17.95560659,3.261928667,3.923952668,3.933967216,2.855050249,2.365169925,9.075600582,2.576587979,hyperkinetic dysphonia
voice147.wav,11.140747,0.17093886,0.054215604,0.025551035,-181.34325,185.63074,-80.11614,26.684158,-30.529488,-5.373767,33.701763,-46.05797,3.9366226,8.596262,-27.205387,3.356599,-24.805355,75.92283,34.955555,21.053162,8.056767,11.835133,4.7450223,10.808079,10.86367,5.962302,6.488983,5.9013686,5.6536655,5.9109526,0.004989648,0.022395276,0.20996936,0.13093777,8.439792,568.99054,155.64838,1.7684908,4.571381,3.6951864,2.4751322,66.75704,41.388752,1.316618,2.4665892,2.1567595,1.060588,5.291508,6.8402295,1.2061397,1.2345122,2.0910869,1.6809729,12.784319,21.114244,4.6326995,1.9608306,1.8579202,1.868325,8.117369,16.854168,5.4989343,2.6632912,2.59991,3.0835197,9.532646,22.406633,8.317235,1.258191,0.94824094,0.8772706,1.3386538,3.811389,2.7586882,0.9271532,0.95349246,1.0685154,2.5173457,6.226298,4.2856455,2.5515566,2.5545628,4.533777,5.7376537,3.0231106,1.8171797,1.0837804,0.7708892,0.42187127,0.29891115,0.20467249,0.16955636,0.086310774,0.06862959,0.069474354,0.08749295,0.05145417,0.04478589,0.04376679,0.039692502,0.035019577,0.033274136,0.030134227,0.027070602,0.02480572,0.017322727,0.015851166,0.01773727,0.02055926,0.026555749,0.033912104,0.04586372,0.07684434,0.13169836,0.29096848,0.5110285,0.55635744,0.38883582,0.17073072,0.09837043,0.08826447,0.1290727,0.20189339,0.4122659,0.55454725,0.33970094,0.1003574,0.017351499,0.000778023,2.84E-06,1.09E-06,8.29E-07,6.64E-07,5.48E-07,4.64E-07,3.98E-07,3.46E-07,3.05E-07,2.70E-07,2.42E-07,2.18E-07,1.98E-07,1.81E-07,1.66E-07,1.54E-07,1.43E-07,1.33E-07,1.25E-07,1.18E-07,1.12E-07,1.07E-07,1.02E-07,9.82E-08,9.49E-08,9.23E-08,9.03E-08,8.88E-08,8.79E-08,0.026476115,0.052974086,0.36412254,0.2532175,11.90079,247.74397,97.232994,1.7292252,7.128155,6.7876344,3.9853039,49.368942,33.24814,1.4543419,4.114389,3.4069245,1.7481208,5.679762,6.182162,2.8268783,2.2171135,3.4791234,2.70497,17.930874,20.656755,7.4573665,4.1123056,3.7965763,3.9605675,13.333386,18.897438,7.1078143,5.1278296,3.381647,4.1152453,15.776758,22.086483,9.07977,1.7605566,1.0382662,0.98460066,2.318068,6.1438885,4.7612815,1.0044175,0.873796,1.0503687,3.3843732,9.9805,11.099137,3.082754,2.3767262,5.1398044,6.7688017,6.3673797,1.9544561,1.0705059,0.9267783,0.6313621,0.58175856,0.18882468,0.14924887,0.0554926,0.053204007,0.05889719,0.06765529,0.048147805,0.026356233,0.035055928,0.037385207,0.022903256,0.02643,0.03359725,0.026492063,0.028202636,0.018138789,0.01361417,0.016091779,0.015169187,0.022327151,0.035627265,0.045642488,0.10875319,0.22708349,0.2738618,0.4195531,0.45911363,0.46184558,0.14772329,0.07274716,0.06409784,0.09257543,0.15242621,0.3910402,0.48789087,0.29359025,0.082615584,0.016132805,0.000893945,1.95E-05,1.32E-05,1.01E-05,8.06E-06,6.65E-06,5.62E-06,4.83E-06,4.19E-06,3.69E-06,3.28E-06,2.94E-06,2.65E-06,2.40E-06,2.20E-06,2.02E-06,1.87E-06,1.73E-06,1.62E-06,1.52E-06,1.43E-06,1.36E-06,1.29E-06,1.24E-06,1.19E-06,1.15E-06,1.12E-06,1.09E-06,1.08E-06,1.07E-06,0.10756949,0.37650955,0.9225892,0.53749573,0.17965743,0.11971859,0.14566645,0.08217078,0.0885135,0.17816244,0.093280226,0.081155114,0.17442775,0.20113352,0.19799331,0.2405294,0.229927,0.16058603,0.13643004,0.13629426,0.12717389,0.119414635,0.13476168,0.20208098,34.93360788,19.29036121,19.17513968,18.96055747,17.77839968,73.62167293,18.86026421,6.172021264,4.002741476,4.515096228,2.910123018,1.746111573,9.20126245,2.862280839,hyperkinetic dysphonia
voice148.wav,24.743124,0.12790708,0.093425572,0.019981538,-203.81673,198.30746,-101.565506,8.742074,-24.803127,-13.247969,27.802544,-30.098324,-1.0956081,-1.2155752,-16.395348,1.958704,-24.769485,100.05884,43.475864,38.67498,14.780073,14.270272,7.518959,8.923528,11.911115,4.106178,7.3464813,5.447873,3.6085112,8.182913,0.002550727,0.008998212,0.012477105,0.049945638,26.80684,125.756676,17.509586,0.48172545,0.38258716,0.30604136,20.054737,32.43059,13.039355,3.5219533,0.3764584,0.26436934,6.78857,7.4794807,9.804377,3.1234763,0.9796671,0.86334574,5.843702,3.3589666,7.9387045,10.649681,7.573252,9.7094,28.758621,9.121982,13.89131,23.632957,10.023876,14.821043,13.92859,5.177894,8.523662,15.342256,15.515946,36.956463,23.722713,5.4764104,6.2925577,7.7970486,8.487266,17.093706,10.483081,6.667832,6.661244,10.51872,14.188853,7.0887656,6.540366,6.951547,10.990931,5.839805,3.535928,1.8639016,1.285997,0.670474,0.4448871,0.42749247,0.37700182,0.2221936,0.16760439,0.16649726,0.10719621,0.09666869,0.121432096,0.08985382,0.07694491,0.0886976,0.08005394,0.06366596,0.06714122,0.068847425,0.072088026,0.11244916,0.16637228,0.16409025,0.15837482,0.103274435,0.092047505,0.17023061,0.21518718,0.11924763,0.0656289,0.039649997,0.026430037,0.01835046,0.01850842,0.018593397,0.02355468,0.030794706,0.068254046,0.07548688,0.04816484,0.034679662,0.003857478,1.51E-05,3.84E-06,2.90E-06,2.30E-06,1.88E-06,1.58E-06,1.35E-06,1.17E-06,1.02E-06,9.04E-07,8.07E-07,7.26E-07,6.58E-07,6.01E-07,5.51E-07,5.09E-07,4.72E-07,4.40E-07,4.13E-07,3.89E-07,3.69E-07,3.51E-07,3.36E-07,3.23E-07,3.13E-07,3.04E-07,2.97E-07,2.93E-07,2.89E-07,0.010467599,0.017534414,0.031470697,0.11920949,24.745646,80.702896,34.01834,0.5636497,0.36371177,0.25035974,20.487116,25.315508,30.980862,16.084139,0.34804082,0.25325406,6.982868,8.896474,23.618597,7.073838,2.0381796,1.1979451,6.9840446,5.011244,16.171957,21.16877,24.75629,13.992694,32.46027,12.461019,23.722586,65.67621,31.267958,37.12393,16.719172,5.603947,9.5439415,33.280704,32.81287,46.774155,28.461226,5.526891,9.192463,10.162059,15.178601,18.776964,14.131588,7.5428195,8.013682,10.974337,14.220116,7.9762955,7.4649878,8.417254,12.57331,6.421467,3.9611223,2.2191947,1.6276147,0.6655051,0.49240312,0.43957147,0.3843439,0.21918301,0.15100652,0.16499627,0.08708145,0.077654675,0.124197304,0.08804007,0.07487598,0.0824327,0.07144507,0.05845212,0.05984086,0.06559878,0.06740974,0.1190781,0.23206289,0.2277753,0.3298004,0.23700108,0.17020741,0.31528845,0.3958513,0.15495452,0.074891225,0.036011714,0.029680114,0.019615216,0.02518305,0.021919183,0.033084486,0.033526238,0.09092553,0.123150125,0.0677676,0.04203664,0.004322232,7.17E-05,4.66E-05,3.51E-05,2.79E-05,2.28E-05,1.92E-05,1.63E-05,1.41E-05,1.24E-05,1.10E-05,9.79E-06,8.81E-06,7.98E-06,7.28E-06,6.68E-06,6.17E-06,5.72E-06,5.34E-06,5.01E-06,4.72E-06,4.47E-06,4.26E-06,4.08E-06,3.92E-06,3.79E-06,3.69E-06,3.61E-06,3.55E-06,3.51E-06,0.64988357,0.5398684,0.58329266,0.37431836,0.45857668,0.27615607,0.23454627,0.2882115,0.26904452,0.38698626,0.46471307,0.36653304,0.36155796,0.21072845,0.29746842,0.16547753,0.2564482,0.15942185,0.19082065,0.15626103,0.14992753,0.23833562,0.29822183,0.21894969,30.6917189,19.09848,18.22958463,17.60154414,16.72886499,70.46552201,16.77868171,6.899597279,4.179052408,4.126681975,2.648701836,2.004544163,8.942815363,2.364616207,hypokinetic dysphonia
voice149.wav,22.589628,0.22652373,0.128952439,0.029689289,-145.91661,181.76335,-146.45625,16.331884,-16.938562,-32.818413,12.716599,-22.369339,10.626283,1.957144,-7.007147,-8.708035,-42.5522,56.78519,23.289055,21.614555,8.130685,5.37718,6.346941,4.471808,4.2620754,3.8487148,3.4341722,3.3270571,3.2324128,6.63713,0.001971604,0.004193643,0.012310437,0.038513076,0.6372842,35.646744,34.607826,1.8301499,0.27707198,0.17763859,0.28307357,4.049995,12.847744,20.692007,3.6240234,0.16778502,0.27486926,1.6374041,3.3001075,3.7536254,5.3502297,1.7451545,0.7797956,10.1181135,23.274328,43.23832,79.946556,125.57117,81.63448,38.313446,42.93566,71.072975,76.38406,141.24792,124.01575,87.55544,24.985226,15.662322,11.981571,17.613876,22.620716,20.63208,21.978271,3.399717,3.1101859,4.2438526,3.9897609,7.216494,6.1566963,6.7365007,8.807993,11.169842,31.456285,32.14992,42.945156,17.102274,38.212807,43.05871,25.636232,18.254988,6.9252453,4.9444594,2.194451,2.2451918,2.0197563,3.5352206,2.2540317,2.5600734,1.4858631,1.7572253,1.1473964,0.7248315,1.2239928,1.0229447,1.2929403,3.3263407,3.7799401,4.8202605,8.743088,5.6928053,2.1347907,1.199229,0.34524056,0.18454768,0.063337676,0.02984923,0.022078615,0.016213024,0.022058448,0.029979296,0.019917645,0.012132707,0.015356874,0.060073093,0.22482981,0.3305669,0.3391406,0.148421,0.016886016,4.33E-05,2.40E-08,1.96E-08,1.62E-08,1.35E-08,1.15E-08,9.80E-09,8.45E-09,7.36E-09,6.46E-09,5.70E-09,5.07E-09,4.53E-09,4.08E-09,3.69E-09,3.36E-09,3.07E-09,2.82E-09,2.61E-09,2.43E-09,2.27E-09,2.13E-09,2.02E-09,1.92E-09,1.84E-09,1.77E-09,1.72E-09,1.68E-09,1.66E-09,0.016120663,0.01607033,0.017637135,0.043195937,1.6631975,50.55048,19.674017,2.6263008,0.27036598,0.11372485,0.5177558,7.683753,13.343932,18.383017,5.925584,0.13908438,0.31464097,3.0170455,6.944025,3.9742594,5.2197447,2.8389747,2.5391917,25.744791,48.254845,77.45692,104.417435,159.3297,140.40962,106.29362,95.635635,129.11679,143.0987,185.51857,173.60202,129.26576,62.50188,41.23803,22.803684,36.235504,29.723978,28.272697,39.301197,5.6630325,5.362666,5.729463,4.3962517,12.270283,7.870392,13.982517,21.748606,15.966542,39.262497,44.971275,77.369415,31.89414,51.409744,47.701996,33.840893,26.928299,11.4521675,7.9753666,3.028304,3.089603,2.923392,4.6883416,2.5446405,2.8753622,1.6558135,1.4827139,1.6692135,0.7211912,1.1241059,1.0301083,1.1978828,2.7213404,3.3661304,3.9936218,6.6444664,7.1103773,2.542013,0.9590307,0.28171116,0.13236172,0.04226089,0.025906084,0.018908974,0.011428683,0.013072994,0.02257057,0.012108777,0.007399949,0.00980367,0.039491188,0.14004713,0.23952757,0.16276683,0.08854264,0.012764545,4.45E-05,2.82E-07,2.31E-07,1.91E-07,1.59E-07,1.35E-07,1.16E-07,9.96E-08,8.68E-08,7.61E-08,6.72E-08,5.98E-08,5.34E-08,4.81E-08,4.35E-08,3.96E-08,3.62E-08,3.33E-08,3.07E-08,2.86E-08,2.67E-08,2.51E-08,2.38E-08,2.26E-08,2.16E-08,2.09E-08,2.03E-08,1.98E-08,1.96E-08,0.047327407,0.1059881,0.22171953,0.43761924,0.5165426,0.42192125,0.4205978,0.5350463,0.39081594,0.14510465,0.13218576,0.10804273,0.04062373,0.09989426,0.21378309,0.3004397,0.34640172,0.26502085,0.31880933,0.40212288,0.27008343,0.16215299,0.12592062,0.080587626,33.71991487,20.77397765,26.35817272,23.41591962,24.69303537,72.83358554,18.5415482,4.607196044,3.487087989,3.616086249,2.475364579,2.007847925,7.905595687,2.796774432,hyperkinetic dysphonia
voice150.wav,8.849616,0.22360747,0.092121303,0.016296952,-213.61093,170.54012,-87.09122,7.123981,-22.108215,-5.3507357,19.555433,-44.602203,3.2553906,6.140632,-30.651701,-1.867299,-22.200228,46.07759,22.287312,16.480854,7.1002903,5.1289773,4.150435,5.254691,7.5675235,3.81231,3.5716388,5.605346,2.8771899,6.428121,0.007822857,0.011498206,0.011857688,0.074820176,0.12264582,0.15701017,0.2006016,0.583431,134.73969,74.15169,0.45685992,1.082829,0.3568267,0.10979843,0.1735443,0.21138693,0.16383262,45.71381,90.51079,1.608118,0.088633224,0.0752867,0.058127802,0.046376597,0.068228655,0.12497012,38.789436,289.81213,35.857147,0.12685376,0.08317558,0.07279368,0.07203881,0.09888104,0.15369473,22.532059,393.09027,199.6595,1.6267229,0.06564748,0.0724359,0.056254085,0.058173012,0.06264846,5.57518,105.94307,71.14844,0.84823054,0.067379795,0.07165292,0.084613904,0.13596939,21.931437,80.27149,8.772767,0.13721251,0.15909617,0.17390701,2.6899831,26.874935,10.419645,0.05375464,0.014883995,0.012341613,0.25215286,0.6006446,0.056450844,0.006067053,0.007241364,0.13299769,0.18456437,0.009346913,0.004036998,0.03110067,0.13703567,0.022779398,0.002828392,0.014902456,0.051192727,0.008318285,0.002426703,0.021051032,0.027547106,0.003860174,0.02554992,0.13292433,0.023474962,0.025399147,0.27995363,0.12560107,0.12348927,0.32411912,0.031171585,0.04841606,0.04172129,0.007987696,0.021408373,0.003844646,0.000240306,2.42E-06,2.44E-07,1.81E-07,1.43E-07,1.17E-07,9.90E-08,8.49E-08,7.39E-08,6.52E-08,5.81E-08,5.22E-08,4.73E-08,4.32E-08,3.96E-08,3.66E-08,3.40E-08,3.17E-08,2.98E-08,2.81E-08,2.66E-08,2.53E-08,2.42E-08,2.33E-08,2.25E-08,2.18E-08,2.12E-08,2.08E-08,2.05E-08,2.03E-08,0.07138059,0.053967766,0.06572798,0.13761628,0.19593345,0.3157472,0.35451746,1.5152283,42.01111,36.35739,0.83046067,0.5221165,0.21603064,0.17252168,0.70894074,0.90592796,0.5002427,19.294973,27.991108,1.8381788,0.13607119,0.12376336,0.10976501,0.058900177,0.099161394,0.20830192,34.96176,147.65384,27.03274,0.1851816,0.067001134,0.0677601,0.06256577,0.0761792,0.14644068,58.331028,254.34859,128.17378,3.4805813,0.0788215,0.06192373,0.047539897,0.07349665,0.07474111,15.6468315,52.674942,39.835144,2.1339498,0.04885039,0.06827829,0.07414337,0.16790462,31.753212,60.846466,13.702974,0.11262017,0.09955206,0.10853589,8.855009,23.032145,7.508473,0.08237519,0.012100741,0.010119832,0.43925828,0.43367887,0.07645011,0.003515286,0.009001123,0.21190664,0.19090524,0.010119651,0.002095908,0.07487746,0.14137813,0.033334192,0.002054906,0.031678975,0.061035216,0.010819048,0.00215804,0.028868608,0.03147173,0.002754067,0.035417367,0.09574019,0.026667157,0.037390746,0.19986682,0.15199713,0.19940294,0.30972528,0.029565878,0.06767065,0.043702073,0.01200269,0.017990436,0.003880436,0.00026775,5.35E-06,2.96E-06,2.20E-06,1.74E-06,1.42E-06,1.20E-06,1.03E-06,8.96E-07,7.91E-07,7.05E-07,6.33E-07,5.74E-07,5.24E-07,4.81E-07,4.44E-07,4.12E-07,3.85E-07,3.61E-07,3.41E-07,3.23E-07,3.07E-07,2.94E-07,2.82E-07,2.72E-07,2.64E-07,2.58E-07,2.52E-07,2.49E-07,2.46E-07,0.05670863,0.2643508,0.048033066,0.073885836,0.57311267,0.15333277,0.04005856,0.073084176,0.15008523,0.99578243,0.280693,0.018851798,0.07201227,0.103408605,0.075492546,0.080493726,0.18807574,0.08478376,0.10105223,0.08747587,0.10001759,0.031211104,0.1525005,0.09054582,20.81336071,24.99405834,28.6549404,28.75794987,22.39375117,71.99747114,17.89169773,4.006488507,3.390498568,4.060288501,2.960937301,1.897670143,8.470619097,2.636652855,hyperkinetic dysphonia
voice151.wav,11.060328,0.2672569,0.11232435,0.016854179,-177.8093,149.42184,-110.72483,23.797089,-25.041298,2.3730114,47.853016,-43.041756,-3.5741315,4.8701596,-34.649185,-1.0260333,-12.327504,50.856964,19.615582,17.75696,8.270632,4.363292,3.1406598,6.78619,7.028343,3.463285,2.7986174,5.530374,3.2777069,3.331866,0.007022374,0.03200979,0.016917605,0.07706143,0.093661815,0.20660114,0.30375716,113.51017,126.65534,0.43566203,0.5570482,0.7245477,0.112464294,0.055426374,0.02613102,3.4688013,48.627438,8.46612,0.04026539,0.022023331,0.026399206,0.026067669,0.049481448,0.08594823,27.51506,41.35786,1.8238753,0.048426148,0.04191919,0.066845216,0.072970584,0.14805797,19.557796,213.81345,59.2544,1.5406274,0.123892985,0.11906149,0.1912786,0.24884483,7.4023585,544.2972,761.74445,71.328896,1.6105692,0.5518049,0.39436832,0.3320587,10.044155,105.24998,42.35596,2.9562314,0.2765055,0.27246422,0.6515272,39.47055,46.463646,3.3031077,0.21592288,0.12407051,0.8281089,6.863848,1.974896,0.08265192,0.033020385,0.29521215,1.5334373,0.2776077,0.013685478,0.014273583,0.36937627,0.26008406,0.01629246,0.011328693,0.18546493,0.11386716,0.010449723,0.07439398,0.4095718,0.0836858,0.05246879,0.92041504,0.4353846,0.1076314,2.0951247,1.4007505,0.59786594,5.4994054,1.7371076,0.26067832,0.39376596,0.05761889,0.1578178,0.109391645,0.15063798,0.33872807,0.06844209,0.089520656,0.004192353,2.43E-05,1.54E-05,1.17E-05,9.32E-06,7.66E-06,6.45E-06,5.52E-06,4.79E-06,4.21E-06,3.73E-06,3.33E-06,3.01E-06,2.73E-06,2.49E-06,2.29E-06,2.11E-06,1.96E-06,1.83E-06,1.72E-06,1.62E-06,1.54E-06,1.47E-06,1.40E-06,1.35E-06,1.31E-06,1.27E-06,1.24E-06,1.22E-06,1.21E-06,0.05045547,0.113928616,0.08211011,0.14449215,0.13040267,0.27779427,0.50879705,47.446434,46.17982,0.4129243,0.2836413,0.43084225,0.10549852,0.11053475,0.024601378,3.242833,16.38939,12.41406,0.12335056,0.11451184,0.11204028,0.13573389,0.112867326,0.2828562,14.838632,20.498419,6.1789565,0.2632014,0.20590797,0.38635743,0.385772,1.0328324,22.204556,78.46891,56.384842,7.820117,0.27754492,0.29204634,0.81029886,1.3022565,19.02056,365.8442,289.76187,182.59052,6.842473,0.76559097,0.5324136,0.3966366,16.126635,47.745766,43.648567,16.389412,0.43222043,0.3608847,1.2926854,30.661066,24.572134,10.252956,0.389723,0.20874293,1.2620679,3.447915,2.0022106,0.20348477,0.062922515,0.43782184,0.7410436,0.3805078,0.03682243,0.028086212,0.20150751,0.17806791,0.04941878,0.022552043,0.10870106,0.09238128,0.027809393,0.09793712,0.25333068,0.119231895,0.0967695,0.47323424,0.35615692,0.17892276,1.0371467,1.1594052,0.8296498,3.073396,1.6533703,0.33507252,0.25204864,0.107633255,0.10421068,0.08162714,0.10845492,0.18357418,0.07002033,0.058607075,0.004484317,0.000280838,0.000187003,0.000141872,0.000113031,9.29E-05,7.83E-05,6.70E-05,5.81E-05,5.10E-05,4.52E-05,4.04E-05,3.65E-05,3.31E-05,3.02E-05,2.78E-05,2.56E-05,2.38E-05,2.22E-05,2.09E-05,1.97E-05,1.87E-05,1.78E-05,1.70E-05,1.64E-05,1.59E-05,1.54E-05,1.51E-05,1.48E-05,1.47E-05,0.129395,0.038514942,0.19394341,0.05261091,0.05071118,0.098121166,0.08732393,0.34476882,0.092062004,0.020646526,0.2595998,0.9971376,0.11777452,0.081954844,0.06807882,0.071921825,0.056726336,0.067939095,0.059099212,0.07530242,0.09591548,0.10360389,0.14175732,0.024670742,28.2836631,26.28413077,28.26108291,29.26386009,25.55482248,72.7370629,20.04415878,4.908999327,3.932304673,4.20274091,3.454002282,2.408678639,8.760352664,2.883055547,reflux laryngitis
voice152.wav,27.249798,0.19747204,0.138039403,0.027710457,-155.01462,176.36409,-146.79167,37.099922,-31.118948,-20.737925,40.71396,-45.048023,7.4460917,6.793953,-35.311928,8.414337,-13.447823,59.982006,23.089285,20.97026,7.9742336,7.660143,4.9213195,6.935073,7.3604584,3.7546675,2.8857086,5.56369,3.050359,3.2405546,0.002645256,0.02573535,0.020614289,0.55022997,0.43687347,0.12501441,1.070849,67.97921,23.235798,0.41827032,0.4071396,0.33949018,0.36805367,0.2410643,0.32382748,26.624563,24.012285,0.32014185,0.14423196,0.10558467,0.17738846,0.228351,0.46500525,46.783722,112.03174,6.2517834,0.26061863,0.38993442,0.45081487,0.6617031,1.6674144,53.183002,212.29195,51.146168,1.4105293,0.59399724,0.6317803,0.58927715,1.2056782,35.705208,158.86131,71.13261,6.531944,2.3185112,2.2420774,1.7217106,5.8417926,64.447266,101.33075,16.272366,1.0082941,0.615205,0.6313511,3.057285,17.063343,6.4228363,0.6734597,0.5104214,1.31169,16.204231,26.71535,4.826841,0.97229034,1.5709332,6.581979,6.7221084,0.59930706,0.1657613,0.40788212,1.0953183,0.27511677,0.050237037,0.14886136,0.491019,0.19196868,0.18466352,1.2890861,1.41289,0.26810455,0.6167961,1.1495503,0.24298093,0.48948705,1.1740189,0.49319372,1.7565416,4.3071394,2.0629222,4.3962445,2.252364,0.4349602,0.64528936,0.25365037,0.5425251,0.35980198,0.292658,0.24075706,0.05374463,0.008232871,1.39E-05,2.53E-07,1.86E-07,1.45E-07,1.16E-07,9.60E-08,8.08E-08,6.91E-08,5.99E-08,5.25E-08,4.64E-08,4.15E-08,3.73E-08,3.38E-08,3.09E-08,2.83E-08,2.62E-08,2.43E-08,2.27E-08,2.13E-08,2.02E-08,1.91E-08,1.83E-08,1.75E-08,1.69E-08,1.64E-08,1.61E-08,1.58E-08,1.56E-08,0.014290238,0.028601857,0.02873129,1.591391,1.3992345,0.171647,1.8033267,29.02757,14.893072,0.4641848,0.45675862,0.39075541,0.46761557,0.2689516,0.75283265,9.459573,11.912116,0.61471635,0.24861449,0.13027395,0.37282622,0.63045216,1.3932474,25.844084,60.399555,11.644842,0.21522573,0.7648058,0.7566364,0.7345525,5.2580514,55.313576,107.81801,73.09906,2.3551517,1.0364072,0.8123239,1.0138195,3.2475572,57.418705,103.54879,85.52715,20.36119,2.0426683,2.1734579,2.029713,16.078869,62.69657,49.777145,26.592714,0.9217946,0.42317674,0.5626529,4.3212533,10.911858,6.9080253,1.0527635,0.3842487,2.4028075,13.1117525,17.681831,9.512361,0.6096981,2.9010985,4.2649083,4.1977344,0.9842736,0.116643585,0.44546086,0.7800779,0.3342995,0.034011845,0.13247299,0.32391384,0.2531141,0.19659133,0.7789326,0.93658984,0.26223424,0.50919837,0.7150798,0.24623139,0.412882,0.60274667,0.49547988,1.3025244,2.9447718,1.8644395,3.528058,1.6574404,0.31820568,0.34710374,0.1822059,0.31791112,0.23553528,0.18082611,0.1350501,0.039338898,0.005857786,1.64E-05,3.06E-06,2.26E-06,1.75E-06,1.41E-06,1.16E-06,9.80E-07,8.38E-07,7.27E-07,6.37E-07,5.63E-07,5.03E-07,4.53E-07,4.10E-07,3.74E-07,3.44E-07,3.17E-07,2.95E-07,2.76E-07,2.59E-07,2.44E-07,2.32E-07,2.22E-07,2.13E-07,2.05E-07,1.99E-07,1.95E-07,1.91E-07,1.89E-07,0.08001663,0.18701975,0.7979615,0.16980478,0.065908775,0.10169391,0.27854556,0.98095685,0.23359673,0.086281806,0.21976945,0.53398323,0.07104726,0.14613095,0.14399044,0.10805894,0.09007407,0.108403355,0.1824195,0.0519531,0.14516528,0.10467901,0.17923918,0.21420226,32.50711002,21.49420201,26.69662773,22.80066105,20.43543949,74.70127553,17.28566658,4.536989619,3.47960144,4.066926961,2.484476264,1.82798216,8.349054111,2.603660244,hyperkinetic dysphonia
voice153.wav,23.429594,0.23118658,0.104167759,0.026271835,-161.29955,145.22418,-122.12462,28.249735,-27.398958,-20.753235,30.960361,-36.254307,8.375977,8.480997,-34.517242,-10.8104105,-23.433748,64.48053,23.05236,34.863724,13.037941,8.476419,5.6421547,9.191823,9.006404,4.9141927,7.6030135,7.8012724,8.091781,5.551403,0.000748361,0.003231949,0.005825213,0.09326206,1.3491418,6.3662267,40.289097,24.10341,0.48005256,0.2371342,0.5031551,1.1641961,5.050285,22.54743,24.048485,1.1441987,0.27377355,0.4643616,1.1445585,3.543501,10.716713,18.863111,5.427049,0.07865506,0.15121605,1.3517727,5.948312,14.73932,94.01787,119.1546,8.024028,1.2055632,9.382233,61.100414,203.47626,249.75256,445.63727,121.77648,3.0547934,2.6188595,6.6528125,8.498187,9.046645,29.325035,17.27168,1.6638434,2.2604764,8.34101,6.4276667,20.214752,29.994724,7.0523577,3.2537267,8.474507,10.925225,39.014244,23.188541,6.6031623,13.4393635,21.073383,61.597282,20.095953,1.9084128,0.95644903,2.4432635,2.1630473,0.300715,0.23686229,1.4373201,1.3036045,0.23238622,0.35808665,0.9627704,0.36042276,0.17147425,0.99352485,0.8432607,0.23038232,0.991105,0.96287733,0.3898466,1.5328276,1.4013363,1.7104245,6.805181,3.8384376,3.2386076,1.726967,0.5424653,0.68262786,0.25283352,0.37788287,0.21837841,0.32837832,0.3069372,0.4597623,0.3986161,0.24750772,0.02092312,7.28E-06,1.65E-08,1.22E-08,9.58E-09,7.83E-09,6.59E-09,5.65E-09,4.92E-09,4.34E-09,3.86E-09,3.47E-09,3.15E-09,2.87E-09,2.64E-09,2.43E-09,2.26E-09,2.11E-09,1.98E-09,1.87E-09,1.77E-09,1.68E-09,1.61E-09,1.55E-09,1.49E-09,1.45E-09,1.41E-09,1.38E-09,1.36E-09,1.35E-09,0.000615533,0.004240632,0.008895897,0.45660204,6.553137,28.108086,24.553366,21.613586,0.54715806,0.3536458,1.8221955,5.7861147,15.716364,32.580784,17.128447,1.7606097,1.21325,3.0084205,6.003309,10.249355,23.003035,15.321037,6.0992436,0.17744218,0.69520885,6.371411,18.564405,29.169914,100.37065,125.0668,17.49735,4.54712,41.658733,173.30948,513.1963,384.5461,411.18076,228.11111,8.643981,11.05422,15.269592,22.436846,18.909555,30.113441,23.06934,4.6114125,7.0561867,20.31949,15.51954,27.132477,32.069542,14.406013,7.743735,20.942871,23.80131,40.06846,33.457516,13.035789,27.489653,35.648983,66.4408,28.97917,3.761524,1.7142376,2.9345279,2.8468044,0.48556155,0.3449619,1.7780802,1.6824656,0.33016023,0.4444761,1.0602132,0.56979185,0.24004012,1.1289053,1.0440514,0.31200665,1.1843584,1.2036036,0.51833004,1.8704362,1.9244704,2.1350696,8.01885,5.417357,3.8200064,1.7211527,0.45723736,0.6446538,0.24013503,0.37331346,0.20899421,0.3032085,0.31566748,0.41499063,0.44809133,0.29355136,0.032589164,1.07E-05,1.99E-07,1.47E-07,1.16E-07,9.50E-08,8.00E-08,6.85E-08,5.96E-08,5.26E-08,4.69E-08,4.21E-08,3.81E-08,3.48E-08,3.20E-08,2.95E-08,2.74E-08,2.56E-08,2.40E-08,2.26E-08,2.15E-08,2.04E-08,1.95E-08,1.88E-08,1.81E-08,1.76E-08,1.71E-08,1.68E-08,1.65E-08,1.64E-08,0.17823732,0.111226305,0.13126303,0.16025245,0.16539714,0.41047987,0.2016187,0.29872617,0.48747334,0.7616542,0.17860395,0.12687947,0.23693466,0.20943633,0.20725235,0.1984782,0.115115605,0.25644007,0.14331782,0.21149491,0.30319083,0.37167993,0.21057527,0.22807628,33.11092126,20.99085386,27.13033332,25.53690308,21.86109018,73.34242985,18.19219936,5.647539694,4.613754544,6.617136838,5.971038503,3.836299006,8.619758377,2.693344494,hyperkinetic dysphonia
voice154.wav,15.110617,0.19072829,0.091406905,0.022075641,-178.09175,169.7758,-118.900444,31.43463,6.23265,-15.925021,20.183653,-30.300493,-10.243075,-3.5742283,-16.046255,-9.419806,-28.291723,52.745956,23.682034,19.473803,11.07879,5.705518,4.2551093,6.3067503,5.6797743,3.6695447,2.6534894,4.6031623,3.7167275,4.5272555,0.003165568,0.016057495,0.024082746,0.052224003,0.12107418,0.2650622,39.79539,369.77725,22.035063,0.42748153,0.85565835,1.0862566,0.31946385,0.25532398,9.7379875,56.28648,4.6630044,0.19809093,0.2679724,0.27599454,0.24995632,0.24287881,3.534405,18.53829,2.9311626,0.11298091,0.07467154,0.058814663,0.06025595,0.43751004,13.786222,54.038754,8.527054,0.14809266,0.101051,0.13069761,0.106701046,2.0422769,18.117996,47.451263,7.8525915,0.16477975,0.078896925,0.10064308,0.49434534,9.370892,83.5665,76.22756,3.9795127,0.2137759,0.17159514,2.7316935,24.021488,64.686226,9.961524,0.35781512,0.53066355,8.090512,59.8195,43.648785,1.4480041,0.2951056,1.8632685,7.4556656,2.7653062,0.087703854,0.1472579,1.3699934,1.9178715,0.15865439,0.17193618,1.0556849,1.2300419,0.11422462,0.4972085,3.85132,1.5857277,0.4966261,4.0771847,3.8918343,0.38089162,0.7039099,0.6688577,0.1231478,0.25771442,0.12520118,0.040888716,0.086623505,0.02361387,0.02538952,0.030105162,0.020758651,0.056423947,0.03033055,0.06572952,0.05212433,0.087935954,0.048194874,0.001642257,6.93E-06,1.63E-07,1.16E-07,8.79E-08,6.94E-08,5.66E-08,4.71E-08,3.98E-08,3.42E-08,2.97E-08,2.61E-08,2.31E-08,2.06E-08,1.85E-08,1.68E-08,1.53E-08,1.40E-08,1.29E-08,1.20E-08,1.12E-08,1.05E-08,9.95E-09,9.46E-09,9.04E-09,8.69E-09,8.42E-09,8.20E-09,8.05E-09,7.95E-09,0.003549628,0.021943118,0.035820547,0.067042306,0.15349394,0.2828979,32.723076,215.47668,13.2723675,0.540172,0.5874105,0.7510703,0.3854388,0.34227994,10.389257,19.622715,3.7925422,0.43579277,0.6350373,1.0850745,0.5277165,0.5337637,4.446086,7.1314216,4.547852,0.21926042,0.14455865,0.1025948,0.11757609,1.926257,14.99749,22.567606,11.127003,0.28230336,0.11976471,0.2114078,0.0908387,9.580066,23.975637,24.221575,9.782807,0.40332472,0.055522952,0.088579915,2.398834,30.332367,55.121002,52.436905,13.685902,0.1857803,0.14797676,11.037159,24.67009,30.906784,17.667915,0.5874533,1.6499757,20.846008,30.915539,30.743969,4.691835,0.87827146,4.424181,6.1978908,2.3723836,0.1940196,0.44418183,1.4647762,1.4963447,0.40921026,0.5558187,1.0443885,0.9351034,0.2729604,0.89555854,2.5041878,1.7807947,1.3229911,3.0414157,2.728899,1.0162139,0.9669516,0.74965674,0.4761592,0.51149553,0.1680382,0.10976902,0.11366222,0.032377727,0.045091223,0.036139593,0.03757904,0.0747665,0.08161698,0.07556732,0.08733572,0.13338885,0.070215724,0.004465039,1.23E-05,1.97E-06,1.41E-06,1.07E-06,8.42E-07,6.87E-07,5.71E-07,4.83E-07,4.15E-07,3.60E-07,3.16E-07,2.80E-07,2.50E-07,2.25E-07,2.03E-07,1.85E-07,1.70E-07,1.57E-07,1.46E-07,1.36E-07,1.28E-07,1.21E-07,1.15E-07,1.10E-07,1.05E-07,1.02E-07,9.94E-08,9.76E-08,9.64E-08,0.1263927,0.50963753,0.121372476,0.19567081,0.26196334,0.3428672,0.9754573,0.19412248,0.04824617,0.081409976,0.16827562,0.026571846,0.109967284,0.19934544,0.099646896,0.104057595,0.108482294,0.19722196,0.122152925,0.08998689,0.033033166,0.06820184,0.06325172,0.033787385,35.89030402,21.54380835,25.12356878,25.58904377,25.69020802,70.84586468,18.62676128,4.646640869,3.449377509,4.094901426,3.009653716,2.485905632,8.038338601,2.713211493,reflux laryngitis
voice155.wav,17.726688,0.25202104,0.129479735,0.03370063,-151.09477,142.1691,-154.1326,27.84765,-27.237991,-9.591749,38.997437,-48.336983,3.1673877,-1.8503857,-38.67239,5.64959,-15.409166,54.159294,18.74114,21.874098,7.110164,5.0501328,3.2914412,5.788176,6.7073207,3.910262,2.181749,5.6363926,3.0801833,3.603577,0.007411912,0.007586827,0.010138907,0.038186535,0.05871976,0.15658523,0.102190904,25.362448,33.245457,0.17981216,0.11271184,0.09964848,0.17071459,0.07746127,0.052080553,1.7354697,39.590893,8.406793,0.07956744,0.048283674,0.07640044,0.087893456,0.057297546,0.057195805,18.483677,47.7206,1.786576,0.06545499,0.0834964,0.19801648,0.17348818,0.18266824,6.5488925,99.03914,48.96205,0.5095161,0.21602371,1.2046106,2.887757,0.737254,3.434851,287.4642,666.8953,72.54825,1.6386768,1.2803843,2.6893132,0.92826927,7.452656,126.31741,103.3826,1.8485489,0.86038035,1.8839673,0.8262998,41.606464,90.21433,6.9870677,1.022388,2.0975535,3.9562154,64.75691,36.745827,0.5889804,0.48284048,0.8429735,6.5868835,2.390927,0.1288753,0.15519972,1.560902,1.89296,0.09365405,0.09020567,1.0526953,1.354819,0.09041161,0.21560664,1.4761635,0.52913845,0.16572863,1.5624893,1.6578948,0.28055352,3.1286073,3.8686981,0.69477105,4.0468874,2.4339259,0.4985616,1.638836,0.50803614,0.86892647,1.2036239,0.4399119,1.273937,0.3623968,0.3223733,0.04951567,9.60E-05,5.31E-05,3.87E-05,2.99E-05,2.40E-05,1.99E-05,1.67E-05,1.43E-05,1.25E-05,1.09E-05,9.71E-06,8.69E-06,7.84E-06,7.12E-06,6.52E-06,6.00E-06,5.55E-06,5.17E-06,4.84E-06,4.55E-06,4.31E-06,4.10E-06,3.92E-06,3.77E-06,3.64E-06,3.54E-06,3.46E-06,3.40E-06,3.37E-06,0.07493353,0.057785895,0.07562148,0.08622137,0.115353845,0.5065344,0.14133519,11.914166,15.979096,0.20849131,0.1226551,0.20629731,0.20734727,0.13614962,0.07696583,1.9168189,15.028507,6.3305697,0.22459394,0.14614815,0.17285238,0.1913892,0.38835874,0.28144312,8.140434,25.57725,2.4018404,0.12932149,0.22818261,0.279616,0.4177483,0.5154817,13.77373,41.742348,36.48304,0.79631734,0.23876835,1.7543818,4.0631804,1.2972225,6.8778486,278.26508,230.94682,87.831795,2.2764862,1.2278494,3.3890264,0.86537164,15.974983,55.904808,79.88531,4.0656505,0.908483,2.1939301,1.0052621,39.006474,37.637318,11.327875,0.9576373,2.6140199,7.131446,32.205345,29.02168,1.0805553,0.6196225,1.1325068,3.112492,2.1454833,0.108126394,0.22608557,1.1040472,1.005217,0.13257287,0.09271349,0.5703689,0.86227506,0.12038236,0.24088214,0.5316221,0.5076033,0.14193563,0.7705586,1.1961787,0.25406855,1.7047682,2.4039078,0.619763,2.4908674,1.7286091,0.3880119,0.5367932,0.51515895,0.5047338,0.68679374,0.3103701,0.50192595,0.29409924,0.19723089,0.03965439,0.001006099,0.000643792,0.000469556,0.00036306,0.000291374,0.000241009,0.000203105,0.000173839,0.000151156,0.000132736,0.000117741,0.000105396,9.51E-05,8.64E-05,7.90E-05,7.27E-05,6.73E-05,6.27E-05,5.87E-05,5.52E-05,5.23E-05,4.97E-05,4.76E-05,4.57E-05,4.42E-05,4.29E-05,4.20E-05,4.13E-05,4.08E-05,0.29291728,0.040311165,0.33156198,0.1960901,0.06319206,0.21881506,0.08264506,0.36823574,0.19723886,0.042517647,0.124576494,0.9956866,0.14137313,0.086419895,0.119687684,0.15267298,0.10023122,0.101396285,0.084033124,0.12374548,0.13370623,0.10641248,0.1067202,0.03726049,26.0106467,23.74765722,26.3098354,26.14382614,24.40965565,76.04114306,20.02051683,4.727490849,4.11119553,4.052555094,3.319206039,2.576246384,9.21570522,2.963779773,hyperkinetic dysphonia
voice156.wav,19.019594,0.27619645,0.11928249,0.030832609,-138.98344,175.98169,-139.04391,3.7634408,-42.622982,-9.487282,43.92435,-48.11367,0.33653578,11.6129,-32.186687,-3.3101554,-20.612116,54.492687,24.065746,19.861858,8.688968,6.997374,4.825489,8.045682,8.354867,4.318295,4.5972657,5.233719,3.756949,4.2310877,0.000822601,0.001738306,0.003294553,0.124067515,5.409729,39.38787,4.645665,0.20715901,0.24611296,0.37438095,8.719114,28.987255,3.114573,0.5731425,0.3513303,0.5907146,14.225753,29.921211,3.7650447,1.0478249,0.6900254,0.93236667,11.78882,24.813866,7.784363,1.2640477,0.60261136,7.5721097,72.57868,113.16612,26.75246,0.5692632,14.902249,127.24967,251.5774,352.97397,124.74352,4.5266285,22.931786,66.24147,161.44698,138.35759,39.559128,3.7134101,17.102709,82.5453,94.74792,52.66034,10.000439,27.357529,89.1522,89.53704,38.923965,22.870771,45.23374,52.049187,32.048058,8.689265,5.7901206,7.9816093,4.3728204,1.6375183,1.6657505,1.147011,0.4207697,0.33170906,0.2649443,0.18146314,0.20250727,0.1959312,0.14075065,0.16051288,0.24283218,0.107108526,0.10033572,0.15706572,0.10446111,0.12592633,0.1601334,0.14919917,0.21350703,0.30413073,0.42657235,0.49852145,0.7340448,1.3280064,2.5803506,3.1779702,2.2869134,1.0444998,0.49958086,0.262336,0.16238502,0.132696,0.11815866,0.15231784,0.15038851,0.07470431,0.006812266,2.15E-05,2.35E-06,1.78E-06,1.43E-06,1.18E-06,1.00E-06,8.69E-07,7.61E-07,6.75E-07,6.04E-07,5.45E-07,4.96E-07,4.53E-07,4.17E-07,3.86E-07,3.59E-07,3.36E-07,3.16E-07,2.98E-07,2.82E-07,2.69E-07,2.57E-07,2.47E-07,2.39E-07,2.32E-07,2.26E-07,2.21E-07,2.18E-07,2.16E-07,0.004470442,0.005145731,0.00845967,0.23746276,2.791872,16.319263,10.143866,0.44486552,0.51350576,0.8864101,7.3200707,11.780842,3.9057353,1.7945915,1.0492907,1.1977166,10.483955,14.3919115,4.7502155,4.4905005,3.1590881,1.8655846,8.337665,16.776487,11.242007,4.61976,1.5882759,11.582397,53.503376,85.998535,39.274975,0.9867415,46.61832,210.49716,164.23318,305.87527,198.47137,10.432537,66.685684,86.01495,160.89285,117.47982,58.36731,7.020819,32.683014,97.432335,64.877335,56.079964,17.025206,45.699463,88.27995,82.731804,49.93372,37.73595,56.98277,41.219,29.361387,12.512636,6.5309052,6.144969,4.341234,1.7038821,1.5883595,1.2328564,0.41185874,0.59441304,0.24620564,0.13569264,0.47994265,0.2769185,0.09674969,0.2378527,0.7657703,0.078516796,0.10986568,0.31322023,0.06918815,0.09041414,0.09697857,0.084848285,0.15741625,0.19205113,0.29335713,0.28805357,0.44223067,0.8522813,1.6470364,1.6665734,1.4477855,0.5698362,0.2614485,0.12668373,0.08295179,0.06097629,0.05345142,0.09053229,0.07478991,0.04682605,0.004495123,4.47E-05,2.77E-05,2.10E-05,1.68E-05,1.39E-05,1.18E-05,1.02E-05,8.96E-06,7.96E-06,7.12E-06,6.42E-06,5.84E-06,5.34E-06,4.92E-06,4.55E-06,4.23E-06,3.96E-06,3.72E-06,3.51E-06,3.33E-06,3.17E-06,3.03E-06,2.92E-06,2.82E-06,2.73E-06,2.66E-06,2.61E-06,2.57E-06,2.55E-06,0.18637481,0.3810783,0.26635095,0.3387429,0.2726972,0.4624256,0.23782381,0.19832051,0.8042822,0.5948438,0.20488162,0.49825406,0.09183393,0.2166406,0.08171995,0.18661393,0.07845197,0.16701192,0.13535641,0.20945117,0.2563593,0.36406818,0.16412482,0.2832941,34.36596245,23.31421175,26.83059911,24.45798083,20.26669772,71.58200167,17.60333549,4.24065682,4.733576566,4.048804108,2.819157725,3.030295004,8.331479763,2.607221931,hyperkinetic dysphonia
voice157.wav,20.222292,0.22199178,0.090050204,0.036104157,-161.23291,220.36905,-120.38679,-3.0837991,-25.34317,-37.61338,25.8927,-25.913134,-19.980286,10.669189,-7.6382227,-17.04858,-23.632475,59.439198,30.23844,18.556877,8.132235,5.8434205,8.320539,4.7407937,5.735473,4.499118,3.8185635,3.5879397,3.7220926,3.8757765,0.014117145,0.010288774,0.046324022,0.102276005,0.104561105,2.7344441,271.3278,95.987465,0.4204475,0.46745136,1.3745031,1.1957811,1.6458336,53.244984,51.22223,1.4394841,1.0933666,1.8258376,0.836139,1.3598299,36.31729,89.25058,9.500399,3.6233811,9.752538,14.905468,12.946709,65.684814,193.93729,55.604828,3.8015616,7.650316,15.820044,14.359541,47.310467,163.52507,91.28416,16.469563,11.760918,14.848058,11.70115,16.03872,51.353325,32.029636,4.7184844,2.3703423,3.3768697,5.0955443,13.744541,19.72229,7.6184845,4.400813,6.700284,11.67828,36.473186,30.124416,5.7353907,3.7150884,2.6983867,2.7875068,0.8670852,0.20386961,0.19859457,0.27691615,0.2663955,0.09964496,0.107520215,0.13995418,0.13017327,0.062333208,0.09671856,0.12076583,0.087642506,0.14137636,0.23393708,0.24274322,0.34637246,0.69483864,1.0278563,1.1142542,1.3579255,0.88363194,0.3580533,0.2858399,0.1428777,0.07304947,0.055076137,0.015029424,0.010197033,0.005792599,0.005395491,0.004549872,0.006189033,0.005625816,0.004647074,0.004244088,0.00284731,0.001146299,0.000109364,1.13E-05,6.92E-06,5.14E-06,4.04E-06,3.29E-06,2.76E-06,2.35E-06,2.03E-06,1.78E-06,1.58E-06,1.41E-06,1.27E-06,1.15E-06,1.05E-06,9.63E-07,8.89E-07,8.26E-07,7.71E-07,7.24E-07,6.83E-07,6.48E-07,6.17E-07,5.91E-07,5.69E-07,5.50E-07,5.36E-07,5.24E-07,5.16E-07,5.10E-07,0.1545193,0.07638674,0.19246861,0.22773573,0.42751226,4.5413494,105.29988,49.404,0.51985836,0.3301934,1.0601022,1.6555887,2.0745692,31.50612,35.391796,2.0441113,1.5583888,1.8480599,1.0529788,3.1702046,25.324799,55.06427,13.135107,4.1896033,9.0717945,19.728329,23.870966,85.62861,103.45807,60.682133,4.8251863,8.202527,23.39919,26.541973,62.414722,107.727135,74.63228,27.839045,14.316911,16.697533,18.183113,27.064669,46.11926,25.813229,9.358228,2.0836394,3.15804,9.784554,11.850819,14.147698,9.719825,4.9491844,7.2906938,12.712516,33.749393,35.76742,8.160896,4.2854424,2.6242917,2.4602177,0.84564036,0.18627799,0.16337061,0.19328998,0.2557975,0.08704169,0.094307326,0.08400014,0.118999794,0.05396855,0.08272523,0.07941418,0.058741067,0.1057995,0.13220115,0.148349,0.259692,0.42043424,0.8648074,0.7433004,0.8379431,0.67532754,0.21390279,0.24439159,0.14681076,0.04028672,0.048256647,0.008802809,0.006290316,0.003395725,0.002787606,0.002075443,0.003399746,0.004326326,0.002873479,0.002959656,0.002195024,0.001199199,0.00037514,0.000132163,8.40E-05,6.24E-05,4.91E-05,4.00E-05,3.35E-05,2.85E-05,2.46E-05,2.16E-05,1.91E-05,1.71E-05,1.54E-05,1.39E-05,1.27E-05,1.17E-05,1.08E-05,1.00E-05,9.36E-06,8.78E-06,8.28E-06,7.86E-06,7.48E-06,7.17E-06,6.90E-06,6.68E-06,6.50E-06,6.35E-06,6.26E-06,6.19E-06,0.10949536,0.0942379,0.1531196,0.3756912,0.9782066,0.30608648,0.095111616,0.23783767,0.49300867,0.13855907,0.14716466,0.3580411,0.0807433,0.07187047,0.09052919,0.21660368,0.08812357,0.19589216,0.10778525,0.17255951,0.19502673,0.13884617,0.09995066,0.086421706,35.20337901,20.49806053,22.49718456,21.72390857,20.71695302,65.26853316,17.97497656,4.555185961,4.025382766,4.548663585,3.117487619,2.355460159,8.229112457,2.561812972,hyperkinetic dysphonia
voice158.wav,28.119513,0.27547845,0.133005846,0.020930169,-159.64072,148.19466,-126.796326,41.5822,-50.108433,-17.931839,39.638134,-57.64915,10.531658,12.32666,-30.012573,1.8277584,-33.378166,54.461823,19.34767,20.16848,9.040859,8.368336,4.330099,5.861599,8.525259,4.5518694,2.8141232,4.9086227,4.900787,6.206621,0.002923103,0.009557689,0.008425914,0.020383,0.04443096,0.12240957,93.26583,243.50551,2.509911,0.22218145,0.23445016,0.14316095,0.062227648,0.19585052,33.83578,26.41325,0.13120784,0.034263916,0.04552686,0.05539412,0.10307818,11.452917,255.69261,82.685326,0.45653713,0.11878655,0.1027821,0.08442922,0.78155226,84.408,543.52985,74.50837,0.4953969,0.24725649,0.14618102,0.17390288,4.4911394,134.93443,282.11148,13.27805,0.38315442,0.13642153,0.08926437,0.37200302,6.7490344,63.65119,21.31904,0.18697771,0.06475935,0.11978449,1.3192829,39.913345,67.56336,2.937704,0.60004133,1.3679324,20.864744,116.06281,20.545574,0.27144992,0.06138534,0.44842684,2.1544206,0.44817224,0.016473426,0.08963097,1.3950984,0.5666025,0.03147285,0.12982121,1.078431,0.5286027,0.042640112,0.24907684,0.71238965,0.05761004,0.0364956,0.5428423,0.29587486,0.116591476,1.7821664,1.1142746,1.2376015,14.330835,6.731476,2.2894006,4.5083737,0.377492,1.0844359,0.6990896,1.2014617,2.1959798,1.9765311,12.624774,4.1206784,15.965037,2.6667075,0.8207316,0.06419183,1.46E-05,5.16E-06,3.08E-06,2.05E-06,1.45E-06,1.09E-06,8.46E-07,6.76E-07,5.55E-07,4.63E-07,3.94E-07,3.40E-07,2.96E-07,2.62E-07,2.34E-07,2.10E-07,1.91E-07,1.75E-07,1.61E-07,1.50E-07,1.40E-07,1.32E-07,1.25E-07,1.19E-07,1.14E-07,1.11E-07,1.08E-07,1.06E-07,1.04E-07,0.027865553,0.09444656,0.06811989,0.13699585,0.2613015,0.56129754,46.023502,103.78548,1.8901185,0.2794938,0.23341216,0.14308357,0.080760606,0.5981404,26.92818,12.273784,0.40266395,0.110214196,0.21113034,0.2334505,0.63476884,31.147692,95.74714,47.969757,1.2625904,0.38918072,0.22285336,0.12728481,3.8984215,74.62375,235.7652,70.29467,0.97978204,0.4503525,0.24758266,0.4573187,22.330694,73.08142,156.23088,16.800798,0.49725306,0.10552782,0.18278404,1.6264567,11.14545,28.75781,15.517857,0.383374,0.054022282,0.123720005,5.1257467,22.39799,44.622154,6.800144,0.5224727,3.588132,31.784958,61.565212,17.050095,0.94706607,0.18092194,0.7031512,1.0725981,0.6099898,0.03183959,0.19234456,1.0943402,0.31971243,0.096598886,0.3365001,0.75049865,0.51822096,0.117973484,0.3194713,0.5459071,0.07593256,0.07255004,0.25217587,0.26397228,0.2869177,0.9790966,0.8905003,2.3853905,6.515137,7.0330925,2.6196969,2.4497888,0.40256912,0.7300546,0.5065622,1.1165226,1.0723339,2.118238,7.532601,3.4823606,10.591569,2.1410327,0.6681216,0.055914212,0.000136521,6.26E-05,3.74E-05,2.48E-05,1.76E-05,1.32E-05,1.03E-05,8.20E-06,6.73E-06,5.62E-06,4.78E-06,4.12E-06,3.60E-06,3.18E-06,2.83E-06,2.55E-06,2.31E-06,2.12E-06,1.95E-06,1.81E-06,1.70E-06,1.60E-06,1.51E-06,1.44E-06,1.39E-06,1.34E-06,1.30E-06,1.28E-06,1.26E-06,0.05754344,0.38613302,0.12218734,0.055336602,0.15674426,0.20469299,0.99912494,0.30394208,0.03756096,0.12612887,0.4457993,0.08146539,0.08103873,0.09516136,0.094238386,0.10218911,0.122563206,0.13604331,0.007639357,0.14525825,0.11554733,0.11296301,0.1425221,0.09295944,38.74447379,23.05424347,30.04611443,27.72987279,25.52262668,78.90598444,18.88257824,4.8724702,3.792024023,4.317756005,2.990990528,2.199026796,8.970128684,2.59968974,healthy 
voice159.wav,17.302322,0.31639925,0.121199324,0.02952629,-172.42093,153.70049,-129.79959,24.96055,-29.116901,-7.6203814,29.172558,-58.163357,-0.54982275,1.6169928,-31.933231,3.0859673,-31.29256,50.932682,19.927622,17.867725,11.692982,6.1504097,4.6451807,7.442089,9.112572,4.644132,3.9124193,6.0230775,4.2882156,5.357708,0.002590512,0.005424592,0.008118229,0.06306339,0.14490113,0.14115606,0.40695906,1.3966624,51.356167,162.87917,2.4296427,0.12817691,0.21520552,0.45425338,0.7683732,0.8223326,0.36492887,0.4218301,76.72962,97.518684,0.81352067,0.045737587,0.061045956,0.17355683,0.0650111,0.087794885,0.11732437,5.83095,315.0712,185.50423,1.1662388,0.22189105,0.22516981,0.20868444,0.18015452,0.18248414,0.25922188,17.24614,164.21059,52.42396,0.45666128,0.19421077,0.23336859,0.29611042,0.30039912,0.40951353,21.678326,529.9984,343.5008,3.8207986,0.56950563,0.41033238,0.41892728,0.7739897,123.51056,568.0835,62.20118,0.5951007,0.2912989,0.24329829,1.6689051,29.347883,13.480842,0.06935259,0.02467453,0.020398026,1.0306691,3.8708186,0.3089426,0.014005487,0.013756337,1.4602728,3.1464765,0.10765064,0.013148602,0.557578,5.2524505,0.9423095,0.009297255,0.02212632,0.12011787,0.030645555,0.015816396,1.868294,2.8963935,0.09477766,1.9481931,9.518831,0.9449271,0.7503552,3.9912777,0.41667974,0.30245084,1.1716853,0.08475381,0.9177649,0.9286797,0.023579044,0.016685707,0.000164226,2.85E-06,2.12E-06,1.68E-06,1.39E-06,1.18E-06,1.02E-06,8.95E-07,7.95E-07,7.12E-07,6.44E-07,5.86E-07,5.37E-07,4.95E-07,4.59E-07,4.27E-07,4.00E-07,3.76E-07,3.55E-07,3.37E-07,3.22E-07,3.08E-07,2.96E-07,2.86E-07,2.78E-07,2.71E-07,2.66E-07,2.62E-07,2.60E-07,0.027302591,0.029847885,0.036824472,0.22569701,0.58570987,0.28145084,0.633008,2.3200555,26.887106,62.124916,0.93695295,0.24950032,0.85402644,1.4318082,1.5480942,1.9723917,0.6918666,0.8065972,37.033947,31.462803,0.8373273,0.044644214,0.1504297,0.48713017,0.13188818,0.16735846,0.21702947,12.19597,129.55313,95.32579,1.949489,0.20023265,0.24764204,0.289778,0.17518947,0.17620505,0.33439797,25.619352,52.931564,45.89224,0.67575693,0.2165784,0.232897,0.29133964,0.29057667,0.51434964,43.48079,209.31609,233.69432,8.146977,0.4366252,0.35842994,0.36192742,0.87829506,128.59854,202.64334,87.55557,0.39824647,0.28280726,0.21371068,3.1919532,15.669335,9.118201,0.094373465,0.021765571,0.019859593,0.92271143,1.7239728,0.5150144,0.01956439,0.016827084,1.1109072,1.5523542,0.1897886,0.011980427,0.89722323,2.9272656,0.983901,0.01298071,0.036437277,0.042852227,0.035866737,0.01617123,1.4464593,1.6259471,0.11567299,2.9881957,5.3432617,1.313037,1.1773086,2.9690301,0.4645229,0.34321186,0.7403084,0.09009395,0.8685471,0.8289691,0.023464775,0.025818115,0.000178054,3.37E-05,2.50E-05,1.98E-05,1.64E-05,1.39E-05,1.20E-05,1.05E-05,9.37E-06,8.39E-06,7.58E-06,6.90E-06,6.32E-06,5.83E-06,5.40E-06,5.03E-06,4.71E-06,4.43E-06,4.19E-06,3.97E-06,3.79E-06,3.63E-06,3.49E-06,3.37E-06,3.28E-06,3.20E-06,3.13E-06,3.09E-06,3.06E-06,0.018591577,0.2148529,0.6822155,0.0688348,0.17734818,0.99809885,0.18313296,0.049511902,0.055615414,0.0891402,0.34935468,0.06927203,0.07753767,0.1189255,0.111684516,0.07724194,0.093614504,0.014666875,0.11894397,0.093706705,0.070538,0.07647778,0.073842086,0.06979126,26.13278654,25.57098325,29.97707199,27.9348883,27.70902608,75.4108496,19.53592415,5.470296102,4.047274425,4.237747431,3.252325867,2.624638867,8.819298425,2.852347282,hyperkinetic dysphonia
voice160.wav,11.31929,0.2814857,0.103682755,0.016609538,-181.69331,149.19743,-108.57321,26.710453,-34.233234,-22.74061,34.58255,-33.021637,2.2520368,-0.9413106,-36.91046,-1.5810021,-13.75609,47.06556,19.225496,14.699562,7.6927686,5.051717,4.1514463,5.3245835,5.601292,3.829245,3.1960504,6.2387867,2.894421,3.0311928,0.008461078,0.007853659,0.014221824,0.03509264,0.05986825,0.12330785,0.16594803,0.22019958,0.44696346,42.353256,116.7379,1.864682,0.14573339,0.12630828,0.14020495,0.06510283,0.07684342,0.06788434,0.093560785,0.5369416,103.01088,112.736,1.2840631,0.10163377,0.06196137,0.057475757,0.08305514,0.08283463,0.1195303,0.16010663,31.738337,726.8876,421.92194,3.9939444,0.33667836,0.26470044,0.32672474,0.32672554,0.29336122,0.26313537,0.70983225,98.323235,662.8491,218.46349,1.1715885,0.22065385,0.17082736,0.13954787,0.09890198,0.081335574,3.228352,34.80525,16.908329,0.28445187,0.06498522,0.06808593,0.055654757,0.09405002,6.00278,21.634405,2.8794384,0.056538798,0.055509735,0.047027677,0.6616759,5.9880176,2.141187,0.04570077,0.022413967,0.025309376,0.74764675,1.6074709,0.15104723,0.012856306,0.021920832,0.62520325,1.1241814,0.08227999,0.015351596,0.29019514,1.7248783,0.37652597,0.02073603,0.5108637,2.5709598,0.5641391,0.215837,4.1509676,4.2643766,0.11295009,0.13727331,0.35789898,0.050198767,0.08528031,0.3478229,0.06741814,0.069227576,0.15574065,0.007373138,4.10E-06,7.57E-07,5.65E-07,4.52E-07,3.75E-07,3.19E-07,2.77E-07,2.43E-07,2.16E-07,1.93E-07,1.74E-07,1.59E-07,1.45E-07,1.34E-07,1.24E-07,1.15E-07,1.08E-07,1.02E-07,9.59E-08,9.10E-08,8.67E-08,8.30E-08,7.99E-08,7.72E-08,7.49E-08,7.31E-08,7.16E-08,7.06E-08,7.00E-08,0.09020049,0.044435624,0.090021916,0.072526015,0.10683308,0.15101406,0.1285004,0.21949275,0.33797327,20.462011,32.69413,1.3778088,0.11037886,0.08664479,0.09710529,0.07488462,0.087188505,0.12803927,0.14065745,1.2254933,43.28586,57.859173,2.0409179,0.29216978,0.100387156,0.048569366,0.16307287,0.11896408,0.47386646,0.5039781,50.05801,205.64006,387.03925,8.44718,0.27269384,0.17057718,0.2070811,0.19607861,0.19316566,0.2580642,2.5569015,99.896065,351.363,273.68536,2.4753857,0.42707554,0.24564819,0.22879876,0.121929124,0.083915025,7.211656,18.28861,15.80245,0.64843833,0.105995454,0.07355826,0.055646446,0.23738642,5.82064,12.366382,4.3843336,0.078926116,0.06217978,0.04062083,1.1940504,2.993109,1.9681505,0.12370899,0.06678718,0.0667118,0.6472329,0.67185575,0.25479758,0.026580736,0.052041687,0.4539856,0.69834274,0.14486164,0.022407718,0.35497397,0.75833166,0.4224636,0.022846093,0.5716253,1.1257138,0.74404913,0.508298,3.1506495,2.901433,0.20542474,0.15491138,0.1913519,0.062668286,0.09011709,0.1691448,0.07698767,0.06093571,0.10511669,0.008839782,2.45E-05,9.19E-06,6.85E-06,5.48E-06,4.54E-06,3.87E-06,3.36E-06,2.94E-06,2.62E-06,2.34E-06,2.12E-06,1.92E-06,1.76E-06,1.62E-06,1.50E-06,1.40E-06,1.31E-06,1.23E-06,1.16E-06,1.10E-06,1.05E-06,1.01E-06,9.69E-07,9.36E-07,9.08E-07,8.87E-07,8.69E-07,8.57E-07,8.49E-07,0.26017645,0.020096302,0.025155295,0.06837452,0.025359174,0.11788943,0.8966304,0.25700688,0.022265509,0.026531652,0.12714615,0.9268946,0.14560342,0.1014432,0.08889224,0.08291331,0.10174899,0.116468504,0.12769906,0.14541338,0.10630828,0.10855702,0.10595567,0.118508935,20.89403232,24.47017616,31.00646121,29.76869062,24.66409766,73.60678087,21.03543473,3.89193721,3.418786416,3.72360782,2.916745987,2.859923303,8.066388623,3.088759619,hyperkinetic dysphonia
voice161.wav,17.161371,0.26563817,0.096014445,0.039645408,-131.92964,196.70233,-85.75683,4.382416,-53.550446,-24.47749,40.834507,-30.53851,-12.24854,-4.6090436,-22.782173,-0.9559225,-19.699223,59.214195,28.824207,18.149876,9.089856,11.266316,8.225847,8.460442,8.754771,5.5828323,5.592559,6.336189,4.8874545,8.048166,0.005111809,0.010391647,0.13289125,1.0478536,3.2250214,10.312653,187.95088,651.9153,83.17348,8.88986,12.36224,24.022339,14.141421,10.919431,51.44881,34.58144,5.7431026,6.342921,9.896458,7.953077,3.667931,19.689997,66.18915,49.752197,21.422682,13.836575,16.555553,14.533685,18.959646,95.05728,137.06516,61.711693,34.92213,24.321033,37.620045,29.635483,36.452087,107.27931,92.782646,46.1929,24.620804,18.923786,18.49156,22.14582,42.20411,78.62999,55.651287,38.492134,21.189999,13.008752,9.694598,5.1824384,2.2607381,1.2622555,0.72674435,0.75909626,1.0235432,0.8372909,0.53950375,0.38848922,0.24314883,0.22579578,0.3060564,0.36177477,0.34597042,0.1689565,0.10959607,0.08326112,0.08830365,0.069275826,0.14448518,0.12262229,0.07227429,0.065777496,0.06788213,0.07649408,0.12939432,0.18391196,0.18777415,0.28438005,0.37236136,0.31678215,0.4949393,0.7290368,0.84758765,0.7065119,0.3039331,0.16228552,0.11618213,0.06790929,0.05530027,0.055427615,0.06982158,0.108294405,0.52586526,0.9569734,0.33615413,0.09867415,0.005408671,9.28E-06,1.84E-07,1.36E-07,1.06E-07,8.66E-08,7.25E-08,6.18E-08,5.34E-08,4.68E-08,4.14E-08,3.70E-08,3.33E-08,3.02E-08,2.76E-08,2.54E-08,2.35E-08,2.18E-08,2.04E-08,1.92E-08,1.81E-08,1.72E-08,1.64E-08,1.57E-08,1.51E-08,1.46E-08,1.43E-08,1.39E-08,1.37E-08,1.36E-08,0.044639446,0.023858443,0.31510922,4.040863,15.035888,54.43704,137.57216,513.42505,171.86687,25.487219,22.133327,52.844395,44.525734,22.132517,47.42611,27.249273,10.92413,18.03876,22.946262,14.385284,8.658696,36.260723,67.33663,67.74258,50.708576,31.787605,23.617886,26.14201,34.271782,134.14262,150.66942,94.271935,78.06651,43.695885,75.01798,55.56699,48.727783,166.10454,122.03775,60.855743,34.55991,23.86405,20.940235,27.805567,40.232025,83.04485,58.657978,54.947777,27.624956,22.55498,14.636745,4.9711924,2.2633834,1.698262,1.0778643,0.9226011,1.2464446,0.9517827,0.888531,0.5766404,0.34177908,0.28585607,1.2720184,2.07179,1.8602128,0.52031964,0.19767387,0.120135,0.20310229,0.12196709,0.6263842,0.4834665,0.12205792,0.058853038,0.059135675,0.078858584,0.16413796,0.18587531,0.17703202,0.2898973,0.36665842,0.45860553,0.68524,0.6432855,0.61218685,0.62465316,0.23487477,0.09565801,0.08379256,0.06150867,0.043673873,0.05548773,0.07145499,0.13120925,1.117916,1.6873759,0.473936,0.1480795,0.006708645,1.29E-05,2.23E-06,1.65E-06,1.29E-06,1.05E-06,8.79E-07,7.49E-07,6.47E-07,5.68E-07,5.02E-07,4.49E-07,4.04E-07,3.67E-07,3.35E-07,3.08E-07,2.85E-07,2.65E-07,2.48E-07,2.33E-07,2.20E-07,2.08E-07,1.99E-07,1.91E-07,1.83E-07,1.78E-07,1.73E-07,1.69E-07,1.67E-07,1.65E-07,0.46145073,0.4105149,0.2058081,0.14144143,0.25896978,0.7785107,0.570347,0.26404065,0.2568972,0.39877376,0.22907288,0.19571656,0.2512838,0.2770278,0.23806405,0.17921041,0.21471813,0.30697197,0.30988544,0.26946613,0.26611876,0.26925847,0.17722237,0.17165653,37.17083475,18.50015441,19.93185226,22.87230039,17.11300138,71.55900731,17.17871088,5.490614685,4.34106907,5.427612175,4.424388965,2.136056062,9.221527048,2.65226646,hypokinetic dysphonia
voice162.wav,59.960495,0.047398683,0.123238228,0.045238758,-267.62555,187.5697,-94.30653,34.602142,-9.397336,-16.492207,19.533237,-32.401302,7.909358,0.55410975,-26.137632,4.2759886,-19.31662,94.18798,33.677753,44.220127,13.853446,9.962968,7.9071198,5.997311,11.639567,9.275784,5.864689,7.7454815,4.6426983,7.5226965,0.002146378,0.011831376,0.02850559,0.31512457,1.2260461,1.280965,3.168883,2.962167,1.2824799,2.117313,3.036947,0.93988097,0.8670974,1.5849222,2.5880358,1.6129787,0.42175344,0.660903,0.5056382,0.478303,1.616316,2.8416073,0.81057346,0.6795976,1.6652732,3.2611759,4.2878146,2.3349237,5.009004,5.4579062,1.8155969,1.8346676,2.467685,1.1014416,1.0984104,1.7170482,4.96341,5.123661,2.8266797,2.788343,2.1402397,1.8955052,2.5351682,1.5451041,0.82516146,0.66884255,1.1241784,1.0331488,0.58403677,0.7329839,0.8288505,1.6045018,1.1998631,0.9124739,1.2306379,3.6697133,3.558084,4.6650624,5.649081,5.966034,2.4705033,1.011313,0.796006,0.45863923,0.2639853,0.17772953,0.11891985,0.11123622,0.14271416,0.0993798,0.11747765,0.15747008,0.13599207,0.17857124,0.16853896,0.10893571,0.043233,0.019534122,0.025341304,0.023302639,0.02303345,0.017839735,0.016473252,0.020451082,0.027058428,0.065095544,0.11262537,0.16068733,0.10029976,0.063416265,0.05485481,0.04219696,0.027634608,0.025089338,0.02399382,0.021665582,0.022236478,0.014138754,0.001325283,2.30E-06,1.15E-09,7.39E-10,5.19E-10,3.84E-10,2.94E-10,2.29E-10,1.81E-10,1.45E-10,1.17E-10,9.52E-11,7.75E-11,6.33E-11,5.18E-11,4.23E-11,3.44E-11,2.79E-11,2.25E-11,1.80E-11,1.43E-11,1.12E-11,8.58E-12,6.41E-12,4.64E-12,3.21E-12,2.07E-12,1.20E-12,5.84E-13,2.15E-13,0.00129154,0.011082767,0.102745034,0.9546616,5.1062956,4.2484865,8.017367,4.848544,1.9625111,4.4749274,7.459387,1.3323842,1.0498396,4.103733,8.02405,5.0187664,0.94009274,2.8521783,1.2210784,1.4727297,6.152961,8.988278,1.9271835,1.4648694,5.4699373,10.038807,17.143736,4.7139645,15.709563,17.015669,3.151082,4.8772244,11.892433,3.5492682,3.1013968,3.6173227,16.881115,16.821291,6.3767753,8.265245,4.06047,4.8399205,10.101526,4.7903357,1.3868495,1.0575722,2.5901663,3.0368242,0.9848551,1.6560751,1.8672125,4.810048,2.87579,1.5183862,2.589979,12.011775,7.5058446,8.29179,10.749916,15.0076475,5.5630546,1.5878081,1.7921996,0.7299568,0.4692964,0.32013303,0.18561475,0.16600162,0.30169314,0.13770364,0.18242715,0.2993004,0.18538557,0.2650041,0.26214185,0.17467369,0.06380331,0.025160242,0.037540562,0.03329751,0.03613312,0.032096505,0.033452734,0.053907707,0.0589757,0.14565052,0.16726603,0.23172848,0.14720525,0.11004307,0.09645549,0.06782968,0.038050536,0.033612918,0.039941516,0.03660949,0.038344204,0.025718061,0.002085371,4.20E-06,1.35E-08,8.70E-09,6.12E-09,4.52E-09,3.46E-09,2.70E-09,2.14E-09,1.71E-09,1.38E-09,1.12E-09,9.14E-10,7.46E-10,6.10E-10,4.98E-10,4.05E-10,3.29E-10,2.65E-10,2.12E-10,1.68E-10,1.32E-10,1.01E-10,7.54E-11,5.45E-11,3.76E-11,2.42E-11,1.40E-11,6.76E-12,2.41E-12,0.39373583,0.30375615,0.4017478,0.5337843,0.5165568,0.5179594,0.6618447,0.5830906,0.4051752,0.38139963,0.43859538,0.52412605,0.2165649,0.16290323,0.2677872,0.31442153,0.26779675,0.21303888,0.33313805,0.25135937,0.18658264,0.18657917,0.19533333,0.2915369,23.92055937,13.47451983,14.90810533,15.20023859,16.47785371,70.8439609,15.44756958,4.912115834,3.272490412,3.24908431,1.924729682,2.494025534,8.367800358,1.209299611,hypokinetic dysphonia
voice163.wav,34.840073,0.25280276,0.149466495,0.041213182,-161.31541,108.42827,-127.575356,2.7216356,-21.100718,3.4033484,38.077923,-16.695644,19.09969,-13.014095,-44.727116,3.316999,-11.67538,47.22228,19.014673,25.3694,9.86391,9.740157,7.447206,9.648157,9.801167,10.729543,11.312996,12.290777,9.658877,8.409293,0.001905368,0.009024981,0.02508952,0.03593496,0.047904566,0.10468387,0.1643117,0.19554156,0.28811404,0.28900972,0.38980314,0.2047983,0.16464981,0.092787445,0.06454283,0.064737014,0.053169474,0.028581562,0.058804613,0.0768374,0.049740255,0.048113856,0.04240923,0.07561238,0.05912353,0.14385219,0.2327673,0.24942939,0.30886295,0.45123968,3.6967814,10.438243,18.907564,28.038866,83.60584,123.05647,253.57973,119.38685,136.5509,278.2588,379.58966,518.3789,264.68622,43.164604,9.230351,7.8640866,8.597676,10.267017,9.69764,4.7347145,1.6753718,1.1642202,1.1266495,1.3092444,1.1917065,1.2618355,1.3417042,2.3504562,4.2370534,3.6122715,6.0180674,5.0396147,8.2127495,14.34198,99.28517,83.11279,5.7329803,4.054451,5.8020005,3.0291028,2.268009,0.6163391,0.14472897,0.14225993,0.1789146,0.29197642,0.23991655,0.5648157,0.37348518,0.47674832,0.48035038,0.84875405,0.501505,0.16666955,0.16996454,0.17134622,0.1945398,0.21144456,0.22245312,0.8627446,0.73827505,1.4585023,2.4029355,7.5607214,3.138684,0.4158211,0.45552617,0.24062465,0.016765371,6.45E-05,4.96E-06,3.89E-06,3.16E-06,2.63E-06,2.23E-06,1.92E-06,1.67E-06,1.47E-06,1.31E-06,1.17E-06,1.06E-06,9.58E-07,8.75E-07,8.04E-07,7.42E-07,6.89E-07,6.44E-07,6.04E-07,5.69E-07,5.39E-07,5.13E-07,4.91E-07,4.73E-07,4.57E-07,4.44E-07,4.34E-07,4.27E-07,4.23E-07,0.002540109,0.015055912,0.07457123,0.05556204,0.043311343,0.10560379,0.14320163,0.17286652,0.3504282,0.31046325,0.34725842,0.1583697,0.14663492,0.069420755,0.053259756,0.06359501,0.06562624,0.02969592,0.084645465,0.081430264,0.04524975,0.04944388,0.057839874,0.22495115,0.16699989,0.44756186,0.76551735,0.7078844,0.6596048,0.7898649,21.244621,66.76006,104.607376,113.97541,266.371,296.99368,573.6469,311.30386,422.20468,787.455,1075.3668,1514.2343,819.18976,141.64058,20.881933,35.0174,29.957232,36.05835,40.22645,19.9491,2.0866559,1.3165518,1.3962841,1.6587924,1.7064562,1.8491381,1.8774145,3.951219,15.037925,12.321307,24.95726,14.59301,24.272026,48.97279,241.3997,203.93665,15.592181,12.257684,17.611687,9.062986,7.142864,1.7443017,0.16470543,0.19908932,0.305309,1.208701,0.90889305,2.6192496,1.3495333,1.6279556,2.13568,2.112734,1.229411,0.3784966,0.25518623,0.20179611,0.21113503,0.27259195,0.4420153,4.069674,2.6256533,5.5771437,9.772176,16.572584,8.883529,0.6005877,0.65805984,0.42755207,0.027964823,0.000180314,6.01E-05,4.72E-05,3.83E-05,3.19E-05,2.71E-05,2.33E-05,2.03E-05,1.79E-05,1.59E-05,1.42E-05,1.28E-05,1.16E-05,1.06E-05,9.75E-06,9.01E-06,8.36E-06,7.81E-06,7.32E-06,6.90E-06,6.54E-06,6.22E-06,5.96E-06,5.73E-06,5.54E-06,5.39E-06,5.27E-06,5.18E-06,5.13E-06,0.1965724,0.096826605,0.07560895,0.048376415,0.04314887,0.049471986,0.09383072,0.16786899,0.3454759,0.43049058,0.42903852,0.4043019,0.27932903,0.18966451,0.14061113,0.09167207,0.08425339,0.09624744,0.19998108,0.2683897,0.36996454,0.38732132,0.41197404,0.4097289,20.56806822,12.27440538,18.81407105,23.77989869,21.76044517,75.74097226,19.65386686,3.582458519,3.0146251,4.823290056,5.472046447,5.202886378,9.006084071,3.3413267,hyperkinetic dysphonia
voice164.wav,13.662855,0.25280577,0.108827732,0.015698959,-181.80615,174.2882,-126.18932,4.8850765,-32.703506,-4.1736465,18.409151,-48.39694,9.273942,-10.061961,-24.872074,13.487705,-30.030373,53.387894,23.09444,17.34685,6.775715,5.606733,3.7771082,5.465434,7.400562,3.5082161,3.0490668,4.559486,3.4189126,5.364194,0.002903635,0.007820807,0.006465904,0.021062441,0.03293591,0.32398582,136.56024,67.111435,0.09859562,0.074721135,0.102216154,0.052011613,0.12651838,31.747969,59.539837,0.73061854,0.0396792,0.107749045,0.093863845,0.1263105,38.32855,283.24228,38.684475,0.14310005,0.3242266,0.22406602,0.14720872,8.860211,160.39366,92.65815,0.819143,0.26047772,0.2856834,0.19235525,5.1002765,131.75795,224.17921,14.528854,1.0927558,1.4836892,0.6423681,4.681927,84.468285,208.36171,32.496616,0.5547919,0.4030806,0.45429623,9.815987,83.98636,58.126095,1.3819174,1.0616506,3.0926807,58.15617,146.95717,15.572158,0.645583,0.68770516,5.3591447,7.9657826,0.6438153,0.1297504,0.54006684,2.5153387,0.7728633,0.04979278,0.23622034,0.90841144,0.2390608,0.034029648,0.2387783,0.4015416,0.049152963,0.18948314,0.7183093,0.15114126,0.071568064,0.1292571,0.022747995,0.005797424,0.016644996,0.006139226,0.018826136,0.028406398,0.019838464,0.13923955,0.10877217,0.6028371,0.64507216,0.1821991,0.22142595,0.04616783,0.063149415,0.017275244,0.088065706,0.4760737,1.2016497,0.07340083,0.000118253,1.08E-06,7.23E-07,5.29E-07,4.09E-07,3.31E-07,2.74E-07,2.32E-07,2.00E-07,1.74E-07,1.54E-07,1.37E-07,1.23E-07,1.12E-07,1.02E-07,9.35E-08,8.63E-08,8.02E-08,7.49E-08,7.03E-08,6.64E-08,6.30E-08,6.02E-08,5.77E-08,5.57E-08,5.41E-08,5.28E-08,5.19E-08,5.13E-08,0.024905445,0.06924731,0.037238058,0.12026562,0.10656448,0.61301374,49.925014,31.68141,0.2091786,0.08982139,0.12713288,0.06409548,0.28181195,13.144787,29.25178,0.8159277,0.06941898,0.3162274,0.29815763,0.4373143,36.85451,93.69081,35.71822,0.3769803,1.253835,0.5800945,0.35568258,19.821377,47.28227,62.28766,2.3261814,0.7449016,0.70078087,0.62759906,18.22271,82.70897,129.18604,21.85668,3.4785647,4.863871,1.4800094,19.266605,106.66691,84.77694,41.107872,0.7373318,0.5081779,0.53431237,18.957638,40.693233,55.033165,2.1437676,2.21405,10.608103,62.58212,64.67263,19.788162,1.9281784,2.295973,6.100641,4.2236996,0.878538,0.25354707,0.78865266,1.2830763,0.80548066,0.08881136,0.40369594,0.39923885,0.23455381,0.087596014,0.19540893,0.23135723,0.06793493,0.2249371,0.41648746,0.15312263,0.15251994,0.07011144,0.026567213,0.016259788,0.020371147,0.01897273,0.01922226,0.024888594,0.038475376,0.10448949,0.19201854,0.47800824,0.40893286,0.16113669,0.12177995,0.035875782,0.037570767,0.015621169,0.05949261,0.36657327,0.6590687,0.082973935,0.000134216,1.32E-05,8.77E-06,6.41E-06,4.96E-06,4.01E-06,3.32E-06,2.81E-06,2.42E-06,2.11E-06,1.87E-06,1.66E-06,1.50E-06,1.35E-06,1.24E-06,1.13E-06,1.05E-06,9.73E-07,9.08E-07,8.53E-07,8.05E-07,7.64E-07,7.30E-07,7.00E-07,6.75E-07,6.56E-07,6.40E-07,6.29E-07,6.22E-07,0.89925534,0.15510531,0.1464661,0.2303302,0.25232726,0.9258872,0.16302095,0.04509783,0.1881329,0.5013342,0.06866812,0.22191769,0.11576641,0.103146754,0.0914364,0.121587604,0.1361678,0.13224375,0.06591806,0.06166322,0.12499433,0.16792078,0.0926059,0.16641264,36.91061382,25.15397231,29.41990595,26.04288507,25.40440497,74.48746867,18.41509911,4.572236954,3.569650187,4.556845329,3.002500459,3.128924242,8.428970983,2.681641157,hyperkinetic dysphonia
voice165.wav,51.1689,0.26237133,0.161778392,0.045995749,-150.6791,109.90735,-162.333,2.6470554,-52.605305,-29.637957,33.28511,-37.046352,4.548623,1.7740766,-17.400843,10.048539,-28.957182,99.00698,24.035286,59.247536,15.068673,20.427938,10.767809,13.501226,13.433674,8.439651,8.920602,11.290119,9.934582,11.721882,0.000334171,0.000668493,0.001232385,0.003121112,0.004278935,0.009469231,0.012029796,0.011619207,0.009668353,0.013412647,0.03301549,0.037669215,0.014870089,0.013187277,0.017784182,0.06954858,4.723629,44.927666,28.053455,12.843373,9.307411,10.929533,3.0630283,1.4143544,1.2318197,1.0824866,1.4037465,1.8350673,3.9219754,5.720356,9.666716,73.66726,82.46389,103.32798,180.35558,265.6016,273.77347,156.14433,70.075356,70.91461,34.940495,16.793734,22.779438,15.5159645,9.45961,6.5691843,6.3580046,5.4206877,11.806513,27.22606,61.899925,126.54708,100.093605,111.9286,39.83115,24.582848,9.3748865,6.5806303,3.5787444,2.7367835,2.1098335,1.8002774,1.8889942,2.5596259,3.2009294,1.7485389,1.1175811,0.8361526,0.75211257,0.99303234,1.12043,1.9336576,2.8077004,4.0770526,4.043784,3.568097,3.9954948,4.8033314,5.536498,6.318041,6.1882105,4.268171,2.7431831,2.0282164,1.4506459,1.5064216,1.2638239,1.5217109,1.7388725,2.8805592,4.5711765,8.07573,11.726659,13.083509,10.017469,7.8356104,3.833433,1.0263596,0.061172225,0.000143827,4.34E-07,3.51E-07,2.89E-07,2.42E-07,2.06E-07,1.76E-07,1.52E-07,1.32E-07,1.16E-07,1.02E-07,9.05E-08,8.06E-08,7.22E-08,6.50E-08,5.87E-08,5.34E-08,4.88E-08,4.47E-08,4.13E-08,3.83E-08,3.57E-08,3.36E-08,3.17E-08,3.02E-08,2.90E-08,2.80E-08,2.73E-08,2.69E-08,0.001769111,0.001679727,0.002256459,0.003293336,0.004341949,0.009322667,0.013718202,0.013616594,0.010701895,0.01824833,0.06357176,0.071583815,0.021127464,0.02295496,0.04255749,0.3177806,9.104525,61.74174,44.145973,35.70822,31.260073,51.004128,16.240622,3.5558774,2.8650246,2.455086,3.5587482,5.4240136,17.08825,16.722643,24.18453,168.44873,155.69624,210.97548,322.20584,459.66412,502.51627,282.29495,169.92316,231.98972,94.69296,37.91696,81.9676,37.677464,18.421246,10.577114,13.414147,8.021289,21.99675,45.92734,80.02609,182.28302,113.68098,136.3743,47.264187,34.09771,10.794808,13.053463,5.7330923,4.633311,4.4664483,2.845038,2.4823203,4.493483,5.241526,2.7512815,1.3353704,1.0188361,1.0827993,1.2369424,1.4820013,2.7840884,3.7177522,4.8082967,3.7944903,3.716086,4.186541,6.3404055,8.490345,8.879423,7.8194685,6.0532846,4.304534,4.18592,2.9884305,2.8219948,1.9137973,1.8812158,2.0243433,3.6578846,5.800075,10.793876,14.441949,14.574503,12.361432,11.277213,6.049297,1.8697846,0.14035907,0.000475289,5.26E-06,4.25E-06,3.51E-06,2.94E-06,2.49E-06,2.14E-06,1.84E-06,1.61E-06,1.41E-06,1.24E-06,1.10E-06,9.78E-07,8.76E-07,7.88E-07,7.12E-07,6.47E-07,5.91E-07,5.43E-07,5.01E-07,4.65E-07,4.33E-07,4.07E-07,3.85E-07,3.66E-07,3.51E-07,3.40E-07,3.32E-07,3.26E-07,0.17239459,0.13933565,0.17065035,0.41198313,0.39360562,0.1690399,0.19831069,0.33635432,0.52524227,0.53945684,0.2687085,0.17101157,0.28752562,0.24276598,0.1586508,0.30792108,0.28637397,0.17935154,0.27074733,0.32031396,0.33135816,0.35868943,0.30682105,0.25583166,18.79773325,13.80000272,23.39743762,21.42231497,17.20753426,75.72454635,17.75915815,3.758622027,3.769782152,5.113703641,4.136158024,2.076780312,10.3814913,2.579396899,hypokinetic dysphonia
voice166.wav,32.76515,0.31973958,0.142302852,0.021055137,-106.34383,180.69688,-164.63776,3.9336166,-20.04183,-22.203777,28.502766,-48.330185,-20.087955,0.70791054,-27.449781,-8.196325,-11.99812,61.24189,26.09492,22.824938,8.110215,5.6351833,6.7160544,6.6372147,8.03192,5.8645864,4.8947444,6.2870536,3.7578835,4.1947527,0.007739495,0.00585934,0.016458774,0.06458371,0.10698638,0.37869108,0.7268797,1.4414935,1.1598063,1.1922257,12.157306,61.239132,134.88976,15.778127,1.4856142,2.2710319,24.559374,5.731199,0.89786327,1.2685524,1.8601274,5.9775276,18.165882,25.832441,55.019806,66.66939,4.9141135,1.3679509,2.2950943,4.299054,3.4243283,2.327701,2.8681617,9.592166,7.194442,9.895052,25.720728,237.63611,359.39777,68.80845,48.57172,70.93179,49.773956,38.800404,70.294136,91.89904,92.504944,81.18324,60.43132,126.968216,112.529045,63.564953,71.79189,95.365906,70.9596,53.524803,49.92779,43.923836,137.64285,218.02191,39.909748,13.87677,5.842367,3.816387,3.0572095,2.8525832,4.4359818,2.4900568,1.1071786,0.86626256,0.85958445,0.69614947,0.6800324,1.197601,0.76093143,0.6803603,0.7892671,1.4181929,3.1428616,2.078815,1.7688478,4.0336113,5.9580183,6.6556125,3.301054,1.40669,0.943509,0.7176967,0.41888407,0.21959297,0.11884189,0.10614516,0.08698674,0.0639588,0.06317894,0.07388629,0.108171426,0.054188427,0.004646016,3.37E-05,1.05E-05,7.93E-06,6.31E-06,5.18E-06,4.36E-06,3.73E-06,3.24E-06,2.85E-06,2.52E-06,2.25E-06,2.03E-06,1.84E-06,1.68E-06,1.54E-06,1.42E-06,1.31E-06,1.22E-06,1.15E-06,1.08E-06,1.02E-06,9.72E-07,9.29E-07,8.93E-07,8.62E-07,8.38E-07,8.18E-07,8.05E-07,7.96E-07,0.079208784,0.02949747,0.08371898,0.12409829,0.21559985,1.0758698,1.7392629,5.1099777,2.9551294,1.5657122,26.489283,45.42591,91.67479,35.91471,3.3774467,5.7273602,57.036808,11.380406,0.85437477,1.0309538,1.8105276,10.0947,33.688152,43.32131,62.776295,63.201096,7.057849,1.2999595,1.8718358,3.8603477,2.9676445,2.110803,3.7429073,23.132488,10.507981,16.71991,46.208103,223.50447,355.5213,121.33361,99.93963,172.1842,41.75741,29.648026,121.21757,144.20583,142.167,124.939476,89.97619,156.90118,157.1822,128.60522,177.80661,251.26108,125.85621,72.03729,73.71236,54.53959,154.23346,210.3796,74.75115,20.717611,6.0038433,3.691873,2.2284913,2.8210478,5.1259336,3.0654428,0.91321343,0.5804944,0.62646145,0.5413084,0.5266808,1.095063,0.6622299,0.4962461,0.51796085,1.109156,2.8732657,1.845771,1.1188872,2.4541216,3.5455627,4.646895,2.3426201,0.8715276,0.6383256,0.5086846,0.27339962,0.1537011,0.06657493,0.06285699,0.044400487,0.041785546,0.03747293,0.048354052,0.11511193,0.051317573,0.003874205,0.000200668,0.000127516,9.62E-05,7.65E-05,6.28E-05,5.29E-05,4.53E-05,3.93E-05,3.45E-05,3.06E-05,2.73E-05,2.46E-05,2.23E-05,2.03E-05,1.86E-05,1.72E-05,1.59E-05,1.49E-05,1.39E-05,1.31E-05,1.24E-05,1.18E-05,1.13E-05,1.08E-05,1.05E-05,1.02E-05,9.93E-06,9.76E-06,9.66E-06,0.16375403,0.29268387,0.39161524,0.5221315,0.28669807,0.2715055,0.33384147,0.4822276,0.11610728,0.16570243,0.56423306,0.19590537,0.103839636,0.31712916,0.33704105,0.32849094,0.2479068,0.26033157,0.23362216,0.32677078,0.08145541,0.13541467,0.40297896,0.1450085,23.96125505,21.32720264,19.92216454,19.45874279,17.70396658,69.21776395,18.0717002,4.070439443,3.770220859,3.624369704,2.952161733,1.695479091,8.3947744,2.736739311,hyperkinetic dysphonia
voice167.wav,6.0212636,0.2827145,0.072822724,0.010732802,-186.94592,180.37419,-68.15591,8.5896435,-63.893475,-10.120068,34.677788,-58.50334,-1.1180874,14.248261,-12.35482,17.815865,-25.6848,49.23459,23.25229,12.2248335,8.199664,9.275637,4.3113127,6.1368484,9.877833,4.570015,4.787951,4.7083926,4.288243,4.8164544,0.052761175,0.06683542,0.07771571,0.12942836,7.9443836,169.71513,21.144573,0.09841383,0.09561418,0.108721636,5.296449,112.21601,21.083408,0.11286884,0.0951637,0.04995252,4.483207,87.91921,30.710052,0.16338198,0.25599262,0.23889844,22.92816,367.74655,197.45651,3.6673024,1.356769,1.4252279,67.57393,815.15375,513.70264,10.317333,0.8307967,0.4292533,3.8354967,22.281574,11.087553,0.35416684,0.116137154,0.21275084,4.41008,29.29896,22.675755,1.5603216,0.2220166,0.7457539,20.352127,61.10701,20.581287,1.7419297,2.6871278,15.622824,20.500816,2.8145916,0.12527573,0.31003964,0.9195567,0.34548187,0.024871876,0.046297785,0.16409658,0.07207803,0.008503838,0.021842275,0.037554353,0.011624937,0.0056887,0.012539609,0.00720102,0.002790737,0.006129493,0.004985394,0.00360551,0.006680823,0.003451849,0.006600476,0.010067743,0.008252189,0.023139391,0.019152293,0.04183128,0.0825032,0.06488299,0.032882027,0.010354202,0.050872218,0.08298834,0.5610976,0.713188,0.637772,0.12604252,0.16678074,0.28236598,0.4742739,0.5820855,0.48502806,0.24948502,0.041522175,0.00103535,1.79E-05,1.15E-05,8.63E-06,6.81E-06,5.56E-06,4.66E-06,3.97E-06,3.43E-06,3.01E-06,2.66E-06,2.37E-06,2.14E-06,1.94E-06,1.77E-06,1.62E-06,1.50E-06,1.39E-06,1.30E-06,1.22E-06,1.15E-06,1.09E-06,1.04E-06,9.93E-07,9.56E-07,9.24E-07,8.99E-07,8.79E-07,8.65E-07,8.56E-07,0.5489634,0.6667563,0.7507094,1.1988205,5.9444313,53.667934,12.289188,0.22465263,0.2079135,0.5073184,6.2627897,40.257698,12.349049,0.29402605,0.2974962,0.13902451,7.0260024,24.758915,24.519665,0.44518408,1.232049,1.070213,36.813786,120.77451,185.12714,8.396839,2.082339,2.9798996,135.13097,301.39716,356.69818,23.722052,2.641436,1.1074133,9.133393,16.923122,8.360224,0.8463166,0.29608697,0.57350755,9.003138,18.08985,14.242385,3.0944588,0.2905637,2.039588,22.836756,32.820915,29.359453,3.979128,6.478533,19.571005,14.169754,4.0587115,0.22222091,0.5417529,0.85832816,0.32449752,0.04879699,0.06677056,0.115401305,0.060804322,0.015264288,0.026813947,0.028152654,0.015502064,0.009177222,0.012200037,0.009559357,0.005403596,0.005978896,0.006953628,0.005760484,0.005071038,0.003863862,0.005911372,0.00613748,0.009055194,0.015019625,0.014053708,0.032450754,0.05903753,0.068379305,0.02534684,0.010289251,0.049507417,0.07294359,0.6156178,0.65038437,0.5597239,0.12102002,0.11001657,0.16316438,0.2776341,0.3489685,0.3351143,0.1752232,0.03853832,0.001214758,0.000211997,0.000139624,0.000104662,8.26E-05,6.74E-05,5.65E-05,4.82E-05,4.16E-05,3.65E-05,3.23E-05,2.88E-05,2.59E-05,2.35E-05,2.14E-05,1.97E-05,1.82E-05,1.69E-05,1.57E-05,1.48E-05,1.39E-05,1.32E-05,1.26E-05,1.20E-05,1.16E-05,1.12E-05,1.09E-05,1.07E-05,1.05E-05,1.04E-05,0.08931438,0.5704343,0.22676371,0.05473652,0.21276009,0.9837059,0.20603696,0.02339299,0.1051614,0.03945179,0.019023418,0.0446305,0.0678854,0.14759548,0.16011603,0.065267004,0.17298678,0.116396986,0.13859956,0.051356032,0.042508584,0.025522368,0.01877971,0.021918103,36.65571463,25.98568653,29.42547343,26.8250553,23.0969179,73.61982286,19.88342399,5.360453882,4.157378072,4.09739443,3.575464094,3.075232036,9.028725822,3.089942747,hyperkinetic dysphonia
voice168.wav,17.409594,0.1967687,0.112321073,0.025894045,-197.80794,171.0227,-108.35653,12.155983,-10.638686,3.5670154,29.538296,-43.836994,-1.3212152,2.7223516,-31.945627,-0.61127657,-16.433554,62.587635,24.510344,31.287148,13.669049,13.598036,4.531859,13.327067,9.8988905,7.6621556,4.308021,6.309368,4.1537237,5.1714106,0.002548507,0.008217331,0.013539461,0.84543425,1.5296816,0.47978967,41.1078,200.8406,7.0845003,0.4478687,0.3726871,0.21077543,0.6928641,0.6764519,15.655383,28.530205,0.6775769,0.1269304,0.12071005,0.12713991,0.18965489,0.5861255,18.417942,19.140596,0.4117995,0.07821959,0.14856884,0.17599265,0.20929924,5.381611,77.954506,66.151855,2.1902125,0.1564842,0.23066397,0.30441582,0.55585575,12.752975,104.20513,106.27455,4.7131143,0.96978974,2.6874382,2.3309968,21.462376,161.26436,311.77625,46.880642,0.9715653,0.92523247,1.1987716,15.4793825,128.72137,99.70982,3.9125452,1.7193005,1.8504927,10.435136,17.879234,3.5952313,0.54116476,0.7832303,2.269708,2.7165966,0.39456096,0.1219412,0.14702854,0.2282174,0.08651084,0.02362241,0.058793273,0.12624922,0.041243047,0.019341325,0.057224773,0.073296614,0.018844819,0.05175702,0.10029269,0.036595188,0.049135637,0.11369816,0.045365877,0.055762623,0.13258708,0.07253147,0.19806439,0.2414902,0.15780273,0.32860363,0.18204609,0.124026254,0.09548582,0.044740185,0.039474692,0.03668498,0.02721627,0.007579995,0.0007741,2.72E-06,2.35E-08,1.75E-08,1.39E-08,1.14E-08,9.59E-09,8.22E-09,7.15E-09,6.31E-09,5.61E-09,5.04E-09,4.56E-09,4.15E-09,3.81E-09,3.51E-09,3.26E-09,3.03E-09,2.84E-09,2.68E-09,2.53E-09,2.41E-09,2.30E-09,2.21E-09,2.13E-09,2.06E-09,2.01E-09,1.97E-09,1.94E-09,1.92E-09,0.010275227,0.020915516,0.048812795,1.9232789,3.3140125,1.575186,43.262905,167.96265,7.654731,0.6355604,0.43791556,0.2014398,0.92289543,1.2210063,19.383205,22.816113,0.9561542,0.2704673,0.19391954,0.23183022,0.5013167,1.827628,19.573315,15.921807,0.8738476,0.17853676,0.3921099,0.4469833,1.0390303,15.882532,74.012764,70.223076,6.120191,0.18930036,0.35878387,0.6559913,1.856354,31.27174,88.37331,151.11652,14.004511,1.2339387,4.577592,4.5611897,88.16609,229.19633,295.78952,85.53722,1.463817,1.8239471,3.5784626,29.431067,120.2159,173.71437,10.5641,1.8544092,3.3322802,15.406104,16.063883,7.9117827,0.77444345,1.6497368,2.7394714,2.4328783,0.5866858,0.21868457,0.2363635,0.183243,0.10993985,0.040090114,0.0842513,0.10561577,0.059441905,0.038343146,0.055172358,0.07617462,0.024020802,0.07771068,0.087208204,0.041062225,0.06661576,0.09482226,0.063357435,0.06532284,0.117054336,0.09026413,0.21846628,0.24541044,0.20224687,0.31005958,0.26929504,0.15234724,0.11880428,0.05984681,0.0365011,0.064371035,0.024109654,0.008723865,0.000944938,4.11E-06,2.85E-07,2.13E-07,1.68E-07,1.38E-07,1.16E-07,9.98E-08,8.67E-08,7.65E-08,6.81E-08,6.11E-08,5.53E-08,5.04E-08,4.62E-08,4.26E-08,3.95E-08,3.68E-08,3.45E-08,3.25E-08,3.07E-08,2.92E-08,2.79E-08,2.68E-08,2.58E-08,2.50E-08,2.44E-08,2.38E-08,2.35E-08,2.33E-08,0.3647064,0.68112206,0.13103727,0.39146647,0.42915544,0.3814833,0.52021956,0.21723779,0.23018987,0.31873626,0.3533776,0.1371723,0.26386613,0.3847882,0.10626091,0.21025778,0.28291184,0.24867739,0.2016959,0.23915736,0.34975785,0.2851238,0.212551,0.19888906,34.37136008,19.28697162,24.40339009,22.84395595,21.49060881,71.99234035,18.77770453,6.65292968,4.953108338,6.618051046,5.186914461,2.70949952,8.738155831,2.735822294,hypokinetic dysphonia
voice169.wav,33.87613,0.25145686,0.127307047,0.033456078,-126.098915,195.36288,-129.81071,-6.8136616,-52.081074,-11.855261,32.384182,-54.524014,-1.8514318,-4.301635,-33.34217,10.189255,-26.07086,58.197983,27.328035,18.328688,8.459606,10.675411,9.286443,7.8579955,8.150797,4.2229195,5.047001,5.404334,5.993563,5.708149,0.002391401,0.008267752,0.011463054,0.029870385,0.13260515,0.23340838,0.2391961,0.28140813,3.2739697,59.957024,152.90118,145.21805,45.991146,15.138973,1.783265,1.6631503,1.264659,0.99243224,4.584462,21.157001,62.50211,51.37052,33.092907,38.61698,22.414345,16.053703,14.954688,12.57107,10.763443,19.681204,25.975863,25.162493,33.360775,33.15615,36.667915,79.11373,72.12642,73.63513,96.73706,61.11484,73.61952,86.69529,71.500465,65.1691,45.44385,32.568348,26.022005,26.252901,28.554379,28.995495,49.67837,69.57366,72.75277,53.19868,24.784286,13.328093,7.7066493,4.47911,2.649166,2.1896265,1.434897,1.2666488,1.0003068,0.57308674,0.44064486,0.3314295,0.29918322,0.23949978,0.2011007,0.23302193,0.192581,0.17050143,0.14282194,0.1576464,0.13033363,0.14182423,0.11979934,0.08656313,0.05564956,0.0501094,0.06208682,0.068613574,0.07935446,0.10072462,0.123881154,0.20625615,0.36224622,0.7754725,1.3155775,2.0307453,1.8777863,1.27311,0.65223426,0.33570012,0.26109976,0.20907837,0.15884402,0.09088539,0.008678641,3.54E-05,1.60E-07,1.66E-07,1.60E-07,1.51E-07,1.41E-07,1.31E-07,1.21E-07,1.13E-07,1.05E-07,9.77E-08,9.12E-08,8.54E-08,8.02E-08,7.55E-08,7.13E-08,6.75E-08,6.41E-08,6.11E-08,5.85E-08,5.61E-08,5.40E-08,5.22E-08,5.07E-08,4.93E-08,4.83E-08,4.74E-08,4.68E-08,4.64E-08,0.014880905,0.03544575,0.023622626,0.032880787,0.23707587,0.28879294,0.1706931,0.19780593,14.21664,112.42929,173.41592,230.37804,86.544,39.160156,5.3281746,5.0017977,1.7391589,1.1112924,20.880772,65.436714,113.276,69.390015,45.50643,66.83699,41.47163,29.878925,21.319227,17.517336,11.167591,38.950905,47.157665,38.672394,49.199265,50.2032,48.016533,119.03383,112.67774,118.949326,178.51657,69.21917,126.60063,129.47105,118.72985,90.73072,58.667767,39.360252,24.349245,25.577065,29.555475,37.80059,56.827606,85.402115,79.272644,56.164597,31.019655,12.20576,9.037934,4.4881573,2.4637675,2.1525118,1.1745563,1.3027295,0.97095263,0.6674391,0.3526698,0.3049041,0.3044922,0.21050934,0.161372,0.23299189,0.17155734,0.13163891,0.10721841,0.14969243,0.09292615,0.13195932,0.07465474,0.058660533,0.03722465,0.035962377,0.049984124,0.05081217,0.052365202,0.079151034,0.08472048,0.15827458,0.28278697,0.7935199,1.1321738,1.5366019,1.323238,1.0763239,0.6619711,0.26096925,0.21813436,0.16296722,0.11447367,0.09557972,0.006709905,2.93E-05,1.95E-06,2.01E-06,1.94E-06,1.83E-06,1.71E-06,1.59E-06,1.47E-06,1.37E-06,1.27E-06,1.18E-06,1.11E-06,1.04E-06,9.72E-07,9.15E-07,8.64E-07,8.19E-07,7.78E-07,7.41E-07,7.09E-07,6.81E-07,6.55E-07,6.33E-07,6.15E-07,5.98E-07,5.86E-07,5.75E-07,5.68E-07,5.63E-07,0.4514196,0.37031657,0.36012107,0.4464948,0.24744761,0.14464928,0.16062804,0.20768674,0.29995212,0.3736155,0.46399382,0.5461257,0.33921278,0.32979557,0.26695746,0.28595534,0.19482341,0.16089296,0.16658542,0.19559518,0.27429292,0.32112926,0.30338347,0.3562252,21.218378,21.10389252,19.56533669,19.41920525,17.98922365,74.30361767,17.16542824,4.14613916,3.637878549,3.41885912,3.287115396,1.867314583,8.700648912,2.478842466,hyperkinetic dysphonia
voice170.wav,15.467023,0.2787078,0.113226278,0.01686525,-136.87413,154.08449,-131.36537,20.944172,-26.935793,-13.199841,33.16549,-43.34713,2.477914,1.4317045,-38.851337,-2.353944,-16.477406,54.561127,26.802439,20.035385,15.095582,7.5089183,7.075193,5.9687843,8.186517,3.5126328,3.11528,7.261467,4.1569223,4.3816533,0.00339241,0.01135274,0.027033428,0.15852252,0.25814593,0.19735491,0.38498098,1.7985721,53.49308,151.13039,13.184376,0.7459667,0.30967095,0.47989407,1.0053827,0.93813854,0.8082413,2.5592422,85.4043,63.570385,4.610253,1.1437205,0.28109798,0.4048932,1.3811389,3.6636329,2.3344805,19.701942,155.14986,80.52477,7.350856,3.643514,2.5200415,2.7203,5.4375067,18.489912,37.85078,323.94635,654.84705,177.86775,37.765816,16.784054,7.6830926,4.1485524,4.388263,9.028015,47.08671,127.46431,48.413094,6.339675,4.8647466,2.9421175,3.4113235,13.041823,60.24742,90.44102,18.730892,6.3522425,3.045172,2.514953,15.323356,44.110786,14.160482,0.66695815,0.53348607,0.87501395,3.402706,2.8219762,0.39942038,0.14419933,0.26357576,0.6878472,0.5889629,0.13558854,0.13409449,0.312798,0.64472824,0.35118648,0.28541425,0.47412515,0.71592134,0.3424432,0.3561986,0.8125827,0.7697376,0.59904027,1.6711168,3.0523815,2.1291113,1.8483636,1.4704409,0.51076716,0.5213062,0.40505314,0.25280288,0.2128406,0.16341591,0.110677175,0.019550053,8.94E-05,6.35E-06,4.75E-06,3.80E-06,3.16E-06,2.70E-06,2.35E-06,2.06E-06,1.84E-06,1.66E-06,1.50E-06,1.37E-06,1.26E-06,1.16E-06,1.08E-06,1.00E-06,9.41E-07,8.86E-07,8.38E-07,7.95E-07,7.59E-07,7.27E-07,6.99E-07,6.76E-07,6.56E-07,6.40E-07,6.27E-07,6.19E-07,6.13E-07,0.023222083,0.04937089,0.06332043,0.37813216,0.5530031,0.26570332,0.65397227,2.890801,48.92607,95.5426,28.41573,2.4680223,0.691809,0.9219053,2.9928372,2.3051043,1.5758613,5.183782,76.670845,39.81743,9.704042,3.1742227,0.66025084,1.1574736,4.4388423,13.909319,7.7359676,33.27075,107.12809,88.17114,17.358347,11.960842,7.3515153,8.713369,16.795975,64.80787,135.006,428.99155,441.40393,245.95547,122.34375,53.41014,25.867882,11.763705,11.209603,22.967264,68.42608,103.1542,55.11743,12.97011,10.469661,6.820033,10.139149,35.91047,63.284412,80.44563,33.350296,15.964852,6.146716,5.2014594,24.194233,38.17009,18.907846,0.8927495,0.49904147,1.4519418,4.2208037,2.8934793,0.58156633,0.11562448,0.32733244,0.5868946,0.56600416,0.12410789,0.17222314,0.27665287,0.5789611,0.35377297,0.21233733,0.38009357,0.58298016,0.2743415,0.28349826,0.59055823,0.56315875,0.5394571,1.4152694,2.1497452,1.9614453,1.5699956,1.3863196,0.3879797,0.4388773,0.34863627,0.209223,0.17604621,0.13758464,0.16485025,0.03310729,0.000158504,6.42E-05,4.79E-05,3.83E-05,3.19E-05,2.72E-05,2.37E-05,2.08E-05,1.86E-05,1.67E-05,1.51E-05,1.38E-05,1.27E-05,1.17E-05,1.09E-05,1.01E-05,9.50E-06,8.94E-06,8.45E-06,8.02E-06,7.65E-06,7.33E-06,7.05E-06,6.82E-06,6.62E-06,6.46E-06,6.33E-06,6.24E-06,6.18E-06,0.0884897,0.10262069,0.20365201,0.086158454,0.09595117,0.34913886,0.18184285,0.09270711,0.12726521,0.26846623,0.9040388,0.3596384,0.19998029,0.14387889,0.12749568,0.14160614,0.12630685,0.1396748,0.19769953,0.120744534,0.15209909,0.2719154,0.24466729,0.28768387,22.65733791,23.7328803,26.1172478,24.99579827,20.48983751,73.39597678,18.55724319,4.183849333,4.829636248,5.193949377,4.388876314,3.209178162,9.069942748,2.765797252,hyperkinetic dysphonia
voice171.wav,31.586964,0.25451347,0.141968593,0.023409007,-114.75674,177.1282,-162.81146,18.074747,-20.088467,-14.082538,40.928684,-41.190456,-5.1235514,-2.0543141,-36.417763,0.18937665,-17.754702,58.431602,22.621635,22.570173,8.165053,4.7841005,4.475008,7.2289515,7.9675384,4.6782117,4.41347,5.321689,3.909742,3.5281174,0.001742543,0.006372375,0.01777078,0.10136773,0.48846155,0.48125866,0.30428246,0.770572,1.0115367,237.07509,271.4605,2.5565653,1.3785398,0.60835254,0.3047574,0.38548252,0.25215492,0.4172595,0.61626893,3.7844226,33.60013,5.4056964,0.77847815,1.3326946,0.41699305,1.830946,1.1918386,0.5556479,0.9626927,1.9731919,20.740526,22.192146,3.9718812,8.855839,9.649882,17.04896,18.649813,5.406467,8.077933,10.449645,42.36675,230.18399,118.35713,32.453945,21.840237,24.27123,27.440104,20.900406,13.870507,28.103018,289.44583,184.31654,18.055296,10.211396,11.115377,7.1766925,6.9823136,18.944202,47.537136,15.123571,7.177233,20.44621,8.754457,3.589606,3.7946799,2.6090922,1.5545745,2.219614,1.1984582,1.328645,2.090153,0.9372704,0.9257202,0.75449604,1.802881,2.2037401,0.6818858,0.64115363,0.48487368,0.71880245,0.62096995,0.8104447,1.0667452,3.069346,2.370364,2.535442,4.2728505,4.025649,1.2312688,0.5031646,0.3378901,0.29667363,0.25355196,0.22186275,0.21222611,0.17416722,0.17204858,0.0627448,0.004990454,2.62E-05,7.13E-06,5.41E-06,4.33E-06,3.57E-06,3.03E-06,2.61E-06,2.27E-06,2.01E-06,1.79E-06,1.61E-06,1.46E-06,1.33E-06,1.22E-06,1.12E-06,1.04E-06,9.72E-07,9.11E-07,8.57E-07,8.11E-07,7.71E-07,7.36E-07,7.07E-07,6.81E-07,6.60E-07,6.43E-07,6.30E-07,6.20E-07,6.14E-07,0.006329964,0.01052561,0.02241506,0.11204111,0.5408706,0.49083626,0.21190648,1.042037,0.8353278,80.135925,98.32359,2.2136238,1.7419151,0.853476,0.21326785,0.24217513,0.2239644,0.47527605,0.8785339,3.3777072,16.34373,3.9693573,1.1765895,3.1373281,0.6269456,1.378077,0.8429506,0.46032435,1.0208628,1.835917,20.8371,19.189234,4.1636887,9.957099,14.571552,12.541653,12.429847,3.7529466,7.371051,7.991488,42.41185,175.64513,142.39442,29.725227,18.678331,19.311224,18.37368,16.957449,10.318918,31.531538,199.84155,141.89455,23.59918,8.940204,9.163455,7.7751203,5.9609237,13.553799,26.99469,13.1365385,5.71264,15.497841,6.9350457,3.2548213,3.1721256,1.9603865,0.98905134,1.3295101,0.68310994,0.98410034,1.4707053,0.6208335,0.45712212,0.42092595,1.9747952,1.8976039,0.44597408,0.48975384,0.27478883,0.4106983,0.3253853,0.43769887,0.7188794,1.7659458,1.5374717,1.308462,3.1121871,2.5405235,0.81980306,0.2410026,0.16638036,0.15663917,0.12596667,0.11380566,0.097759515,0.07604975,0.083585106,0.0295675,0.002521319,0.000132823,8.65E-05,6.56E-05,5.25E-05,4.33E-05,3.67E-05,3.16E-05,2.76E-05,2.44E-05,2.17E-05,1.95E-05,1.77E-05,1.61E-05,1.48E-05,1.36E-05,1.26E-05,1.18E-05,1.10E-05,1.04E-05,9.83E-06,9.35E-06,8.93E-06,8.57E-06,8.26E-06,8.00E-06,7.80E-06,7.64E-06,7.52E-06,7.45E-06,0.3244972,0.15189953,0.32090026,0.7878358,0.14929923,0.1262688,0.29406863,0.1632898,0.12676834,0.09343445,0.26333597,0.9609535,0.13851246,0.09015574,0.15804648,0.18349302,0.07278333,0.097309664,0.17187802,0.12880586,0.109028235,0.103377454,0.11940871,0.09156721,21.87256531,24.57091521,20.68663582,19.25414678,17.58327942,71.96469776,18.25019187,3.441787184,3.935756158,4.042349848,2.11100333,1.791636365,8.635561635,2.710756039,hypokinetic dysphonia
voice172.wav,12.641484,0.13895638,0.093192901,0.034262871,-202.60426,165.10486,-109.47333,33.92837,-12.010601,-11.831479,21.930819,-34.90988,15.085399,-8.26625,-46.11142,2.9886267,-18.462297,50.875248,20.395142,18.085596,8.953563,6.6734705,7.1756973,4.736073,5.730247,4.5865145,5.5077486,6.3607607,5.4871564,4.276873,0.005076049,0.012549534,0.018997436,0.04577731,0.15878978,0.21316732,0.32389405,1.8460939,114.75737,34.726208,0.65546626,0.41305205,0.5265639,0.25859314,0.08856535,0.09300393,0.2108568,54.200104,56.292995,0.71065295,0.14839084,0.07240405,0.033008482,0.03940666,0.031054545,0.0516631,5.0481844,13.601257,0.703576,0.08526025,0.090535656,0.12007662,0.15233852,0.22542116,0.4814612,52.729904,219.96754,35.044205,0.27803892,0.1488637,0.14320256,0.13722149,0.16533759,0.20381096,8.220076,25.36761,5.204295,0.12896375,0.12976086,0.12777333,0.11284685,0.6278193,6.882776,2.9434984,0.14262782,0.13127863,0.13085434,0.13494709,1.580923,4.938104,0.94950414,0.45383808,0.5590882,1.1312288,7.624646,4.242612,0.21384282,0.13629556,0.13169041,1.0154955,0.6081754,0.044250853,0.03921133,0.119843744,0.2188545,0.023985436,0.020026917,0.054425586,0.08817544,0.019293264,0.03673437,0.20800735,0.0893037,0.023886662,0.18591385,0.18255465,0.014268258,0.040277053,0.050147604,0.026849104,0.38714954,0.65356153,0.25751495,0.88319695,0.3334611,0.08803816,0.124946326,0.008802641,0.000638064,6.73E-06,5.13E-07,4.03E-07,3.30E-07,2.77E-07,2.37E-07,2.05E-07,1.80E-07,1.60E-07,1.43E-07,1.28E-07,1.16E-07,1.06E-07,9.70E-08,8.94E-08,8.27E-08,7.70E-08,7.20E-08,6.76E-08,6.39E-08,6.06E-08,5.77E-08,5.53E-08,5.32E-08,5.15E-08,5.01E-08,4.90E-08,4.82E-08,4.77E-08,0.030316984,0.028737834,0.053958833,0.07241505,0.11905449,0.31140953,0.42699823,3.3092968,54.4691,24.850073,0.6017971,0.40971327,0.48855093,0.19513804,0.09716428,0.09600831,0.17213078,44.70902,60.75908,2.0629401,0.27338368,0.06897883,0.049487907,0.050606787,0.027140904,0.11023131,3.4181828,15.319592,1.4826065,0.07704015,0.07116755,0.089036636,0.113799326,0.19831327,0.3903164,41.5767,167.09982,56.899715,0.6758495,0.15049304,0.14830044,0.12904456,0.17270173,0.3260064,8.933354,19.158623,10.242191,0.10382363,0.12703024,0.1369009,0.084345974,1.290473,5.9978538,3.08513,0.13811816,0.116313346,0.14627506,0.08612831,1.6968266,4.700899,1.8668821,0.23779364,0.32678246,0.9894937,5.308789,4.753293,0.21089025,0.12664169,0.10911944,1.201305,0.8564644,0.038663298,0.036535405,0.08882644,0.2614092,0.02570999,0.016198331,0.040093627,0.1181146,0.01617493,0.03779127,0.19056073,0.117771536,0.015620883,0.12985976,0.16413449,0.010588037,0.026265165,0.042538032,0.016691297,0.36312896,0.74702334,0.17122622,0.8163031,0.40564653,0.07604304,0.13238274,0.009637319,0.000426446,1.20E-05,6.22E-06,4.89E-06,4.00E-06,3.36E-06,2.87E-06,2.49E-06,2.18E-06,1.94E-06,1.73E-06,1.56E-06,1.41E-06,1.28E-06,1.18E-06,1.08E-06,1.00E-06,9.34E-07,8.73E-07,8.20E-07,7.75E-07,7.35E-07,7.00E-07,6.71E-07,6.46E-07,6.25E-07,6.08E-07,5.94E-07,5.85E-07,5.79E-07,0.05380996,0.102115475,0.020820465,0.033649262,0.08924317,0.023336537,0.031701144,0.04424465,0.31857526,0.99938124,0.15318003,0.02475174,0.069377996,0.08271215,0.09822364,0.08051764,0.07816564,0.07634693,0.094654545,0.094764434,0.15992677,0.007527776,0.13264735,0.095411174,20.7847032,23.76680637,25.81560727,26.40313472,23.56368932,76.46263975,18.47283723,3.182348414,3.941532315,4.135568526,2.608827317,2.286873112,8.76645519,2.702603612,hyperkinetic dysphonia
voice173.wav,10.713582,0.2535421,0.089666789,0.014505319,-136.34119,192.52959,-117.080894,13.403989,-23.466187,-26.568838,14.794899,-36.08887,-8.653604,-5.4837594,-11.71305,-7.2625103,-35.171154,57.136864,25.328382,19.455112,7.6809545,6.894472,5.854947,4.8232546,6.494879,4.674324,4.4449477,4.189956,3.7854853,6.0260935,0.018248778,0.031498082,0.057499804,0.0976742,0.14939459,0.5602153,1.1375666,13.405462,428.1128,140.31622,2.3538506,1.0704807,2.3891864,3.7856598,2.135633,1.7886509,4.3665147,198.17067,224.38855,8.194386,2.242929,2.3619056,2.9609275,1.5674633,0.54640746,2.2550213,136.57808,325.8933,49.28479,2.5571146,8.2870655,13.235035,6.0034165,1.7660662,2.0037596,54.105995,163.15208,48.02931,3.764924,6.3473825,6.8877683,2.622842,0.9880664,2.8252285,27.262215,26.317734,7.6483245,3.4402483,7.547256,6.700092,4.4028273,14.122144,64.94433,52.368492,13.504842,5.8423214,2.6539552,1.2282296,5.5610886,8.646741,1.9763706,0.38580388,0.27739745,0.93812346,2.460133,1.392995,0.37130547,0.15110643,0.23059349,0.52343476,0.43735132,0.2460166,0.24374594,0.5159148,0.7635478,0.51546824,0.43824717,0.5495571,0.4634426,0.74050087,0.83605546,0.54599714,0.47758147,0.41311055,0.35324904,0.16090849,0.0371891,0.020381657,0.017716048,0.018769473,0.014514591,0.01704664,0.027986629,0.065327495,0.093957394,0.1847782,0.27072588,0.14815485,0.013005542,3.07E-05,1.48E-06,1.13E-06,9.15E-07,7.62E-07,6.50E-07,5.63E-07,4.93E-07,4.37E-07,3.91E-07,3.52E-07,3.19E-07,2.92E-07,2.68E-07,2.47E-07,2.30E-07,2.14E-07,2.01E-07,1.89E-07,1.79E-07,1.70E-07,1.62E-07,1.56E-07,1.50E-07,1.46E-07,1.42E-07,1.39E-07,1.37E-07,1.36E-07,0.14786237,0.14312057,0.18048792,0.26307338,0.24243154,0.82309526,1.9637113,20.366901,237.40085,119.60693,8.155371,1.9876007,3.3269696,4.4998302,3.4966753,3.146247,7.253515,88.649216,203.28609,18.168097,3.1040766,4.219422,4.23661,4.458221,1.0918295,3.5158336,98.08028,228.89095,88.11339,2.1265535,17.223501,19.060158,7.4914575,1.2284518,1.928748,67.038475,134.26859,68.40218,4.7491593,14.060184,12.948303,2.8991132,0.70399135,6.412291,41.698536,32.056644,15.496538,5.377083,12.726583,7.1916337,4.059354,24.027855,62.747757,44.282497,18.744879,5.6349754,1.9671584,0.9553226,6.2951097,7.654992,2.7104318,0.32541165,0.16012587,1.5687704,2.1537375,1.2072487,0.5579239,0.09250459,0.20391849,0.44536108,0.41135663,0.1693962,0.12335035,0.44925964,0.70156384,0.33392957,0.22644971,0.451765,0.28933093,0.5083246,0.49712482,0.32983872,0.331022,0.35367098,0.3058035,0.16735093,0.028286967,0.01551671,0.016324285,0.025737965,0.012089472,0.013034506,0.020388532,0.057619892,0.06312502,0.12513822,0.15996823,0.09018497,0.007494294,3.33E-05,1.80E-05,1.38E-05,1.11E-05,9.24E-06,7.88E-06,6.83E-06,5.98E-06,5.30E-06,4.74E-06,4.27E-06,3.88E-06,3.54E-06,3.25E-06,3.00E-06,2.79E-06,2.60E-06,2.44E-06,2.29E-06,2.17E-06,2.06E-06,1.97E-06,1.89E-06,1.82E-06,1.77E-06,1.72E-06,1.69E-06,1.66E-06,1.64E-06,0.078606464,0.078532085,0.04447051,0.3046046,0.7260138,0.12829503,0.06695126,0.06050049,0.4859898,0.93054986,0.16903028,0.031892307,0.090356655,0.0736852,0.049658902,0.19014077,0.2329429,0.10848129,0.07798515,0.04425692,0.3073449,0.1592043,0.13377011,0.040330913,23.11000791,22.90261816,24.01751742,21.57122482,19.84730864,71.55475548,17.99592977,4.565975656,4.196178574,3.672939329,2.54360102,1.953215121,8.566830716,2.688791884,hyperkinetic dysphonia
voice174.wav,69.611176,0.11723429,0.153685715,0.048482167,-180.62546,184.97087,-109.48383,33.338654,-46.32297,-16.833126,60.47415,-26.913914,-0.79179007,-6.005283,-31.121883,9.351849,-16.404383,84.093796,28.274828,32.154606,8.738709,21.788984,6.6675572,20.778204,9.608128,5.706907,4.5373225,8.552888,5.026361,3.8444078,0.00339861,0.020439662,0.05313412,2.5768876,26.589918,7.7506905,1.2286502,2.629253,6.3374863,13.355232,5.3205786,0.6531711,1.2036699,1.3003412,1.9998789,2.5384622,1.3954706,0.6682298,0.5984645,1.0335294,2.1369596,1.0755061,0.7014833,1.0289403,1.0165124,1.9158576,2.216178,1.7337908,1.3627747,1.8672639,2.689739,4.4447594,7.1257577,13.415238,14.397579,29.657906,42.01436,49.371235,39.030396,27.268661,20.108824,15.091288,16.486258,16.084026,16.624825,16.251617,21.66879,20.50906,10.29502,7.7772946,3.5170493,2.0997233,1.0636916,0.73749727,0.42603973,0.19099729,0.14709221,0.12947205,0.12968597,0.16849862,0.1752003,0.20835306,0.15988766,0.14370416,0.16882758,0.10809344,0.0903013,0.08579414,0.08583792,0.087274335,0.10077874,0.1050277,0.10707695,0.12037068,0.116241105,0.073891066,0.110091455,0.20262517,0.32865965,0.5758655,1.1722414,2.6524463,3.49192,2.3030047,1.1479907,0.6120679,0.3196856,0.20754446,0.24605717,0.25054395,0.31602165,0.75656784,1.2910601,1.8354852,1.0868989,0.40957797,0.15773313,0.05208158,0.005450335,1.63E-05,1.34E-08,1.01E-08,8.04E-09,6.66E-09,5.66E-09,4.90E-09,4.29E-09,3.81E-09,3.41E-09,3.07E-09,2.80E-09,2.56E-09,2.36E-09,2.18E-09,2.03E-09,1.90E-09,1.78E-09,1.68E-09,1.60E-09,1.52E-09,1.46E-09,1.40E-09,1.35E-09,1.31E-09,1.28E-09,1.26E-09,1.24E-09,1.23E-09,0.005121975,0.026889052,0.12769859,4.421803,27.33008,12.56752,2.1094677,5.584905,10.585196,18.430155,10.402796,0.9245134,1.2370559,1.6620934,2.3573823,4.205933,2.431961,0.8299299,0.7667431,1.0519198,3.8969147,1.8543224,1.157973,1.0631093,0.974593,2.6180263,3.3769677,3.5606973,1.3500563,1.62169,2.1822438,4.603876,7.547375,19.727901,15.189931,28.636446,45.393486,54.113842,60.02467,25.540005,16.96368,13.726479,16.05338,17.563787,18.978636,19.352245,29.715788,29.010231,11.997307,8.219013,4.0699425,2.4361608,1.197407,0.804442,0.5034879,0.20663762,0.16572028,0.13318527,0.12830901,0.1570911,0.18563451,0.25380364,0.14929003,0.12273361,0.18085259,0.11519778,0.085120656,0.07993908,0.08604612,0.07024529,0.092391185,0.10584566,0.10230003,0.14487414,0.16580558,0.0654316,0.100763455,0.20420523,0.3363257,0.6114932,1.2518895,2.4455674,2.827868,1.5849165,1.0081179,0.6021195,0.22677857,0.1383182,0.15723135,0.16112624,0.21665147,0.7271878,1.2306656,1.4237233,0.781796,0.32830188,0.116584055,0.041797634,0.004619523,1.67E-05,1.35E-07,1.02E-07,8.12E-08,6.72E-08,5.72E-08,4.94E-08,4.33E-08,3.84E-08,3.44E-08,3.10E-08,2.82E-08,2.58E-08,2.38E-08,2.20E-08,2.05E-08,1.91E-08,1.80E-08,1.70E-08,1.61E-08,1.54E-08,1.47E-08,1.41E-08,1.36E-08,1.32E-08,1.29E-08,1.27E-08,1.25E-08,1.24E-08,0.46049035,0.47344083,0.3490366,0.29845512,0.26973617,0.20476992,0.18371142,0.2849906,0.5632934,0.82048655,0.70163536,0.5242314,0.23288566,0.2968835,0.2095987,0.2746047,0.20668656,0.20052414,0.15592273,0.20227389,0.23104884,0.21569414,0.23144068,0.22044487,26.50056245,15.34853369,16.16513281,20.92832105,18.03121446,76.23492763,16.74493462,6.395908881,3.857241369,3.309920166,3.882457197,2.22462824,10.15587281,2.351666795,hypokinetic dysphonia
voice175.wav,6.8033733,0.2573832,0.09209181,0.01591819,-176.18852,174.99242,-121.72505,10.290203,-26.233124,-13.129926,27.292095,-35.953434,3.4880707,7.5836616,-12.793452,-1.1670874,-26.809376,56.04271,25.213005,19.284006,7.646634,8.059856,4.703379,5.8272104,8.104436,4.611655,4.6263165,4.1213255,3.9561,5.0895033,0.009174246,0.0641118,0.054174066,0.047439776,0.11818311,0.15448344,0.22235785,53.95207,148.38689,1.874943,0.10418728,0.07000923,0.13264707,0.09572774,0.07057871,0.20615357,63.330486,75.576195,0.58445776,0.0982389,0.10122544,0.13382582,0.1274328,0.19959477,11.354739,283.8272,116.32754,0.93104243,0.32853824,0.3450209,0.49309748,0.54351735,0.9569018,83.30023,509.75735,94.59623,1.155,0.49409455,0.6188925,0.67131424,0.5202551,1.6992766,63.91726,105.61237,7.623554,0.5724144,0.65691674,0.55407727,0.63562083,8.462243,151.0133,72.47594,1.7513514,0.6584182,0.65110654,1.3550352,68.05819,144.02766,8.901814,0.33297357,0.21142064,0.85698247,3.9620423,0.628833,0.02529904,0.030884417,0.33164006,1.9563496,0.3640886,0.019742794,0.026943585,0.48242086,0.39305487,0.025599651,0.035812948,0.3922251,0.21836331,0.04941916,0.20441806,0.7688616,0.24903174,0.19858997,0.6336703,0.37719747,0.033284627,0.08651549,0.09545937,0.012493104,0.07751809,0.052825436,0.0215111,0.113334246,0.038854588,0.12056955,0.14007202,0.06899686,0.17835858,0.02959606,0.006715204,6.83E-05,2.11E-07,1.31E-07,9.21E-08,6.94E-08,5.49E-08,4.48E-08,3.75E-08,3.20E-08,2.77E-08,2.43E-08,2.16E-08,1.94E-08,1.75E-08,1.60E-08,1.46E-08,1.35E-08,1.26E-08,1.18E-08,1.11E-08,1.05E-08,9.95E-09,9.52E-09,9.15E-09,8.84E-09,8.60E-09,8.40E-09,8.27E-09,8.18E-09,0.022929626,0.15357096,0.116980255,0.0948686,0.17410839,0.21415442,0.44218922,34.93263,64.502075,1.6790011,0.25458834,0.2537631,0.23968999,0.18273963,0.14731169,0.6085441,18.6489,43.053703,0.7876273,0.11551593,0.21466926,0.1716626,0.4470652,0.7110642,21.477207,123.10462,91.79484,1.82487,0.684628,0.64832664,0.7868821,0.63380516,3.5831442,86.330315,182.38098,82.63322,1.5417463,1.4575727,0.83446836,0.97777706,0.65437263,5.929057,58.21382,41.496506,12.867784,0.7067958,0.6548243,0.46279427,0.677525,12.9967,78.51894,59.787323,5.3663597,0.5997416,0.5929666,2.4530745,46.795395,86.51649,18.63469,0.24637215,0.17980137,1.649697,4.156464,0.44324288,0.029544791,0.02917216,0.4753056,1.1767477,0.3313261,0.017347373,0.034228444,0.3687408,0.2625433,0.025383336,0.059132878,0.48704213,0.19263355,0.026405673,0.29107067,0.7706103,0.23024651,0.12581737,0.56557155,0.50054425,0.028247256,0.06680041,0.09500142,0.011074701,0.051490616,0.052415628,0.02211971,0.074620165,0.0446065,0.08775369,0.110214435,0.06277691,0.110417195,0.026487978,0.007774317,8.39E-05,2.56E-06,1.59E-06,1.12E-06,8.42E-07,6.66E-07,5.44E-07,4.54E-07,3.88E-07,3.36E-07,2.95E-07,2.62E-07,2.35E-07,2.12E-07,1.94E-07,1.78E-07,1.64E-07,1.53E-07,1.43E-07,1.34E-07,1.27E-07,1.21E-07,1.15E-07,1.11E-07,1.07E-07,1.04E-07,1.02E-07,1.00E-07,9.92E-08,0.2056372,0.038266256,0.08176676,0.72851723,0.23020732,0.109577656,0.33491993,0.14996712,0.9580011,0.2935297,0.017699717,0.046071474,0.0824273,0.061143342,0.07628623,0.18886429,0.15950269,0.08131583,0.1424239,0.07593541,0.1331751,0.14351808,0.06884012,0.07073652,21.24563852,26.68693361,26.86370862,25.90813285,22.04927074,72.02416571,18.7695905,4.088958485,4.481829013,4.052386241,3.108228489,2.293798713,7.974808248,2.752041633,hypokinetic dysphonia
voice176.wav,9.363712,0.21391825,0.09664364,0.013066997,-195.95618,190.23495,-96.10799,16.663279,-28.351673,-14.157475,34.53217,-37.633823,-1.3977549,7.4242015,-32.31214,-2.3254664,-10.742529,55.068966,26.26953,15.405175,7.72242,5.55002,5.1492934,6.065669,6.40373,4.3379645,4.2999096,5.4057837,3.4953024,3.5580153,0.00451628,0.029065423,0.039421115,0.36725268,0.4384899,0.3135975,0.4748352,102.862946,180.05724,2.3890707,1.5564731,0.57997805,0.31896254,0.36128166,0.60213053,1.8627852,129.08258,41.687725,1.3995321,0.7499795,0.5708339,0.35360417,0.3159194,0.22413561,21.209396,130.44658,11.401408,1.0049719,0.57726836,0.38717416,0.72995996,1.4320513,1.0744933,208.15694,283.80695,5.650979,0.3455787,0.42023277,0.49403626,0.73115534,0.7558843,20.025154,251.89319,61.955433,0.46247238,0.29454678,0.29547146,0.23837776,0.29430717,12.830806,26.231539,0.9054371,0.16318199,0.19879909,0.19268507,2.321945,24.78295,3.977607,0.11968707,0.07625762,0.07979737,0.8126404,1.6662726,0.11391663,0.035379596,0.02873415,0.2807531,0.22714274,0.013778981,0.011754584,0.021328706,0.06751449,0.012001505,0.006711041,0.02726418,0.072378,0.014734937,0.016321523,0.09061839,0.07778581,0.016785344,0.037550256,0.089283966,0.018588599,0.07212028,0.3008529,0.076867074,0.5435367,0.98972696,0.05402246,0.10912177,0.064013004,0.012887796,0.0305626,0.009989143,0.008098799,0.004419865,0.00337132,0.00128634,2.72E-06,1.23E-06,9.49E-07,7.73E-07,6.49E-07,5.60E-07,4.90E-07,4.33E-07,3.88E-07,3.50E-07,3.18E-07,2.91E-07,2.68E-07,2.48E-07,2.31E-07,2.16E-07,2.02E-07,1.91E-07,1.81E-07,1.72E-07,1.64E-07,1.57E-07,1.52E-07,1.47E-07,1.42E-07,1.39E-07,1.36E-07,1.35E-07,1.33E-07,0.009735592,0.037210256,0.058869686,1.118515,0.97599995,0.45301202,0.54741955,28.884792,60.476826,3.764235,3.9933896,0.8378385,0.49551046,0.84971726,1.9106413,2.0879571,81.57032,19.66852,7.3426995,2.0627427,1.2073711,0.80417204,0.88702834,0.6043058,10.688022,46.075466,12.439273,4.5871115,1.8010769,0.56521314,1.9799128,5.238205,1.961286,65.85684,161.45961,10.039935,0.29107714,0.43330473,0.5554656,1.3867675,1.381614,23.06608,106.41522,42.049374,0.5429371,0.48645407,0.28553683,0.30648166,0.38862297,9.282941,11.215618,1.7837176,0.24737005,0.6088862,0.30476138,2.3767474,13.12828,2.8202007,0.12781613,0.14465752,0.17691793,0.4407941,1.0378091,0.19685607,0.051844418,0.017376529,0.19312052,0.08046395,0.023747098,0.01400374,0.013879956,0.03527592,0.008846047,0.00612519,0.020367457,0.043817114,0.016436255,0.01897173,0.04798991,0.04408386,0.014014469,0.021864098,0.041256297,0.01824161,0.046102554,0.1547968,0.060727406,0.3535279,0.40865204,0.05514504,0.060161028,0.031994574,0.006457828,0.013547351,0.006948329,0.004515461,0.00388432,0.002387478,0.000859378,2.28E-05,1.49E-05,1.15E-05,9.37E-06,7.88E-06,6.79E-06,5.94E-06,5.25E-06,4.71E-06,4.25E-06,3.86E-06,3.53E-06,3.25E-06,3.01E-06,2.80E-06,2.61E-06,2.45E-06,2.31E-06,2.19E-06,2.08E-06,1.99E-06,1.91E-06,1.84E-06,1.78E-06,1.73E-06,1.69E-06,1.65E-06,1.63E-06,1.62E-06,0.43972006,0.04506718,0.06814469,0.27331087,0.052104983,0.053535555,0.0726098,0.2695841,0.9991967,0.16428672,0.025185965,0.1781916,0.13041273,0.10789518,0.10453004,0.091994375,0.10167392,0.10521288,0.11353235,0.116014585,0.006721026,0.1104159,0.1113221,0.11902867,22.4177385,24.81907625,25.86416236,27.89802982,21.91113314,70.53073639,20.23443169,3.775527474,3.882645046,3.940705177,3.082474053,1.922088968,8.273774976,2.836811128,healthy 
voice177.wav,16.18061,0.22554912,0.120399014,0.018708689,-159.72119,165.72131,-131.79498,32.082,-34.847363,-18.3045,31.67871,-45.333225,16.616966,-0.5730382,-50.011894,6.1010756,-11.505558,56.34064,22.336672,18.380325,8.279102,5.437474,4.555165,5.5840893,7.0807447,4.8751283,3.6164072,7.8812337,2.9316812,3.3288274,0.002578539,0.010229088,0.014356519,0.04607986,0.06076351,0.16859874,0.34536248,2.7571797,79.03127,11.653661,0.3558373,0.2758828,0.1459728,0.2821382,0.5765891,0.37659234,1.7014192,91.92503,23.162954,0.20891486,0.21903807,0.21864915,0.31456494,0.3829738,0.23267497,0.97851336,104.69336,44.218513,0.40050176,0.24624495,0.50633526,0.9103392,1.4144464,1.1043283,4.5584335,517.1896,330.68106,3.6754093,3.2290637,2.6048388,1.6784459,1.2452859,0.63719785,1.9527985,122.790886,60.289692,0.4355824,0.34629196,0.38163614,0.2921967,0.37663952,7.902177,38.940742,1.9582043,0.23948029,0.14666428,0.15848488,0.6288359,48.946888,21.44111,1.0193434,1.0788566,0.80608916,7.07133,22.449114,0.61131775,0.19025862,0.13363552,1.2940125,2.5597696,0.085051045,0.064901695,0.104251005,1.0946172,0.15015435,0.02433967,0.036101587,0.33480045,0.062193338,0.031438846,0.2519879,0.4080253,0.057584386,0.26920164,2.0964725,0.26735908,1.0531191,11.545672,1.781323,1.0302777,2.8092322,0.22630218,0.7340626,0.83351344,0.10884458,0.6648603,0.15054885,0.09272766,0.03867927,1.16E-05,1.27E-06,9.34E-07,7.28E-07,5.87E-07,4.88E-07,4.13E-07,3.54E-07,3.09E-07,2.72E-07,2.42E-07,2.17E-07,1.96E-07,1.79E-07,1.64E-07,1.51E-07,1.40E-07,1.30E-07,1.22E-07,1.15E-07,1.09E-07,1.04E-07,9.95E-08,9.57E-08,9.26E-08,9.01E-08,8.81E-08,8.67E-08,8.58E-08,0.012781491,0.025141934,0.035278738,0.07029609,0.0621457,0.19042006,0.35647598,1.5669891,24.287964,4.5652604,0.35487628,0.28040433,0.21148252,0.36905295,1.4308225,0.55347097,1.346906,24.94211,7.371655,0.18292752,0.2152789,0.2874258,0.52729386,0.62597525,0.44141296,1.2373514,27.096455,16.931757,1.0086932,0.3150411,0.9915358,1.8291224,4.0902367,1.4564689,6.4016566,163.28535,136.02502,3.3163235,2.5405953,2.19678,1.6127046,0.9339681,0.5260364,2.0495224,55.827244,39.440655,0.57520884,0.27506784,0.36564302,0.25695843,0.3007621,5.110187,16.495419,1.8827792,0.20307927,0.110895604,0.10386986,0.7749686,21.917189,13.749455,0.71135426,1.1613913,0.70386446,4.8521256,9.848377,0.6511041,0.11827043,0.09107592,0.73703676,0.99752694,0.060550034,0.05158641,0.08302078,0.4507647,0.12583569,0.013764992,0.022920651,0.32957223,0.0613425,0.020836672,0.17003724,0.26198754,0.03404074,0.20176448,0.9498438,0.17723419,0.973346,4.2513328,1.1973637,0.6139017,1.1041107,0.13079907,0.32709602,0.5035564,0.05745454,0.35754302,0.08378577,0.06179901,0.034098938,2.70E-05,1.54E-05,1.13E-05,8.82E-06,7.12E-06,5.92E-06,5.01E-06,4.30E-06,3.75E-06,3.30E-06,2.93E-06,2.63E-06,2.38E-06,2.17E-06,1.98E-06,1.83E-06,1.70E-06,1.58E-06,1.48E-06,1.40E-06,1.32E-06,1.26E-06,1.21E-06,1.16E-06,1.12E-06,1.09E-06,1.07E-06,1.05E-06,1.04E-06,0.22137466,0.03451592,0.046719037,0.21286356,0.051485896,0.07488401,0.13347015,0.19695592,0.9980132,0.1745901,0.026044726,0.06742435,0.14320429,0.100563474,0.10699051,0.08629939,0.099589504,0.10558514,0.08063629,0.083628416,0.0175547,0.08874575,0.086993515,0.074550726,21.27408017,23.06318757,24.89783354,26.66046066,24.10178964,75.97290011,17.48306131,3.700419949,3.858949987,3.334582281,2.53764647,2.105327787,8.391937609,2.589432546,healthy 
voice178.wav,9.986985,0.2192313,0.115280254,0.030799763,-179.10147,164.49919,-117.65727,31.312565,-28.419312,-18.817598,29.676613,-38.047276,10.488493,-4.2608514,-42.323734,6.9125614,-10.788965,53.564453,21.746437,16.805906,9.427071,5.2190676,4.9668584,6.710379,5.8942733,3.0785897,3.6627786,6.6939335,5.2997723,3.1646078,0.001603039,0.008747592,0.04473939,0.10248445,0.12715562,0.21911243,0.30181986,1.4397892,1.6581286,55.26059,11.226998,0.19602053,0.1572548,0.87743056,0.46493837,0.27411696,0.16453238,0.1541546,0.9563218,110.31557,43.904232,0.15928799,0.20936455,0.35570496,0.2348984,0.1659508,0.1367324,0.16039872,1.5637712,239.63255,183.66188,1.0584219,0.2871469,0.35605887,0.36356875,0.44689205,0.49852553,0.47728416,1.8240912,371.89078,468.4459,7.1763496,0.57458586,0.5728634,0.85765845,0.6368919,0.29974672,0.31738132,6.7765055,22.754555,1.4556166,0.1820915,0.17357971,0.15369715,0.08020453,0.24806014,16.70935,11.17621,0.13657343,0.20223315,0.3005619,0.27769557,6.5702963,17.627678,0.6965859,0.2066327,0.15141782,0.10656366,2.0172548,0.8977413,0.042721447,0.04900949,0.042433444,0.6399332,0.20173195,0.020301053,0.020313963,0.21431036,0.27405524,0.03103541,0.032073118,0.54557085,0.61496395,0.06367336,0.0754735,0.84285784,0.24219124,0.06201666,1.0384641,0.98055786,0.15398636,0.68553656,0.7895133,0.05196632,0.2582444,0.17545608,0.03585185,0.09639754,0.009484491,8.24E-06,4.07E-06,3.08E-06,2.45E-06,2.02E-06,1.71E-06,1.47E-06,1.28E-06,1.13E-06,1.00E-06,8.98E-07,8.12E-07,7.39E-07,6.77E-07,6.23E-07,5.77E-07,5.37E-07,5.03E-07,4.72E-07,4.46E-07,4.24E-07,4.04E-07,3.87E-07,3.73E-07,3.61E-07,3.52E-07,3.44E-07,3.39E-07,3.35E-07,0.00203401,0.011449735,0.074133985,0.13061546,0.14607748,0.2654548,0.3013032,3.510311,2.1204531,16.759241,5.162027,0.46430174,0.21697193,0.5586248,0.32101032,0.46230185,0.21036234,0.18648323,1.3557425,35.484577,15.59821,0.2300548,0.3777693,0.76184666,0.45900568,0.25866032,0.43225473,0.5044092,4.6238976,80.122215,83.770615,2.8016734,0.46127915,0.6453292,0.3269472,0.41697198,0.46163157,0.3957967,3.2674978,163.719,190.72232,11.308536,0.58414423,0.8561218,1.0846368,0.7970672,0.23192416,0.35097882,5.838216,10.789416,1.901406,0.15349062,0.13902962,0.14484675,0.075579315,0.411171,6.622614,6.0075355,0.1138182,0.14773166,0.253112,0.1824999,5.1642613,5.769713,1.048973,0.14742288,0.114701755,0.09038868,1.0762224,0.5612862,0.04237516,0.049654722,0.04895431,0.24989946,0.13854992,0.014913493,0.019964386,0.13031073,0.13264187,0.021040225,0.023099825,0.31146842,0.32145756,0.07878107,0.071188845,0.3920871,0.20949098,0.042420372,0.5738849,0.55859005,0.09900077,0.36604342,0.58386827,0.038428355,0.16667646,0.1251329,0.03313631,0.06646983,0.009909824,7.44E-05,4.94E-05,3.74E-05,2.98E-05,2.45E-05,2.07E-05,1.78E-05,1.55E-05,1.37E-05,1.21E-05,1.09E-05,9.85E-06,8.96E-06,8.21E-06,7.56E-06,7.00E-06,6.51E-06,6.09E-06,5.73E-06,5.41E-06,5.14E-06,4.90E-06,4.70E-06,4.53E-06,4.38E-06,4.27E-06,4.17E-06,4.11E-06,4.07E-06,0.016049784,0.022677803,0.0439716,0.012378665,0.08072207,0.46621546,0.091726385,0.0399456,0.055423275,0.19043103,0.9973771,0.15649898,0.08326517,0.08500891,0.057370026,0.046723597,0.045868404,0.14817001,0.08930038,0.107811324,0.1122966,0.109814234,0.022879377,0.067723766,20.83170382,21.5729221,27.78618058,28.44815508,23.80248048,74.72838293,19.59157988,4.391133101,3.716549714,4.356864309,3.053334681,1.901619758,8.761426361,2.842052069,healthy 
voice179.wav,12.16216,0.12701951,0.103987521,0.016711502,-268.67523,152.03984,-115.14055,35.245445,-25.277035,-18.884007,21.837166,-39.253357,25.419685,6.2989807,-40.230007,12.168535,-13.476428,51.206615,19.871786,17.907242,7.938019,4.9697084,3.8208992,5.158735,5.4118996,4.427162,2.420783,5.9822164,3.3723454,3.4733074,0.001728557,0.000980115,0.003561086,0.036402885,0.016393729,0.006111891,0.009081814,0.07675547,93.97267,64.13318,0.050986752,0.011763366,0.010230593,0.005255005,0.003790476,0.005544751,0.013292574,15.975314,61.46812,2.5574882,0.009017131,0.004435642,0.004407203,0.005270434,0.006323502,0.017085547,4.626582,127.62246,50.53447,0.18979116,0.026138067,0.019172143,0.015308467,0.018721266,0.021320775,0.22781932,26.052393,58.590973,3.2805502,0.03385575,0.02255303,0.016516494,0.012446154,0.01417988,0.07109199,4.0063157,7.1039414,0.39691117,0.010709513,0.010823117,0.011138572,0.009490896,0.13476631,1.9182751,0.8536455,0.019459665,0.012878387,0.01671423,0.05561603,5.2249002,9.031102,0.40486026,0.057964288,0.041183505,0.1666375,2.1772592,0.7146749,0.009726484,0.005876089,0.05622577,0.4755001,0.12027616,0.002197809,0.002908729,0.08913365,0.089427516,0.00219574,0.002274707,0.06351546,0.055640254,0.002065259,0.004977091,0.033284437,0.009306031,0.00416076,0.13484645,0.1108559,0.019659368,0.37007782,0.41215423,0.053872537,0.4137008,0.18731293,0.03158214,0.09219931,0.01841529,0.026502501,0.015680652,0.000346209,9.33E-07,5.55E-08,4.55E-08,3.80E-08,3.23E-08,2.80E-08,2.44E-08,2.15E-08,1.91E-08,1.71E-08,1.54E-08,1.40E-08,1.27E-08,1.16E-08,1.07E-08,9.92E-09,9.22E-09,8.62E-09,8.09E-09,7.62E-09,7.23E-09,6.88E-09,6.58E-09,6.33E-09,6.12E-09,5.95E-09,5.81E-09,5.72E-09,5.66E-09,0.004208861,0.003983915,0.006707334,0.01557928,0.012194604,0.019156955,0.035696566,0.1418001,26.215519,18.530062,0.09871234,0.03875636,0.024360387,0.017885426,0.012129016,0.01490794,0.03493868,7.210892,24.48372,2.869651,0.023212953,0.014858718,0.012386239,0.014079944,0.018300194,0.047646653,6.6935153,31.882723,41.682144,0.2887411,0.036082868,0.02144392,0.020210179,0.021871392,0.022130268,0.6264572,9.846981,42.8285,5.5597663,0.024955481,0.015313662,0.010812903,0.008514842,0.008891489,0.18652037,3.0611544,2.7180486,0.608636,0.005951854,0.006506816,0.006498991,0.006233277,0.2329135,0.84860003,0.7334587,0.019781863,0.007310547,0.009179132,0.13094144,3.16762,4.281363,0.7348425,0.03252835,0.022580525,0.241947,1.1531368,0.60416543,0.007434085,0.003245142,0.079813525,0.18216433,0.14566995,0.00105373,0.003804991,0.03945395,0.061053354,0.002810348,0.00275274,0.028452283,0.045363836,0.002030628,0.004562083,0.014679081,0.013017676,0.004138123,0.062485956,0.09877289,0.02494228,0.16265689,0.3663064,0.034520973,0.1870241,0.14413285,0.02804034,0.043148186,0.019078515,0.015363701,0.00800781,0.000309757,1.15E-06,6.73E-07,5.51E-07,4.61E-07,3.92E-07,3.39E-07,2.96E-07,2.61E-07,2.32E-07,2.07E-07,1.87E-07,1.69E-07,1.54E-07,1.41E-07,1.30E-07,1.20E-07,1.12E-07,1.05E-07,9.81E-08,9.25E-08,8.77E-08,8.34E-08,7.98E-08,7.68E-08,7.42E-08,7.21E-08,7.05E-08,6.93E-08,6.86E-08,0.025612338,0.072322346,0.02440143,0.11163275,0.75415426,0.18307857,0.052560687,0.10880251,0.19840351,0.9923268,0.27528098,0.020875936,0.07413884,0.10467816,0.1170644,0.10798839,0.09900319,0.10171168,0.070325315,0.081990734,0.11003167,0.04374072,0.11555419,0.08128208,18.46952343,31.68740909,31.78866943,27.69458769,24.9592421,75.47821262,18.01909077,2.922913545,5.009331067,4.557997676,2.620219594,2.12255409,8.435226585,2.529943994,healthy 
voice180.wav,8.308811,0.24895318,0.086317638,0.009401446,-193.16856,184.82231,-108.97167,-5.4584723,-7.063067,-16.62775,30.404356,-7.297469,-14.7429285,-5.9885893,-10.067915,-13.373545,-24.76756,48.987747,23.25311,16.549046,7.0191674,4.3773293,3.6489308,5.1295385,2.871883,3.202325,2.4069912,3.18351,3.339609,4.065724,0.004050821,0.048443034,0.04576135,0.05930011,0.057076152,0.104269154,0.13555719,3.3153038,145.399,26.388521,0.39433017,0.18619354,0.31873253,0.22471865,0.10580795,0.1207834,0.475997,78.602165,31.542137,0.11822533,0.06817123,0.045513846,0.056826092,0.047992695,0.082803614,0.28512862,100.273445,73.02012,0.29543757,0.10708809,0.24782567,0.79829633,0.47337008,0.7339917,2.6634862,539.6748,584.28595,7.213462,1.7346839,1.8416193,1.5494417,1.061157,0.8046011,1.0829049,115.324875,109.84233,1.3003796,0.43744504,0.5964078,0.5496821,0.6744596,13.562079,152.4486,24.312826,0.73061204,0.51004994,0.2404266,0.13242821,3.704223,2.6928573,0.056216426,0.06709844,0.046057735,0.21973294,1.489106,0.17247379,0.036820848,0.028154703,0.14744246,0.63700885,0.050512206,0.024868162,0.0255768,0.5687129,0.24642831,0.05145811,0.13319528,3.3904746,0.99115074,0.08423625,0.14553756,0.33438015,0.02099993,0.017668748,0.075380966,0.012073941,0.00259678,0.008154992,0.003285891,0.001864693,0.005792796,0.002216451,0.002205851,0.003292097,0.00130121,0.003861771,0.002023679,0.000942718,0.00049635,8.90E-06,4.85E-06,3.66E-06,2.92E-06,2.40E-06,2.03E-06,1.75E-06,1.52E-06,1.35E-06,1.20E-06,1.08E-06,9.76E-07,8.90E-07,8.16E-07,7.53E-07,6.98E-07,6.51E-07,6.10E-07,5.74E-07,5.43E-07,5.16E-07,4.93E-07,4.73E-07,4.56E-07,4.42E-07,4.31E-07,4.22E-07,4.15E-07,4.11E-07,0.003734516,0.03751045,0.03945642,0.054406468,0.049782265,0.11516722,0.14387195,1.9694749,47.252743,7.750493,0.4062803,0.18210238,0.48698807,0.3038196,0.09462948,0.15102617,0.4453653,16.313168,14.520116,0.14326468,0.071706384,0.06272429,0.08165953,0.04485962,0.08870131,0.3708333,24.725124,31.863943,0.47837055,0.12941265,0.20273285,1.1685438,0.30885047,0.5633158,2.6424334,238.6984,148.43053,11.772729,1.1892484,1.4817736,1.4898605,0.80201894,0.62437356,0.8851112,46.10699,45.9756,2.813612,0.28007233,0.53635174,0.40020013,0.43224162,14.955537,41.923122,27.811155,0.46767375,0.31245795,0.15942757,0.09387791,1.8822901,1.237667,0.036042683,0.047782578,0.027835898,0.19885544,0.5641198,0.18443581,0.02141268,0.016558293,0.106552914,0.312352,0.07319235,0.016352776,0.020298548,0.22259577,0.22530878,0.032299973,0.1077017,1.4614832,0.6926082,0.052661683,0.09763718,0.16756244,0.013818244,0.00932682,0.034904987,0.006792033,0.001697231,0.003470523,0.001987618,0.001086323,0.002549403,0.001381182,0.000986891,0.001349359,0.000772661,0.001585028,0.001303417,0.000600565,0.000305469,9.10E-05,5.89E-05,4.44E-05,3.54E-05,2.92E-05,2.47E-05,2.12E-05,1.85E-05,1.63E-05,1.46E-05,1.31E-05,1.18E-05,1.08E-05,9.90E-06,9.13E-06,8.47E-06,7.89E-06,7.40E-06,6.96E-06,6.59E-06,6.26E-06,5.98E-06,5.74E-06,5.54E-06,5.36E-06,5.23E-06,5.12E-06,5.04E-06,4.99E-06,0.19743006,0.034452487,0.060744215,0.32313722,0.06592426,0.01659322,0.021055669,0.17851818,1,0.1813028,0.017296627,0.056155194,0.07246126,0.089890055,0.08224703,0.07171315,0.07320589,0.0905832,0.08998851,0.10389264,0,0.108377814,0.08029009,0.053964786,18.78168157,24.29111893,26.78403955,28.83430322,25.16515101,64.6596036,18.39626348,3.84299836,3.226420908,3.245712948,2.56801463,1.793948413,7.515019386,2.658659585,healthy 
voice181.wav,10.072868,0.29262188,0.109899329,0.01468565,-169.79326,150.88708,-114.65963,24.100546,-37.898056,-14.810455,29.546,-48.52301,5.6648793,0.8840421,-38.53412,1.7685918,-14.333366,51.11924,20.455503,16.194561,11.428933,9.079331,6.316509,7.7946215,8.6122265,6.085115,2.6765623,6.9332685,3.7774482,3.878939,0.010262379,0.01885918,0.01564526,0.032752622,0.04465588,0.12192856,0.46375945,1.8734618,49.91286,18.231068,0.33161646,0.12015156,0.08431636,0.15794049,0.24566464,0.54520255,1.2543215,72.569824,79.86938,0.9758168,0.33051792,0.27972257,0.18391144,0.39016342,0.40942895,0.3452237,67.71398,156.73164,7.684916,0.14482741,0.1121795,0.21742879,0.45394206,0.304154,0.53721327,172.06476,975.68445,174.00098,0.95937765,0.47940883,0.3923412,0.38466752,0.3761328,0.988688,101.17275,338.58856,66.12047,0.2534619,0.07912344,0.0686114,0.07740067,3.9440148,83.55426,81.82553,2.0570889,0.079923585,0.0711901,0.18019463,30.990913,139.95328,21.430613,0.11049424,0.053707737,0.40003848,5.5944285,3.7881675,0.04855468,0.008259953,0.16258945,1.8254114,1.1244074,0.015455038,0.009625977,0.36238426,0.7044609,0.04551178,0.008827297,0.31375656,0.5921349,0.03981927,0.06404582,0.846991,0.5350049,0.03871228,1.6108611,2.9781473,0.20575443,2.400131,6.2057934,0.38514832,0.7213531,1.0732659,0.09698137,1.1404026,0.54567087,0.45369592,1.3155725,0.09609671,0.010790326,0.000180248,8.19E-06,6.00E-06,4.66E-06,3.75E-06,3.11E-06,2.63E-06,2.25E-06,1.96E-06,1.72E-06,1.52E-06,1.36E-06,1.23E-06,1.11E-06,1.01E-06,9.29E-07,8.57E-07,7.95E-07,7.42E-07,6.96E-07,6.56E-07,6.22E-07,5.93E-07,5.68E-07,5.48E-07,5.31E-07,5.18E-07,5.09E-07,5.03E-07,0.097606465,0.15456712,0.09127025,0.15339716,0.10304376,0.19439189,0.6017494,3.0449698,15.364127,8.707842,0.4588303,0.20491576,0.11321032,0.22737312,0.36486804,1.1773803,2.306968,23.656115,44.50667,2.3140874,0.7510418,0.5709102,0.2790071,1.1465907,1.4844184,0.5788886,45.930443,53.75991,11.297624,0.17973441,0.14675042,0.4494617,0.9578788,0.6972575,1.4728806,176.76813,387.91306,157.10864,1.9359382,1.3707433,0.6150774,0.7386867,0.8047869,2.4968443,162.06888,129.5726,65.163284,0.40508997,0.13186313,0.08422164,0.087096445,9.480935,80.871376,53.351147,4.2908006,0.081920095,0.081123,0.37414914,46.861538,63.61015,26.909338,0.13991268,0.05530432,1.0273085,4.1405954,1.8173908,0.11462937,0.008072859,0.37182993,0.98512876,0.7466713,0.026194291,0.015771056,0.37549165,0.3100314,0.08447743,0.014990746,0.25813383,0.2944159,0.08577417,0.11933726,0.382668,0.41670173,0.06067346,1.1446251,2.0412254,0.50193584,1.9502975,3.6555593,0.89988935,0.6995993,0.77030957,0.16285941,0.7744826,0.5133688,0.64560527,1.1424708,0.21627124,0.018590497,0.000234722,9.93E-05,7.27E-05,5.65E-05,4.55E-05,3.77E-05,3.19E-05,2.73E-05,2.38E-05,2.08E-05,1.85E-05,1.65E-05,1.49E-05,1.35E-05,1.23E-05,1.13E-05,1.04E-05,9.65E-06,9.00E-06,8.44E-06,7.96E-06,7.54E-06,7.19E-06,6.89E-06,6.64E-06,6.44E-06,6.28E-06,6.17E-06,6.10E-06,0.14705825,0.3803758,0.036416475,0.06728958,0.31307888,0.06295892,0.11061398,0.18234947,0.1990247,0.9787626,0.16793418,0.011694039,0.18740305,0.1844816,0.0440899,0.08340826,0.12925774,0.07449802,0.09313862,0.074095696,0.11116186,0.12372325,0.08448898,0.035041876,25.00496339,22.84065028,27.26189748,29.89717379,26.36530402,74.78467685,17.92033214,5.357273766,3.632932451,4.452665314,3.835837653,2.354647948,9.096355545,2.623751583,healthy 
voice182.wav,10.821093,0.25356993,0.11482802,0.015410976,-176.75516,158.81966,-115.87763,24.51882,-22.251814,-15.371575,30.012316,-34.755848,2.486573,-7.099575,-38.48113,6.996104,-5.7626157,53.177998,21.187641,18.62872,12.2699,4.999033,5.9064555,7.1584125,6.030686,4.7721057,4.4332566,6.851648,5.7454863,4.347071,0.004983255,0.02140786,0.020722568,0.08448615,0.12816416,0.13680454,0.19026689,0.7621474,9.713601,71.72857,6.5529404,0.3099989,0.2870852,0.19689514,0.2626225,0.16208829,0.17277686,0.2894575,18.870478,140.59984,14.166203,0.20965901,0.097847134,0.084073775,0.06956066,0.07194597,0.26751503,0.34002623,21.351753,138.02538,24.059103,0.6985466,0.3967897,0.18341547,0.15263323,0.16978636,0.22236413,0.6128858,190.4606,819.49646,133.155,5.573693,0.6295008,0.65827614,0.5844969,0.3733735,0.31006396,33.28075,271.0626,73.2644,2.1288521,0.10913316,0.08616567,0.06845585,0.097440094,11.178855,24.162529,2.5814083,0.20101345,0.10374475,0.08640925,3.8463562,42.479145,13.823334,0.44299474,0.23240176,0.1596375,2.5509913,3.123105,0.10587213,0.043055054,0.043673106,0.98351264,0.9172369,0.032821678,0.023843441,0.10974517,0.3494819,0.049001344,0.027931882,0.16725844,0.4707666,0.100607865,0.09048867,1.5070412,1.5693902,0.17173563,1.0719695,2.17666,0.15601322,0.09581138,0.19473268,0.04395586,0.091402285,0.1610412,0.053049695,0.16019753,0.110045865,0.002402496,1.06E-05,5.16E-06,4.05E-06,3.32E-06,2.79E-06,2.40E-06,2.09E-06,1.84E-06,1.64E-06,1.48E-06,1.33E-06,1.21E-06,1.11E-06,1.02E-06,9.48E-07,8.82E-07,8.24E-07,7.74E-07,7.30E-07,6.91E-07,6.58E-07,6.29E-07,6.04E-07,5.83E-07,5.65E-07,5.51E-07,5.39E-07,5.31E-07,5.26E-07,0.02930513,0.056319103,0.04253261,0.13105626,0.14431258,0.13423432,0.2482397,1.4853109,7.8397903,23.437937,4.3278947,0.32106945,0.32661468,0.25376,0.8367004,0.34820166,0.2890301,0.59764516,14.58795,39.58526,10.866499,0.39807597,0.23051552,0.15259278,0.12948577,0.1100892,1.0134909,1.053688,18.497906,48.822044,31.966625,2.3468268,1.0087174,0.21226354,0.2672486,0.3975861,0.7518459,1.7298303,196.4146,297.87408,138.50415,31.24621,0.59627986,0.46302557,0.46996135,0.31723914,0.23822486,63.961937,217.37413,69.0614,10.78429,0.16717307,0.093671225,0.096466005,0.111051455,14.534882,19.405107,5.700301,0.7991249,0.09648392,0.05816133,6.8640313,31.666512,18.715723,1.2780244,0.1956906,0.14791977,3.5209973,3.2475965,0.21722136,0.0356545,0.0422151,0.8869238,0.61118937,0.03496585,0.03916919,0.13032521,0.21602193,0.05014865,0.041770443,0.22556521,0.47126317,0.111856565,0.09666844,1.2600819,1.4208711,0.11883881,1.7878654,2.8292067,0.15898198,0.13053302,0.22152126,0.04422003,0.09207117,0.116918646,0.050152533,0.13591483,0.11411377,0.002171967,8.94E-05,6.26E-05,4.92E-05,4.03E-05,3.39E-05,2.92E-05,2.54E-05,2.24E-05,1.99E-05,1.79E-05,1.62E-05,1.47E-05,1.35E-05,1.24E-05,1.15E-05,1.07E-05,9.99E-06,9.38E-06,8.85E-06,8.38E-06,7.98E-06,7.63E-06,7.33E-06,7.07E-06,6.85E-06,6.68E-06,6.54E-06,6.44E-06,6.38E-06,0.017268097,0.12683596,0.3203237,0.039320942,0.046076186,0.19657509,0.05740631,0.053480923,0.07540477,0.2306581,0.99861413,0.16939634,0.06887561,0.121324785,0.19605546,0.0896858,0.08233951,0.09760725,0.11129624,0.105722666,0.10307573,0.12726997,0.009642761,0.16271172,20.98201224,22.1622877,26.96007862,29.76866665,25.19869163,72.06074347,17.69785017,3.621299658,3.216041188,4.080585248,2.673296057,2.703168795,8.452022924,2.665946939,healthy 
voice183.wav,7.389053,0.06901117,0.088572253,0.016156156,-320.02612,181.87729,-104.76645,25.715942,-5.453561,-11.363802,21.058367,-30.586792,8.075047,4.2344847,-22.820683,2.8818438,-15.306307,54.8298,25.144995,17.230059,8.614843,5.223973,5.0870514,4.9008007,5.132401,3.6305413,3.701074,4.078784,2.9005907,3.4704313,0.001408463,0.008344359,0.04097498,0.060286913,0.02394704,0.017689211,0.054475002,27.367552,28.703896,0.05424956,0.016960489,0.010040795,0.013776962,0.014012381,0.012475556,2.3222277,28.097433,2.5927644,0.010591875,0.005797555,0.002757992,0.004543574,0.005366033,0.017755143,7.98534,8.645912,0.059223637,0.020147197,0.028436264,0.030785115,0.017790694,0.012644933,1.5906209,14.670584,1.8633816,0.011104767,0.010195249,0.008223728,0.010718845,0.009227204,0.062247284,10.022527,11.684947,0.19025862,0.014430021,0.01129854,0.010800187,0.010416977,0.4057391,4.5137267,0.78967005,0.008484775,0.005272164,0.008163254,0.013101442,2.2114677,2.3188825,0.025860101,0.018646393,0.022489037,0.29151425,2.7498457,0.28068107,0.006433487,0.004629443,0.03473844,0.15186778,0.010476807,0.00123251,0.001778874,0.067310646,0.023865836,0.001281423,0.002280342,0.047839496,0.015379834,0.001205175,0.00592602,0.017025266,0.001623544,0.00227627,0.016039453,0.004454503,0.000811828,0.007409406,0.00369836,0.002298863,0.013621586,0.003206271,0.002319682,0.004612919,0.000800173,0.003108207,0.001650628,0.00127723,0.002078184,0.000995208,0.002123786,8.67E-05,1.70E-07,3.21E-08,2.45E-08,1.95E-08,1.59E-08,1.34E-08,1.14E-08,9.81E-09,8.57E-09,7.55E-09,6.71E-09,6.01E-09,5.42E-09,4.92E-09,4.50E-09,4.13E-09,3.82E-09,3.54E-09,3.31E-09,3.11E-09,2.93E-09,2.78E-09,2.65E-09,2.54E-09,2.45E-09,2.38E-09,2.32E-09,2.28E-09,2.25E-09,0.000887735,0.029729059,0.13817725,0.08426633,0.030724665,0.045398176,0.0971018,8.338082,10.87952,0.058989204,0.04566915,0.019453205,0.029657286,0.03869728,0.0400135,1.427632,9.496813,1.2572551,0.018064266,0.015720777,0.006646873,0.017401276,0.014149525,0.0943083,3.0466614,3.2720332,0.10086052,0.033658527,0.052099477,0.07650117,0.033194397,0.05458468,1.2058378,5.65642,1.2255952,0.0442537,0.04327814,0.02014979,0.046995144,0.035231248,0.27594262,3.9290373,6.0524125,0.38458857,0.039947525,0.019124256,0.02734387,0.025108892,0.4550622,1.8377144,0.62471116,0.020993765,0.011336031,0.018812224,0.047274277,0.9168099,1.5185595,0.04298913,0.018231701,0.020663634,0.31744432,1.498481,0.2731435,0.008395808,0.004932992,0.03772222,0.06109634,0.013977993,0.000670325,0.001638777,0.03627963,0.015356713,0.000912582,0.002144876,0.022704188,0.012105773,0.000596783,0.00560825,0.011938139,0.001161338,0.001908208,0.016262364,0.005621259,0.000495279,0.006805105,0.003452959,0.001821555,0.010128495,0.003210749,0.001777332,0.003402412,0.000388813,0.002267512,0.001146085,0.000786512,0.00151415,0.000549297,0.001772177,7.24E-05,5.65E-07,3.90E-07,2.97E-07,2.36E-07,1.93E-07,1.62E-07,1.38E-07,1.19E-07,1.04E-07,9.16E-08,8.14E-08,7.29E-08,6.58E-08,5.97E-08,5.46E-08,5.01E-08,4.63E-08,4.30E-08,4.01E-08,3.77E-08,3.55E-08,3.37E-08,3.22E-08,3.08E-08,2.97E-08,2.88E-08,2.81E-08,2.76E-08,2.73E-08,0.029636614,0.05089917,0.2970471,0.052227292,0.040965486,0.08172943,0.2344309,0.98657715,0.21320732,0.011473127,0.07885287,0.28752908,0.035990886,0.038136553,0.080169626,0.042712443,0.0371307,0.05502216,0.06997152,0.1150765,0.07151177,0.032436177,0.04284945,0.0815514,25.94932053,28.60424365,28.78381488,26.96350314,24.33916777,69.25247802,18.16491353,3.78250584,4.726587601,3.506346813,3.286993975,2.042548792,8.29412973,2.532207965,healthy 
voice184.wav,12.299282,0.23256485,0.119404561,0.030406252,-169.54202,166.5136,-130.77916,25.746103,-16.358416,-9.402265,30.317316,-37.18874,2.6205935,-4.9883623,-29.396933,4.512442,-14.543038,53.77281,20.921034,18.66173,7.9989295,4.277387,4.781453,5.974964,5.3775625,3.0459368,2.8001077,4.3344235,2.5650918,3.9556541,0.002976009,0.02985016,0.03622019,0.039755505,0.050515495,0.12007654,0.18055503,0.61363924,62.76935,131.39136,1.7783381,0.12522079,0.12549117,0.11665471,0.46864545,0.36522835,0.1976088,1.1517413,61.508057,44.199535,0.48790485,0.07135513,0.12795587,0.17522363,0.08275652,0.04633945,0.054875672,11.078275,111.89652,58.263565,0.5376686,0.21851689,0.43561646,1.0804204,0.8347288,0.2665084,1.2321166,58.813095,174.90434,66.38674,0.64270455,0.39024806,0.9035684,1.6611806,0.9554788,1.9385817,137.86163,394.43185,201.91939,3.102972,0.84186083,1.1826345,0.6136241,1.4277043,15.28151,35.8981,7.116464,0.19595385,0.33826,0.39800465,9.125125,23.209814,11.31268,0.43080628,0.7299284,0.8206671,3.5916934,3.7713385,0.62676865,0.13062905,0.16870072,0.7199705,0.6427473,0.07697372,0.03146998,0.1983958,0.45766804,0.18445268,0.0711843,0.53874475,0.5465552,0.14625701,0.13051073,0.6523232,0.59080374,0.16992936,1.3996495,2.2356868,0.4202071,0.11874923,0.095519595,0.019799808,0.011877425,0.02497748,0.077997446,0.45271197,0.7826746,0.1668075,0.027823841,5.94E-05,2.73E-06,1.80E-06,1.32E-06,1.03E-06,8.43E-07,7.09E-07,6.09E-07,5.34E-07,4.75E-07,4.27E-07,3.87E-07,3.54E-07,3.27E-07,3.03E-07,2.83E-07,2.66E-07,2.51E-07,2.37E-07,2.26E-07,2.16E-07,2.08E-07,2.00E-07,1.94E-07,1.89E-07,1.85E-07,1.81E-07,1.79E-07,1.77E-07,0.002094713,0.022818077,0.055533424,0.039536722,0.03424679,0.08641491,0.12434535,0.6154925,45.10026,41.16604,1.3426449,0.08916402,0.118364915,0.09916517,0.7244819,0.5198846,0.27049476,2.0706997,44.048386,20.401054,0.72049135,0.096507706,0.1685617,0.21941008,0.06380456,0.05211218,0.062371165,14.278436,50.857292,51.463654,0.97247034,0.27935198,0.42891026,0.9643976,0.74911386,0.17672248,3.9162676,64.045135,93.105606,81.56048,1.119378,0.36821717,0.8657004,1.3910773,0.7062855,5.6906896,188.44409,207.72482,210.1216,6.420325,0.80422354,0.9590171,0.47427815,3.7926881,13.010608,27.824501,10.817797,0.13157184,0.24077213,0.5254782,12.6652565,12.284457,12.56491,0.32213658,0.5130118,0.82585746,3.6969135,2.853034,0.9291789,0.09234822,0.20883444,0.60667825,0.51564145,0.0907533,0.029257076,0.21323639,0.28658506,0.2037946,0.06025717,0.6448181,0.25948423,0.14505042,0.15105893,0.5369317,0.45902923,0.10164731,1.3500504,1.5333472,0.4386996,0.110497706,0.05996647,0.018089263,0.00963697,0.02036046,0.11000439,0.29256985,0.6618036,0.13514131,0.027688807,8.93E-05,3.22E-05,2.13E-05,1.56E-05,1.21E-05,9.93E-06,8.35E-06,7.18E-06,6.30E-06,5.59E-06,5.03E-06,4.56E-06,4.18E-06,3.85E-06,3.57E-06,3.33E-06,3.13E-06,2.95E-06,2.80E-06,2.66E-06,2.55E-06,2.44E-06,2.36E-06,2.29E-06,2.22E-06,2.17E-06,2.13E-06,2.11E-06,2.09E-06,0.023300756,0.28872004,0.99192035,0.16471808,0.0570228,0.3070717,0.111953504,0.055476297,0.08952097,0.14689164,0.61354184,0.18513578,0.06874113,0.2507033,0.04511127,0.12525189,0.08494193,0.07889347,0.08963096,0.0727971,0.08439197,0.14906687,0.09443777,0.12726529,20.31419783,24.22906884,27.42608831,26.88437548,23.59897489,73.59798233,19.22170565,3.942011579,3.638292016,3.83579355,2.681096921,2.11091852,8.430286048,2.781757199,healthy 
voice185.wav,17.483923,0.25620672,0.115820968,0.020636849,-173.4268,157.13971,-141.95349,12.776919,-22.250576,-28.1469,15.91412,-27.705177,8.617307,3.8412635,-5.0452924,-0.18863817,-42.029022,52.300377,24.223202,21.650393,9.353989,9.420525,5.542423,8.357802,6.7654996,4.443119,4.3699603,5.103059,5.01028,6.6072454,0.001276713,0.005205446,0.007776526,0.027102448,0.048124775,0.9273654,26.231514,14.445819,0.12588851,0.057426464,0.048253436,0.07256653,1.7062438,14.977434,18.401134,3.0876575,0.086799145,0.07107312,0.11309374,6.133003,25.928236,26.167482,20.607674,2.8068507,0.14489184,1.2914551,33.734238,124.23536,258.75333,209.70114,93.734604,11.021751,1.8886504,44.161057,103.628235,111.315895,113.786705,95.97422,24.813786,2.282762,5.600396,11.068048,18.061966,26.283777,21.003244,10.05669,4.685533,12.649051,12.144267,33.21746,32.4921,30.048044,21.995089,27.332031,68.9814,116.83108,71.37416,28.156908,16.483107,8.313876,7.402491,3.4958525,2.0461733,1.4223622,2.5213907,1.6299269,1.2826674,0.86472243,1.0848974,0.8449662,0.6782754,1.0210466,1.2061285,1.508491,1.7103224,3.7828712,3.8736925,2.6239727,4.1616373,3.3547204,1.9219475,1.0602506,0.56438243,0.27241838,0.1609194,0.087181315,0.032419655,0.0168892,0.012775788,0.018139938,0.07776752,0.24842343,0.41984138,0.5746232,0.5941062,0.46333158,0.33662337,0.11950197,0.006200089,2.10E-05,2.79E-06,2.09E-06,1.65E-06,1.34E-06,1.13E-06,9.61E-07,8.31E-07,7.28E-07,6.44E-07,5.75E-07,5.17E-07,4.69E-07,4.28E-07,3.93E-07,3.62E-07,3.36E-07,3.14E-07,2.94E-07,2.77E-07,2.63E-07,2.50E-07,2.39E-07,2.30E-07,2.23E-07,2.17E-07,2.12E-07,2.08E-07,2.06E-07,0.007876451,0.0123601,0.02005365,0.06645371,0.115197144,2.0319505,11.451113,11.494937,0.261874,0.19443534,0.17116082,0.38817158,4.3669696,15.5572815,14.118374,5.824289,0.3859145,0.31673056,0.49574965,16.308151,39.34321,19.026863,29.448303,10.365267,0.7973474,10.665217,86.59978,174.22606,285.6716,229.59668,206.75037,49.50843,9.231798,109.43917,176.32973,151.51314,122.09656,168.63861,70.66463,10.097696,12.91514,20.389513,26.195892,31.427952,35.193905,19.755074,14.330966,28.0373,18.066542,41.821896,41.353745,54.365273,46.059814,48.648026,94.368515,149.29054,118.79173,42.949318,30.744976,11.847083,9.758243,5.1218905,2.7276533,1.9588187,3.2525167,2.016062,1.5663666,1.2947832,1.2933847,0.81673,0.7594694,1.2924212,1.3209792,2.0399582,2.601566,4.6338744,5.2848744,3.5072424,5.552688,4.6902633,3.4324672,3.1589832,1.0120058,0.52097213,0.38375878,0.18204546,0.072334565,0.028171133,0.017702991,0.023175813,0.1080287,0.33293048,0.67192465,1.0652587,1.0108683,0.80089295,0.4517229,0.18729635,0.013147109,6.09E-05,3.39E-05,2.53E-05,2.00E-05,1.63E-05,1.37E-05,1.17E-05,1.01E-05,8.84E-06,7.81E-06,6.97E-06,6.28E-06,5.69E-06,5.19E-06,4.76E-06,4.39E-06,4.08E-06,3.81E-06,3.57E-06,3.36E-06,3.19E-06,3.03E-06,2.90E-06,2.79E-06,2.70E-06,2.63E-06,2.57E-06,2.53E-06,2.50E-06,0.1135458,0.09558463,0.09317277,0.16448762,0.39810398,0.7365697,0.4319838,0.10705389,0.27001846,0.3051621,0.15085949,0.08813101,0.06505312,0.10930649,0.10545915,0.12816292,0.3549774,0.32534447,0.37878832,0.12868984,0.3259872,0.17776813,0.19108272,0.12618822,34.4371103,24.65427462,31.27092203,27.17566157,26.83413722,73.67530364,19.00735397,4.914368418,4.63457503,4.727200295,3.438197269,3.057637684,8.628938595,2.791029346,hyperkinetic dysphonia
voice186.wav,10.413094,0.28611538,0.076302957,0.012090484,-143.78995,181.9567,-105.244484,14.079095,-40.910522,-20.041449,25.78991,-39.9224,-0.7491816,4.085215,1.0886062,7.759412,-45.332417,54.515713,24.33845,16.44452,6.7531366,7.4577513,7.2784467,6.0398493,6.8432794,3.401888,3.4550653,3.8301551,3.4490645,7.273393,0.001820507,0.008057089,0.013537372,0.056464612,0.3213581,445.83243,294.39694,0.2928579,0.23953442,0.25833386,0.16134462,28.17353,117.421326,4.1628194,0.165823,0.27209923,0.21608317,6.666391,146.76358,35.121452,0.28016117,0.4725716,0.6819354,2.3517277,214.38927,340.33542,16.380331,3.8968747,4.375674,3.99782,118.23724,556.0526,120.39752,4.0777516,3.8621671,2.2746127,2.6207047,5.888479,6.5912433,1.2761065,0.85551566,0.883616,2.0699685,34.423973,38.081135,3.3934836,1.3679388,1.6687907,15.675106,65.52955,28.732021,4.5850463,5.1637616,19.051107,43.458576,8.756505,0.7731267,0.7897449,2.9232779,1.1857765,0.18945134,0.12646298,0.34471375,0.283397,0.07590718,0.08807517,0.1739632,0.05201029,0.04030754,0.1275048,0.08755759,0.046999335,0.121820845,0.19398677,0.25906298,1.1212627,1.1200707,0.88249665,1.5067087,1.1003904,1.6010872,0.8320158,0.15593986,0.05602356,0.012465261,0.02832276,0.038924675,0.05537189,0.08885542,0.12073371,0.1827706,0.31988055,0.38257235,0.5094991,0.54154724,0.6510988,0.551585,0.19050631,0.01161899,2.29E-05,2.03E-06,1.56E-06,1.24E-06,1.01E-06,8.39E-07,7.10E-07,6.07E-07,5.27E-07,4.61E-07,4.06E-07,3.61E-07,3.23E-07,2.90E-07,2.63E-07,2.39E-07,2.19E-07,2.02E-07,1.87E-07,1.74E-07,1.63E-07,1.53E-07,1.45E-07,1.39E-07,1.33E-07,1.28E-07,1.25E-07,1.22E-07,1.21E-07,0.005242067,0.0180599,0.036351435,0.117366426,0.49375516,180.43008,134.37044,0.47276896,0.3178085,0.33589324,0.25509346,12.6851015,72.98859,5.269341,0.21762565,0.48527133,0.37591463,8.570093,68.73303,18.991304,0.576133,1.158977,1.1651195,5.5896177,137.95859,284.5416,32.54078,5.283871,6.9371495,5.0371556,107.26122,342.7393,190.05464,4.1487985,3.8095508,2.0148115,2.1291509,4.425533,8.915784,1.6105266,0.7134606,0.8839298,4.7372313,31.112535,31.321592,5.9382296,1.0940349,1.3755748,26.217089,41.105415,34.53092,3.611183,4.1266932,26.59802,35.570934,13.173056,0.7124968,1.0471727,3.17286,1.0883114,0.18436034,0.10512441,0.24986784,0.34840876,0.085106485,0.0878418,0.11900737,0.042955633,0.03255928,0.09516448,0.06768886,0.033257067,0.1254496,0.28021163,0.244302,1.295926,0.9696062,0.5235843,1.2130934,0.9804445,1.0091698,0.5746414,0.18710983,0.05987141,0.014384019,0.039463326,0.0883872,0.07850929,0.12030593,0.08863697,0.15090388,0.21060057,0.23681492,0.2985283,0.26813054,0.3248494,0.37145504,0.11788804,0.009269287,3.85E-05,2.46E-05,1.89E-05,1.50E-05,1.22E-05,1.02E-05,8.61E-06,7.37E-06,6.39E-06,5.59E-06,4.92E-06,4.37E-06,3.91E-06,3.52E-06,3.19E-06,2.90E-06,2.66E-06,2.45E-06,2.27E-06,2.11E-06,1.98E-06,1.86E-06,1.76E-06,1.68E-06,1.61E-06,1.56E-06,1.51E-06,1.48E-06,1.46E-06,0.102170944,0.18141903,0.96018827,0.40146422,0.16214103,0.19795589,0.75358224,0.15857524,0.054662302,0.20532799,0.06879541,0.047057208,0.101244085,0.09771716,0.086094335,0.18382408,0.14518699,0.13456897,0.19907914,0.1494891,0.10969245,0.11295079,0.06987289,0.06490942,37.26373232,23.85236112,26.44679988,21.6227581,21.95243368,73.87751386,19.29200914,4.852976425,3.581669233,4.285069213,2.616001627,2.562960104,8.163596937,2.733047538,hyperkinetic dysphonia
voice187.wav,17.166567,0.21794313,0.109640441,0.040209048,-178.42119,163.35094,-129.4805,19.97788,-15.826201,-24.365664,26.24357,-26.354313,8.191313,-1.1667608,-39.413074,6.264094,-6.353527,62.837196,22.81625,33.747086,9.974242,8.149302,7.78124,7.9594464,6.8107686,8.212856,4.5064945,8.9198265,5.2901835,4.427775,0.004088235,0.034356706,0.03626733,0.051794358,0.09158742,0.0741741,0.072870515,0.12791875,0.3974664,107.02278,254.06035,12.998912,2.6500928,0.13845049,0.060006615,0.08550145,0.088291444,0.17608975,0.5097186,5.6482334,84.433945,40.40474,3.067154,0.62797916,0.3127337,0.112715945,0.07570823,0.12685542,0.24759564,0.8123246,50.662975,279.29358,133.28032,10.707301,3.4572475,1.570517,1.4952539,1.3163186,1.1065694,1.2447228,11.242069,132.71613,149.4103,40.05282,7.2233043,2.880585,0.77436703,0.7915942,0.4766812,2.5516965,73.56814,76.95361,10.625708,2.0495036,0.99576914,0.35739264,0.18933868,1.1802039,6.809174,6.8432283,3.2774405,1.9578236,1.4350065,1.8690437,18.107626,28.032705,7.838514,1.4416062,0.81868625,0.8550061,2.6057122,1.2997499,0.2150904,0.057034615,0.16819681,0.66312283,0.4079816,0.12965244,0.13370225,0.5714048,0.39194688,0.1671551,0.1740399,0.6534976,0.4391796,0.20632222,0.46383703,1.3113409,0.9896657,0.34201232,0.4286761,0.42726806,0.12988034,0.08159655,0.07139983,0.025702732,0.026873512,0.015656127,0.00067293,1.16E-06,3.09E-08,1.97E-08,1.35E-08,9.65E-09,7.16E-09,5.43E-09,4.19E-09,3.28E-09,2.59E-09,2.06E-09,1.65E-09,1.33E-09,1.07E-09,8.64E-10,6.96E-10,5.60E-10,4.48E-10,3.56E-10,2.81E-10,2.18E-10,1.67E-10,1.25E-10,9.06E-11,6.29E-11,4.13E-11,2.45E-11,1.29E-11,5.97E-12,0.010126757,0.07754021,0.095009625,0.08972389,0.2202175,0.14971046,0.12507957,0.18355323,0.6131355,65.018166,185.01671,31.616934,12.679585,0.44423285,0.0985072,0.15758078,0.20069212,0.6566899,2.3142185,9.894664,66.34261,31.36997,7.318749,1.0330472,0.8579758,0.35378155,0.12801328,0.32090598,0.5867258,1.499625,57.71596,219.29565,187.66405,29.574678,7.4843554,3.1339388,5.1099076,3.3709652,3.5808802,2.497947,19.737915,149.21675,119.146,62.117744,24.512135,10.18877,1.1307738,1.7611712,0.9069204,6.851545,116.20091,105.62119,17.328205,4.874798,3.1681988,0.79979485,0.33585584,2.354451,7.3264523,8.481792,7.2091613,5.5372863,2.8710403,2.9833157,21.474726,28.43901,12.451522,3.1009958,1.8203152,1.386311,2.6623938,1.5411376,0.3853656,0.06898053,0.25359625,0.76808083,0.52080196,0.19517544,0.2292703,0.8143282,0.38480413,0.25686386,0.28535125,0.89351416,0.4185289,0.2234355,0.632485,1.3430619,1.5583802,0.7443887,0.6125201,0.60330194,0.27620918,0.12920603,0.1102221,0.05883466,0.04213138,0.021649487,0.001287151,1.52E-06,3.75E-07,2.39E-07,1.63E-07,1.17E-07,8.69E-08,6.59E-08,5.08E-08,3.98E-08,3.14E-08,2.50E-08,2.00E-08,1.61E-08,1.30E-08,1.05E-08,8.45E-09,6.79E-09,5.43E-09,4.32E-09,3.40E-09,2.65E-09,2.02E-09,1.51E-09,1.10E-09,7.59E-10,4.96E-10,2.95E-10,1.55E-10,6.95E-11,0.4365261,0.08594749,0.13954788,0.29859793,0.06408999,0.08521996,0.6001133,0.35394117,0.1336408,0.17041983,0.21492785,0.8912848,0.30219993,0.1756619,0.19849093,0.29299435,0.09567228,0.08563104,0.291032,0.29777968,0.19332986,0.1712835,0.18178596,0.17028797,18.49630614,25.98980145,27.15508529,24.44186385,22.84000062,72.7676467,19.83774134,3.142802821,4.105051032,5.585013389,4.013619489,2.918632142,7.57878053,2.42861403,hyperkinetic dysphonia
voice188.wav,6.4700375,0.11826382,0.089273542,0.02435825,-248.19925,164.70471,-118.032364,3.9042523,-19.28036,-18.283302,34.150555,-20.803926,-7.57887,5.402008,-17.897821,-10.458325,-13.529517,51.227596,22.27968,19.546682,10.09937,4.1510696,4.9698625,5.745819,6.047523,3.7712967,3.3758757,3.8477292,3.9606285,3.4225185,0.001376408,0.000913548,0.001938751,0.007174841,0.007373044,0.010495052,0.6029809,93.33391,45.017876,0.04115333,0.012422491,0.016362377,0.012332356,0.018467307,0.08608612,5.340223,6.3904686,0.0864534,0.00510345,0.005350349,0.007329006,0.011325328,0.1957662,9.992699,22.437225,1.8028727,0.03645469,0.03769895,0.044277463,0.07996886,0.4805514,12.966651,65.20212,19.770512,0.17557044,0.0656398,0.06668627,0.09734877,0.81569326,17.891813,91.77278,44.51666,2.2497551,0.2561641,0.24342008,0.34105042,1.7215086,11.350676,20.717846,2.0356038,0.12378636,0.073331654,0.18034059,2.2369041,8.850724,3.0671983,0.12436392,0.105700746,0.31312746,1.7181271,2.7295809,0.19993758,0.039044328,0.10830457,0.29663265,0.22327669,0.038011923,0.01480427,0.030771568,0.073560745,0.023968913,0.005754589,0.010643808,0.038378146,0.032002013,0.014247919,0.047715686,0.094036035,0.044526145,0.053720582,0.16311835,0.18079166,0.16454177,0.2314261,0.0746728,0.018869948,0.02348181,0.008452862,0.004489303,0.004657112,0.002729353,0.003426094,0.002553951,0.003582855,0.003881091,0.003843636,0.004376742,0.002124402,0.000194175,1.34E-06,5.20E-07,4.01E-07,3.24E-07,2.70E-07,2.31E-07,2.00E-07,1.75E-07,1.56E-07,1.39E-07,1.26E-07,1.14E-07,1.04E-07,9.59E-08,8.86E-08,8.23E-08,7.68E-08,7.21E-08,6.79E-08,6.43E-08,6.11E-08,5.84E-08,5.61E-08,5.41E-08,5.24E-08,5.11E-08,5.00E-08,4.92E-08,4.88E-08,0.000968277,0.001904927,0.003458786,0.007747316,0.013634842,0.03219359,1.3784052,30.70397,26.03505,0.09238016,0.026960723,0.01763582,0.013139791,0.017978135,0.24063921,3.9280016,3.3152645,0.10974516,0.008931379,0.007184339,0.008597071,0.014612038,0.9019184,12.383739,16.739456,1.8210071,0.033073764,0.030771678,0.03876711,0.10690075,1.9877996,20.785543,55.773758,18.317526,0.21728107,0.045229025,0.058647085,0.089137115,3.6860337,43.096954,103.69469,45.20026,3.630017,0.21150546,0.15900269,0.3924657,7.182698,17.528091,24.934467,3.9710531,0.09477567,0.046814606,0.56056976,4.9930263,10.484764,3.5671046,0.09414114,0.09505225,1.2690638,2.5881302,3.8634813,0.2527426,0.029996129,0.31389457,0.4443385,0.18969016,0.04047678,0.02134235,0.04405264,0.07714796,0.01940001,0.003487021,0.011294435,0.022773853,0.029033788,0.008973026,0.045276143,0.06323922,0.038373973,0.03967897,0.116705455,0.12899204,0.09773185,0.1998216,0.051710743,0.00949436,0.013987889,0.004970215,0.002848303,0.00239955,0.001562524,0.002102239,0.001379115,0.002534388,0.002476108,0.00230478,0.002707505,0.001262131,0.000132242,9.47E-06,6.31E-06,4.86E-06,3.93E-06,3.28E-06,2.80E-06,2.42E-06,2.13E-06,1.89E-06,1.69E-06,1.52E-06,1.38E-06,1.26E-06,1.16E-06,1.07E-06,9.98E-07,9.32E-07,8.74E-07,8.24E-07,7.80E-07,7.42E-07,7.08E-07,6.80E-07,6.56E-07,6.35E-07,6.19E-07,6.06E-07,5.97E-07,5.91E-07,0.08300528,0.07386912,0.29141882,0.06864389,0.051536977,0.07215729,0.18657334,0.8812423,0.3305995,0.026181892,0.20202973,0.582586,0.07254392,0.11657755,0.19111328,0.0322818,0.049501345,0.049550742,0.12876351,0.21620694,0.22618657,0.040027544,0.24249367,0.3569014,31.59165219,28.28024708,29.18307447,24.0909203,19.77286062,67.70986972,17.34218633,3.587288217,4.179032733,3.835084286,3.335724244,1.911502374,7.777350111,2.779942474,hyperkinetic dysphonia
voice189.wav,14.461293,0.20686503,0.073137322,0.017437336,-153.96513,183.45334,-119.671745,-0.26575613,-12.218581,-16.923582,15.949018,-32.5441,-13.345976,-17.23874,-30.567757,-11.212633,-28.74479,56.617878,28.718273,20.58404,7.4148655,5.9942265,6.113889,8.152697,8.585233,5.5469584,5.638105,5.4695373,3.9264867,5.737582,0.002858707,0.016102502,0.049607515,0.07784376,0.04497045,0.09169786,0.1545984,0.9225386,1.9391388,1.25555,16.641653,87.19336,19.215143,159.69397,601.8811,102.05823,3.4994535,6.4109955,2.4437935,1.0177698,0.71659726,0.3473254,1.3115724,2.906535,1.257637,2.7748275,12.190532,7.028426,11.592176,9.707644,2.5712872,0.91726285,1.2606031,3.2979693,13.1982355,14.390959,14.219033,22.56148,33.909527,36.483948,32.200638,20.572075,20.191069,30.404982,18.628136,4.790264,3.7290194,5.0060325,5.127617,6.461387,3.6829903,6.541847,9.89148,8.717001,10.229349,15.312384,14.128028,10.243572,7.5307183,2.301095,2.3024914,0.5946734,0.8673696,0.7990837,0.7954332,0.6511431,0.41056666,0.37719706,0.46184832,0.41498676,0.30769277,0.32942533,0.32699943,0.31788117,0.29223084,0.28729606,0.29482576,0.3492742,0.5074211,0.5501469,0.2410821,0.14746241,0.0820774,0.057759445,0.034666862,0.020088013,0.014033119,0.021017216,0.025492117,0.030514281,0.03391292,0.03896526,0.049178112,0.041959137,0.025872178,0.020960018,0.0277105,0.013519078,0.000995007,1.61E-05,8.77E-06,6.62E-06,5.28E-06,4.34E-06,3.67E-06,3.16E-06,2.75E-06,2.42E-06,2.16E-06,1.94E-06,1.75E-06,1.60E-06,1.46E-06,1.35E-06,1.25E-06,1.16E-06,1.09E-06,1.03E-06,9.69E-07,9.21E-07,8.79E-07,8.43E-07,8.13E-07,7.87E-07,7.67E-07,7.50E-07,7.39E-07,7.32E-07,0.005877418,0.018843135,0.05367023,0.13393949,0.040894784,0.08487414,0.17774884,2.234168,4.242012,3.5491636,23.416973,115.90581,39.3286,194.15417,352.25812,128.5136,5.0077105,8.455323,2.9646778,1.6882927,1.2036692,0.48949727,2.1819854,4.9341493,2.180852,4.2262897,11.9091625,11.192459,23.717308,12.6925125,2.6037662,0.9923749,1.5618956,4.2421117,23.26469,16.856722,21.038523,29.666367,34.217937,58.13568,54.983887,36.3623,32.87168,42.973293,29.618834,4.389408,3.4007463,5.437639,5.0597773,6.537475,4.6047893,6.319734,8.375282,10.1200285,11.15291,15.065539,13.058753,9.411591,8.456755,2.3806658,3.4526608,0.47897905,0.7442919,0.6548266,0.59709823,0.4971637,0.32168487,0.2958364,0.48814186,0.48287877,0.3655396,0.28338775,0.262955,0.27451298,0.2113097,0.19682635,0.21811436,0.3241638,0.6157647,0.91242796,0.24204071,0.12524426,0.052673854,0.047613528,0.02641147,0.014569848,0.009795474,0.013233798,0.018541705,0.02333553,0.029019026,0.020852014,0.026389068,0.02548176,0.014509873,0.012381924,0.025249988,0.012179535,0.000960563,0.000160744,0.000106363,8.03E-05,6.40E-05,5.27E-05,4.46E-05,3.83E-05,3.33E-05,2.94E-05,2.62E-05,2.35E-05,2.13E-05,1.94E-05,1.77E-05,1.64E-05,1.52E-05,1.41E-05,1.32E-05,1.24E-05,1.18E-05,1.12E-05,1.07E-05,1.02E-05,9.86E-06,9.55E-06,9.30E-06,9.10E-06,8.96E-06,8.87E-06,0.14634927,0.19489007,0.15287697,0.10389283,0.25971678,0.82820344,0.5501785,0.09410888,0.10804503,0.12968948,0.18914127,0.14925037,0.13797526,0.2163934,0.20880707,0.11089047,0.21065941,0.2729538,0.33557242,0.1452003,0.15652376,0.1346262,0.15667877,0.16286254,20.36401548,24.60204228,20.86509879,19.04472196,19.08472127,69.76696235,18.60030819,3.704846717,4.324327186,4.282391254,3.180134746,1.992974683,8.553252628,2.880755001,hypokinetic dysphonia
voice190.wav,8.047652,0.27747232,0.129196579,0.018562139,-193.61403,141.62517,-141.97983,-3.5070293,-12.43443,-21.445711,16.413807,-34.209194,-12.256225,-0.16874458,-20.801935,-4.3064227,-12.182135,48.47331,19.804071,21.14635,7.9881096,4.783777,5.3906527,4.114895,6.5326176,3.8288639,3.4644337,4.1597,3.2914875,4.431361,0.001383659,0.001898135,0.004888282,0.011876018,0.007629704,0.013897988,0.02190947,0.024357004,0.039694037,9.543255,184.6187,22.376728,0.0441555,0.02130825,0.018585889,0.02913409,0.037534103,0.039334785,0.05434497,0.05637169,6.4697595,127.435715,24.074112,0.06901603,0.060192816,0.05224287,0.051201683,0.069805264,0.082256004,0.10441266,0.23142521,37.3023,396.47403,90.57112,0.51929545,0.14490874,0.131043,0.10601413,0.08423348,0.11109128,0.2946362,0.6175735,104.368546,754.11487,178.83772,2.1248536,1.2501339,0.8824507,0.4895167,1.0048189,1.0818876,5.920259,135.41216,93.26165,1.4629083,0.27125925,0.3705117,0.3520498,0.511627,29.667982,132.715,18.93237,0.26032633,0.22472787,0.18192782,0.3913143,6.261694,4.019808,0.06702149,0.025506813,0.02442518,1.0151645,3.021378,0.31289464,0.03492338,0.04218425,0.9750362,1.974057,0.10689202,0.014343347,0.17344229,1.8980165,0.63477945,0.0868182,0.1816805,0.86438245,0.1214521,0.010744615,0.06229329,0.19420101,0.037404276,0.023559483,0.07661858,0.011911067,0.00531311,0.02190773,0.011840452,0.004646264,0.003900292,6.21E-05,1.97E-05,1.51E-05,1.21E-05,1.01E-05,8.58E-06,7.42E-06,6.49E-06,5.75E-06,5.14E-06,4.62E-06,4.19E-06,3.83E-06,3.52E-06,3.25E-06,3.01E-06,2.81E-06,2.64E-06,2.48E-06,2.35E-06,2.23E-06,2.13E-06,2.05E-06,1.98E-06,1.91E-06,1.86E-06,1.83E-06,1.80E-06,1.78E-06,0.01227251,0.012821877,0.017479245,0.032043826,0.024212996,0.03963305,0.075139955,0.07673481,0.15039802,4.884209,67.05742,15.866061,0.091543674,0.041175354,0.044630658,0.07197237,0.035973016,0.037262805,0.05857416,0.1115451,5.1615973,55.95356,16.887125,0.15961677,0.131108,0.05828218,0.04733871,0.07816304,0.082530126,0.19989266,0.65479374,52.667843,174.11397,60.744736,0.7124356,0.21845673,0.15065798,0.11814708,0.10773372,0.16259909,0.3165574,1.0408924,147.33104,332.45483,214.69212,2.765776,0.96354854,0.7712764,0.5161733,0.9229118,0.8933999,12.41,78.72411,95.040886,3.4750535,0.1606229,0.38388184,0.2335549,0.5077314,31.704756,53.0666,26.410313,0.1926924,0.19246717,0.10888185,0.6194712,2.7930524,4.743957,0.117366716,0.016432159,0.018855242,0.944997,1.0100442,0.55371565,0.042630233,0.032665387,0.7792105,0.7736622,0.21240397,0.010875257,0.22113442,0.8600992,0.8484719,0.05308726,0.21051441,0.44280744,0.12232102,0.023989094,0.08008738,0.28614223,0.08762524,0.03039901,0.04521862,0.023737554,0.02144688,0.021941625,0.028540825,0.005397286,0.003713649,0.00034248,0.000232292,0.000177799,0.00014311,0.000118801,0.000101145,8.74E-05,7.64E-05,6.78E-05,6.05E-05,5.45E-05,4.94E-05,4.51E-05,4.14E-05,3.83E-05,3.55E-05,3.31E-05,3.11E-05,2.93E-05,2.77E-05,2.63E-05,2.51E-05,2.41E-05,2.33E-05,2.25E-05,2.20E-05,2.15E-05,2.12E-05,2.10E-05,0.9795781,0.18687776,0.010632228,0.05784425,0.22929527,0.03008303,0.08795684,0.58996433,0.113281235,0.01019729,0.017030329,0.16342811,0.12213103,0.09361162,0.024931112,0.031988647,0.1139742,0.034436252,0.05730243,0.18228638,0.07161516,0.03830913,0.041505467,0.08242006,17.20358674,29.91611443,29.83918374,28.01273503,24.00287471,68.53761031,19.52818874,3.354873108,4.700421388,4.425091743,3.364951607,1.704368621,8.400678917,2.933354956,hyperkinetic dysphonia
voice191.wav,11.361038,0.16129798,0.088916343,0.017570818,-218.95116,162.2826,-125.68255,30.218805,-29.932007,-11.463474,27.712238,-54.631268,6.351451,9.993364,-23.725649,9.437137,-14.629604,55.819263,22.008648,19.180029,9.799723,6.356238,3.850155,5.173074,8.231662,3.0320134,2.7114646,5.08978,4.1010075,6.464726,0.003019297,0.005034443,0.007489851,0.019710694,0.02697396,0.0238593,0.25998566,159.3728,81.20636,0.1151834,0.054856952,0.04612295,0.030177852,0.019137047,0.03602633,24.215256,42.821198,0.6403132,0.036020223,0.037306737,0.026487432,0.058992628,0.087043226,18.874866,160.17725,22.443027,0.29974648,0.16563483,0.12792256,0.100279056,0.09662052,0.73087525,20.873007,13.096493,0.13509038,0.024620933,0.046744715,0.047095362,0.06445074,0.7375397,53.108948,86.41195,4.702513,0.15686524,0.11358614,0.1137191,0.09845302,2.087242,36.66924,13.613348,0.14477816,0.10147254,0.11439076,0.4224909,23.614998,39.41938,2.1645198,0.2313811,0.15798843,1.5854441,15.835657,3.4616413,0.044538546,0.03369438,0.2103899,1.4996734,0.2916423,0.007302376,0.013984325,0.30970564,0.211102,0.00744941,0.013809609,0.22294909,0.18015614,0.006317912,0.022250736,0.11656175,0.02312675,0.017031671,0.28478447,0.15262453,0.026212879,0.5639014,0.44327182,0.11418463,1.4439179,0.49675545,0.07270468,0.20643406,0.039667193,0.14390464,0.10258657,0.08588891,0.2548191,0.093071155,0.40359727,0.082140416,0.003659476,4.29E-05,1.73E-07,1.46E-07,1.24E-07,1.07E-07,9.29E-08,8.16E-08,7.23E-08,6.47E-08,5.82E-08,5.28E-08,4.81E-08,4.42E-08,4.07E-08,3.77E-08,3.51E-08,3.29E-08,3.09E-08,2.92E-08,2.77E-08,2.63E-08,2.52E-08,2.42E-08,2.34E-08,2.27E-08,2.21E-08,2.17E-08,2.14E-08,2.12E-08,0.016305648,0.0266979,0.03279691,0.04413502,0.11073274,0.12741077,0.8685971,46.630615,31.95667,0.5275159,0.24066061,0.11852075,0.121706955,0.083116576,0.15515107,14.268632,14.928123,0.88271815,0.07406382,0.14545071,0.09188966,0.33419862,0.4336473,15.776334,62.625484,22.846333,1.4135633,0.63348424,0.45391545,0.24165314,0.30091307,1.4046139,6.3315773,9.639784,0.3248414,0.03772282,0.056058064,0.046820827,0.08964701,1.83657,34.888218,43.38829,8.489402,0.22151773,0.112787515,0.11171885,0.07018871,3.3299704,19.332468,8.94771,0.20361848,0.06609677,0.07319427,1.1245539,16.580965,26.401955,5.5556765,0.16239429,0.1239294,2.355258,15.170104,3.0806217,0.04442568,0.033693053,0.27791885,0.5964322,0.29329327,0.005982546,0.021077013,0.18207684,0.12970714,0.01173323,0.025056548,0.10990868,0.17671874,0.007352497,0.025302764,0.057190005,0.03107068,0.031658307,0.18785702,0.13262896,0.03875999,0.39490494,0.42488998,0.12933198,1.0384711,0.4169223,0.06961024,0.15391688,0.045844663,0.1445282,0.09236157,0.08042535,0.20829506,0.113562375,0.36494505,0.094948635,0.003440113,3.68E-05,2.10E-06,1.77E-06,1.51E-06,1.29E-06,1.13E-06,9.90E-07,8.77E-07,7.85E-07,7.06E-07,6.40E-07,5.84E-07,5.36E-07,4.94E-07,4.58E-07,4.26E-07,3.99E-07,3.75E-07,3.54E-07,3.35E-07,3.20E-07,3.06E-07,2.94E-07,2.84E-07,2.75E-07,2.68E-07,2.63E-07,2.59E-07,2.57E-07,0.05282305,0.169275,0.914023,0.16371962,0.1728506,0.30048645,0.26923862,0.8459351,0.19436362,0.026812673,0.18269484,0.54630643,0.04991534,0.07660868,0.15836622,0.09626808,0.09336441,0.12430834,0.11204535,0.1806898,0.08496893,0.04652481,0.11304919,0.23082595,31.94217207,29.03807526,28.38687166,26.3749655,23.28020543,74.15307619,18.22647131,4.233925913,4.843456669,4.360083734,2.909196892,1.918581642,8.677062369,2.708441392,hyperkinetic dysphonia
voice192.wav,14.913525,0.17931055,0.106779572,0.016383467,-174.08675,212.36983,-127.084496,23.915901,-24.135588,-12.051751,34.58238,-50.870518,-2.3932936,6.3303347,-25.700144,12.126406,-18.871872,64.74282,28.628195,19.864729,8.111345,5.9606094,4.9052353,6.5834656,8.668049,3.7992265,3.0836904,5.321167,4.1435695,4.4073586,0.001957179,0.005300452,0.008145478,2.2456338,23.924261,2.726648,1.2338431,2.0286026,15.07525,82.27172,7.4287477,1.4318051,1.1262363,4.2252927,17.999525,1.3803471,0.83941835,0.69794816,5.803096,22.738619,2.2741184,0.5309537,0.6965198,34.83068,107.15838,11.684276,0.30825955,0.4457562,20.491556,45.36985,5.6169105,0.23951069,0.37141663,17.29966,41.088425,5.4223385,0.21702133,2.0935738,54.273766,83.251274,6.703737,0.3213476,0.9101952,23.516457,32.03606,5.444802,0.92391056,27.823074,116.811714,30.278,1.5639361,22.607004,75.40632,13.182999,0.7356048,7.285048,7.2580347,1.0169233,1.4186188,4.0967426,0.85594815,0.6360699,1.6009855,0.5647687,0.35799488,0.80243,0.23041862,0.22996731,0.29239973,0.06269546,0.17542636,0.11351716,0.1914782,0.15042104,0.101638295,0.15708281,0.072027996,0.080715515,0.039411694,0.075918905,0.029563062,0.043076996,0.09303413,0.20491408,0.7837004,0.65268445,0.43003526,0.22188169,0.20821467,0.13848068,0.09939019,0.100012645,0.11301093,0.12220563,0.10984194,0.07476937,0.017088927,0.006777788,0.001085885,2.49E-06,2.09E-08,1.37E-08,9.57E-09,7.00E-09,5.30E-09,4.11E-09,3.24E-09,2.61E-09,2.12E-09,1.74E-09,1.45E-09,1.21E-09,1.02E-09,8.72E-10,7.48E-10,6.47E-10,5.63E-10,4.93E-10,4.36E-10,3.88E-10,3.48E-10,3.15E-10,2.88E-10,2.66E-10,2.49E-10,2.35E-10,2.26E-10,2.20E-10,0.003931294,0.008061332,0.019079836,0.6930435,8.697601,3.743838,3.1849127,3.1836104,13.472122,37.654953,7.51712,3.8448117,2.3703406,3.319251,7.8466825,1.5390109,2.6414206,1.6520759,4.1281567,8.454106,3.871004,1.091308,1.1947467,29.699808,35.300556,21.306871,0.29210356,0.5978824,20.662127,21.218098,11.745373,0.4521375,1.0680469,15.675284,28.652685,11.458003,0.31920373,5.222254,48.438507,48.276524,8.845252,0.2207849,1.6763443,16.416647,20.77624,16.796535,0.81573033,27.858522,55.84464,40.977966,2.1166759,25.135115,38.504547,16.517006,0.8975014,7.325145,6.2160487,2.4713726,1.3298484,2.593158,1.2541547,0.67076373,1.0953327,1.000075,0.38014537,1.0567037,0.4661426,0.13931052,0.33640358,0.081784666,0.13523525,0.1844634,0.12169949,0.14535578,0.05881042,0.13642907,0.06317684,0.06314248,0.04091566,0.09344899,0.023546267,0.038090438,0.06734445,0.15937181,0.5544172,0.48439676,0.2868818,0.13750882,0.12961029,0.06613903,0.062664405,0.06278905,0.0695412,0.08994512,0.076928,0.06495036,0.01236736,0.004951511,0.000784082,2.78E-06,2.54E-07,1.66E-07,1.16E-07,8.49E-08,6.43E-08,4.98E-08,3.93E-08,3.16E-08,2.57E-08,2.11E-08,1.75E-08,1.47E-08,1.24E-08,1.06E-08,9.08E-09,7.84E-09,6.83E-09,5.98E-09,5.28E-09,4.70E-09,4.22E-09,3.82E-09,3.49E-09,3.22E-09,3.01E-09,2.85E-09,2.74E-09,2.67E-09,0.21033044,0.34495404,0.9723605,0.41241246,0.36457887,0.34193423,0.09935447,0.12240462,0.19614649,0.1937533,0.6674441,0.16778414,0.099140294,0.14679235,0.12563159,0.104901224,0.114172034,0.1390167,0.06032041,0.08262062,0.12491168,0.12864505,0.19840075,0.07055308,30.49720749,21.84825131,25.40832882,23.93624159,20.63977265,72.4129823,17.64693465,4.145472199,3.793552524,3.749032019,2.743948689,1.967914692,7.880390709,2.427939869,hyperkinetic dysphonia
voice193.wav,4.6784163,0.34076804,0.120618577,0.020960965,-190.50754,142.25475,-109.574715,4.5781627,-34.812283,-16.956205,22.461819,-47.32566,-3.654052,3.665633,-34.420376,-3.2338696,-14.550715,49.221638,21.609879,19.133085,8.415707,8.634126,6.33988,8.341631,8.958595,4.4263124,4.293855,8.690539,5.7055616,5.699477,0.000403819,0.001154357,0.002278839,0.061190348,0.16419533,0.19409052,0.374681,0.40712747,0.5461695,0.29899415,0.41973686,0.4047939,0.4213007,8.915607,108.44365,15.058101,0.56895244,0.33196384,1.6103592,0.9165306,0.56062746,1.1843884,0.8564194,0.95805204,0.64013743,0.22000015,0.11662585,0.41355222,104.759964,808.83746,192.77005,0.64427185,0.2059174,0.21478046,0.30861905,0.42741776,0.95043206,1.1856997,0.44509012,0.51942694,0.3779054,0.3817895,8.087847,367.41464,1133.404,213.59056,1.6970795,0.35392433,0.23046415,0.16549373,0.1813732,0.15121956,0.12330745,0.12410421,3.0506892,120.70491,418.87878,62.83506,0.6399814,0.3377861,0.18705411,0.18000308,0.07905431,0.07591499,2.0106034,7.526648,1.5380203,0.024213372,0.014807607,0.014634788,0.010154882,0.031790864,0.5502435,0.91071784,0.04703576,0.013379157,0.016277585,0.016383063,0.21532062,0.9011156,0.1985943,0.02026545,0.02085342,0.046999216,0.7069766,0.8781638,0.11924572,0.18281797,0.31703463,1.992414,1.1280029,0.049484283,0.031746082,0.12148774,0.24960041,0.069570564,0.03638355,0.01918909,0.001335325,3.71E-05,2.43E-05,1.88E-05,1.53E-05,1.28E-05,1.09E-05,9.49E-06,8.33E-06,7.41E-06,6.64E-06,6.00E-06,5.46E-06,4.99E-06,4.60E-06,4.25E-06,3.95E-06,3.69E-06,3.47E-06,3.27E-06,3.10E-06,2.95E-06,2.82E-06,2.71E-06,2.61E-06,2.53E-06,2.47E-06,2.42E-06,2.38E-06,2.36E-06,0.001448774,0.0030646,0.007661765,0.15477176,0.3212705,0.36398134,0.6779241,0.64006484,1.2020915,0.95669574,1.0118449,0.8039494,0.88236475,8.858953,34.28793,14.719661,1.1897514,0.7401717,7.3226986,2.7032516,1.1507347,3.296871,2.3248065,2.5920646,1.7806307,0.47935417,0.2942329,1.1497803,139.70363,246.01616,182.92776,2.166659,0.18990025,0.24718545,0.38636708,0.4386426,0.86664283,1.2344403,0.5338894,0.59033096,0.31780028,0.37385476,41.48236,538.5444,452.7226,279.73398,7.891417,0.5330596,0.2675572,0.13703848,0.19721596,0.13832404,0.08510846,0.11653917,17.78155,152.86298,238.69786,90.72414,0.8631359,0.38005003,0.19876738,0.20437261,0.08919117,0.13741559,4.1767983,5.8263426,1.4434923,0.059441805,0.027771711,0.027334979,0.024537131,0.12727927,0.5506166,0.8181939,0.093137905,0.016137484,0.015830208,0.02064118,0.36292052,0.6233836,0.21998267,0.02023923,0.017479166,0.10722217,0.7837737,0.71330357,0.16795191,0.121836565,0.60915285,2.4264529,1.3006765,0.06870533,0.028637953,0.17941697,0.21894741,0.13239668,0.035378102,0.05601957,0.002130161,0.000437722,0.00029517,0.000228129,0.000185144,0.000154758,0.000132525,0.000115078,0.000101094,8.99E-05,8.06E-05,7.28E-05,6.62E-05,6.06E-05,5.57E-05,5.16E-05,4.79E-05,4.48E-05,4.21E-05,3.97E-05,3.76E-05,3.58E-05,3.42E-05,3.28E-05,3.17E-05,3.07E-05,2.99E-05,2.93E-05,2.89E-05,2.86E-05,0.81522715,0.15369362,0.008161014,0.007724311,0.15733626,0.9032048,0.17197578,0.008610393,0.006339725,0.011475125,0.005087857,0.14205894,0.18393852,0.118412815,0.0669821,0.060043186,0.114728704,0.17401607,0.10973931,0.033957556,0.022017457,0.018903386,0.026091557,0.12557934,26.5903563,26.75460883,30.60512485,29.65623846,24.38167536,70.44461915,19.31632991,5.180692153,4.21790726,4.431808238,3.150076061,2.326244666,8.431806126,2.825315684,hyperkinetic dysphonia
voice194.wav,18.342875,0.21231139,0.104321781,0.014961965,-222.87988,131.86723,-145.32831,16.737371,-21.514399,-8.02185,28.800663,-40.53096,13.223991,-3.2502966,-37.390553,12.727126,-19.411371,49.697014,18.85259,21.8585,5.900583,5.747057,4.96788,5.600175,5.6509104,3.6208072,2.6231306,5.7272005,3.8732738,4.0940576,0.001770389,0.001278244,0.002764063,0.014680241,0.009341411,0.004731994,0.010214979,0.012388217,0.027408222,0.041018654,5.621232,237.19283,45.83546,0.09582416,0.028720792,0.023425208,0.011562514,0.015078126,0.008591335,0.018339535,0.019976927,0.039275702,1.3686751,129.18283,58.73526,0.12831911,0.037956696,0.036239948,0.029626703,0.027945532,0.032152295,0.03296246,0.04617263,0.09674524,1.8069067,178.607,170.05038,2.0228755,0.2425499,0.33410397,0.30179775,0.25706753,0.33628744,0.34791473,0.39578554,0.3107317,22.71285,202.93736,37.760468,0.11149273,0.13147594,0.18390878,0.13031894,0.14894457,0.1775811,3.2704678,120.417656,64.485344,0.29430863,0.19398627,0.15765546,0.2084935,0.18075477,8.320303,40.915142,2.5429645,0.049390167,0.02833615,0.021430902,0.12027933,4.033126,1.374012,0.017542021,0.017579807,0.023079207,0.6334818,1.9925089,0.11251585,0.012066066,0.007200432,0.1297358,0.25842166,0.00882378,0.005442618,0.037239708,0.5688649,0.10731963,0.023573233,0.38795948,4.6605225,0.73351145,0.08247074,0.98207146,1.5286057,0.0361145,0.05560163,0.29831937,0.03565117,0.000437394,1.49E-06,4.83E-08,3.31E-08,2.49E-08,1.97E-08,1.62E-08,1.35E-08,1.14E-08,9.83E-09,8.52E-09,7.45E-09,6.56E-09,5.82E-09,5.20E-09,4.67E-09,4.22E-09,3.83E-09,3.50E-09,3.22E-09,2.98E-09,2.77E-09,2.59E-09,2.44E-09,2.32E-09,2.21E-09,2.13E-09,2.06E-09,2.01E-09,1.98E-09,0.006090764,0.004788151,0.012169378,0.014896628,0.02650938,0.020936923,0.064044185,0.05566681,0.23585998,0.2958787,6.7706065,79.48308,15.008906,0.83361197,0.2528834,0.22389854,0.08360455,0.13650101,0.05412051,0.13073586,0.114052296,0.30605128,2.514868,40.097286,28.17651,0.6199873,0.24311472,0.18652263,0.08607315,0.10655404,0.055440854,0.11637474,0.062619254,0.21199456,3.2564814,67.92123,115.908646,3.7005093,0.35516477,0.45593,0.4471102,0.2874872,0.3827581,0.4480251,0.55330884,0.236968,23.871595,84.56611,39.647926,0.12519476,0.1463296,0.19520296,0.16228758,0.1911693,0.30228353,6.0336466,43.36034,45.19556,0.3505033,0.13620694,0.10272638,0.15861675,0.15016162,8.282184,21.401945,3.4333513,0.04583367,0.026410965,0.019756742,0.25618586,1.9014404,0.8231917,0.011080315,0.010384656,0.019457223,0.53407437,0.67819273,0.21056364,0.007441104,0.006321148,0.10541345,0.18257824,0.01159289,0.004416761,0.049617764,0.29915914,0.118429855,0.019635037,0.47159365,3.5436256,1.0098248,0.06236607,0.5696816,0.7260492,0.033014342,0.046060294,0.15220852,0.04680628,0.000236424,1.77E-06,5.86E-07,4.01E-07,3.02E-07,2.39E-07,1.96E-07,1.64E-07,1.39E-07,1.19E-07,1.03E-07,9.03E-08,7.96E-08,7.06E-08,6.30E-08,5.66E-08,5.11E-08,4.65E-08,4.25E-08,3.90E-08,3.61E-08,3.36E-08,3.14E-08,2.96E-08,2.81E-08,2.68E-08,2.58E-08,2.50E-08,2.44E-08,2.41E-08,0.15484715,0.96280664,0.22090189,0.015878337,0.08846885,0.39979398,0.06891336,0.10209507,0.65545034,0.15935406,0.023741642,0.028480658,0.09210842,0.098380856,0.09063776,0.08440054,0.06959661,0.14647818,0.09310056,0.108733125,0.23376308,0.13094896,0.11139188,0.09250952,16.61224119,32.15883025,32.28727405,26.99102108,27.98046094,75.73582676,19.00850551,3.235240306,5.024382368,4.763308327,2.770903412,2.400913105,8.282085854,2.611273209,hyperkinetic dysphonia
voice195.wav,11.088705,0.14707297,0.078465814,0.022726427,-208.3437,170.82458,-109.17152,32.72818,-10.904256,-12.888894,37.03845,-25.787428,6.482319,1.0802311,-38.959087,2.43796,-5.228219,52.92365,22.603354,18.137451,8.451737,4.0085554,4.514833,5.8362722,5.8670626,3.8061483,3.6552145,5.915103,3.3766854,3.6756463,0.032827366,0.05720166,0.07376585,0.40741768,0.39549336,0.30664524,29.7071,337.8258,23.70133,0.19519307,0.28006515,0.22958769,0.0899517,0.053417284,6.7927814,45.07797,3.234872,0.042179734,0.06259866,0.06730932,0.043874543,0.028034588,2.9623823,12.810109,1.1391714,0.03666777,0.04005705,0.046593904,0.027471537,0.18329217,13.609674,40.98639,5.516564,0.12715787,0.13554713,0.13470353,0.15489507,1.0293249,36.056305,105.94221,18.589296,0.41476923,0.34895745,0.2723475,0.2553179,1.844244,15.091334,11.637769,0.34857693,0.115417376,0.08853517,0.11666931,1.7535346,3.8087733,0.45050305,0.08172828,0.07848415,0.32332444,3.5383296,2.1247442,0.13790417,0.098613344,0.4799394,2.6230931,1.073749,0.17904831,0.1736021,0.7593047,0.6706215,0.077676386,0.03523251,0.12011482,0.13088113,0.02076342,0.020397346,0.068962015,0.046474714,0.036920324,0.08715769,0.08382262,0.039368823,0.059173085,0.06634033,0.04959191,0.18145557,0.20819803,0.29107693,0.5900262,0.21660806,0.12149114,0.06502262,0.027895313,0.03173421,0.023647042,0.027154664,0.016354846,0.013114057,0.004486449,0.000228982,6.26E-06,3.68E-06,2.78E-06,2.22E-06,1.83E-06,1.55E-06,1.33E-06,1.16E-06,1.02E-06,9.08E-07,8.15E-07,7.38E-07,6.72E-07,6.16E-07,5.68E-07,5.26E-07,4.90E-07,4.59E-07,4.32E-07,4.08E-07,3.88E-07,3.70E-07,3.55E-07,3.43E-07,3.32E-07,3.23E-07,3.16E-07,3.11E-07,3.08E-07,0.31315634,0.4245865,0.39136362,0.96784943,1.2298038,1.6951996,13.951436,149.437,16.525562,1.1074659,0.7301834,0.41391546,0.19519474,0.11254248,5.1190877,14.057023,2.374555,0.10215527,0.10172172,0.08274366,0.06616313,0.049873628,3.058847,5.15741,1.1185924,0.035271388,0.040454693,0.054323953,0.02332772,0.7727822,16.243385,18.547787,9.842241,0.10715358,0.14091626,0.12805496,0.16906257,3.2337348,40.527042,53.640003,32.434948,0.48011443,0.35488164,0.20305204,0.23578888,4.5052423,9.564296,10.332669,0.73482096,0.11289489,0.07613832,0.26135072,2.1580994,2.066566,0.76672333,0.07297106,0.051740613,0.5910776,2.8626666,1.7744973,0.11616473,0.07717181,0.72847086,1.6067903,0.8395577,0.14813226,0.21180585,1.0253186,0.4902319,0.093998395,0.030874334,0.12906608,0.10577857,0.016747927,0.019177428,0.043532293,0.038359832,0.030349601,0.061319955,0.05974337,0.03188259,0.036218747,0.035807822,0.03515839,0.09444181,0.10538933,0.30424407,0.60222554,0.15009068,0.12514812,0.03996825,0.021535033,0.019075941,0.012665425,0.017908407,0.009680832,0.009158264,0.002153602,0.000221986,6.77E-05,4.47E-05,3.38E-05,2.69E-05,2.22E-05,1.87E-05,1.61E-05,1.40E-05,1.24E-05,1.10E-05,9.89E-06,8.95E-06,8.15E-06,7.47E-06,6.89E-06,6.38E-06,5.95E-06,5.57E-06,5.24E-06,4.95E-06,4.71E-06,4.49E-06,4.31E-06,4.15E-06,4.02E-06,3.92E-06,3.84E-06,3.78E-06,3.74E-06,0.069156215,0.19832426,0.038171668,0.036062017,0.049660772,0.36160794,0.986553,0.24035017,0.05659675,0.266683,0.5897201,0.06480721,0.09793287,0.10599915,0.077818975,0.09478133,0.0732491,0.15169525,0.05993832,0.11105396,0.108169354,0.2273688,0.22196595,0.09557483,35.22955536,25.02611448,26.19053395,25.31997312,20.21905534,70.20435635,15.89147902,5.689805197,4.084649702,3.935017386,2.963529719,2.35841854,9.035594053,2.104315742,healthy 
voice196.wav,11.039215,0.21849777,0.109942462,0.016796339,-191.8363,177.56052,-102.37655,25.873789,-12.951665,-18.917248,20.043577,-42.554504,-3.975011,7.7611117,-29.217632,-5.76252,-13.682453,56.704025,24.693521,18.149672,12.464789,6.145226,8.853739,8.138001,8.094895,3.6215522,6.433379,6.0087023,3.7522266,6.758613,0.00179873,0.008907996,0.01603075,1.3717114,2.325934,0.2079216,0.16809781,0.7825001,49.448433,38.272285,1.0254971,2.2263472,2.721437,10.01492,7.4915476,2.4721107,0.49194264,29.906227,134.15665,14.587097,1.8095042,0.45622987,0.46389848,0.45369786,0.78235686,0.68682873,17.57615,355.0071,201.3078,7.897484,1.1251423,0.3671587,0.15202422,0.1160311,0.081305385,1.1255525,84.7597,195.97026,38.3598,1.7733519,0.10998692,0.12940466,0.16437247,0.14176907,1.2892529,45.13763,81.515305,13.850362,0.92142457,0.09336128,0.08986916,0.09773362,5.54096,65.33019,60.461563,5.3955255,0.3372909,0.24207193,0.5754243,22.147669,39.701,5.696566,0.4723884,0.1353808,0.22413218,1.6714498,1.3563877,0.1827702,0.08897833,0.1158117,0.46437752,0.29780087,0.074708104,0.062102035,0.15187591,0.20294996,0.06724794,0.06818617,0.17354754,0.16282071,0.047433816,0.12809272,0.3346935,0.19538614,0.09831944,0.95318025,1.4161236,0.21510567,0.3171691,0.1549294,0.019378366,0.025994886,0.026105456,0.032982066,0.08587253,0.046007782,0.026469344,0.009621888,0.000657612,5.04E-06,2.13E-06,1.59E-06,1.25E-06,1.03E-06,8.62E-07,7.38E-07,6.40E-07,5.63E-07,5.00E-07,4.48E-07,4.04E-07,3.67E-07,3.36E-07,3.09E-07,2.86E-07,2.66E-07,2.49E-07,2.34E-07,2.21E-07,2.10E-07,2.00E-07,1.92E-07,1.85E-07,1.79E-07,1.74E-07,1.71E-07,1.68E-07,1.66E-07,0.002377295,0.007152784,0.013168245,2.4240508,4.605085,0.29931664,0.16602091,0.78734434,21.81745,18.976727,2.702375,6.1891947,4.862756,26.820162,18.0428,5.9999948,0.59777707,17.464066,63.70517,21.80285,4.915881,1.6900624,2.255965,1.3481401,2.036395,2.1109865,23.594543,147.64284,201.79785,39.36404,5.0428987,1.3824424,0.33058664,0.2294811,0.16662058,3.6517386,60.711304,163.0653,74.14031,12.143655,0.106908776,0.13132253,0.17802277,0.16898865,3.7749865,42.033604,47.459106,22.568426,5.475388,0.091829814,0.09194357,0.12691244,8.801995,38.772213,81.64846,20.830431,1.2230679,0.25860193,1.8771069,17.557785,26.933784,9.925709,1.7193259,0.37403104,0.3522068,1.0707115,1.7188084,0.5349434,0.2049661,0.18989153,0.34940714,0.4387369,0.17903842,0.18079796,0.11922598,0.17998557,0.10386086,0.146322,0.1725957,0.16133353,0.07490864,0.19416207,0.23378624,0.25649977,0.13816528,0.65805274,1.8374676,0.5709208,0.33080226,0.10462612,0.0207294,0.022853322,0.06877117,0.08246875,0.1486742,0.07766164,0.04415762,0.014123009,0.001370947,3.94E-05,2.51E-05,1.87E-05,1.48E-05,1.21E-05,1.02E-05,8.69E-06,7.54E-06,6.64E-06,5.89E-06,5.27E-06,4.76E-06,4.33E-06,3.96E-06,3.65E-06,3.37E-06,3.14E-06,2.94E-06,2.76E-06,2.61E-06,2.47E-06,2.36E-06,2.26E-06,2.18E-06,2.11E-06,2.05E-06,2.01E-06,1.98E-06,1.96E-06,0.061447967,0.25342855,0.05809306,0.12118767,0.9766665,0.36412263,0.080562055,0.1487944,0.10409094,0.6747777,0.26442692,0.023307215,0.07050661,0.107553415,0.07307553,0.10573641,0.12022884,0.2263843,0.08452903,0.06661583,0.069845155,0.16050617,0.1983882,0.073505156,24.3950334,21.23049745,30.31074696,27.18002799,22.72137256,69.79088989,18.42111581,4.361754113,3.920419641,4.802043893,3.922865795,3.129109257,8.61830752,2.825076125,healthy 
voice197.wav,11.179947,0.13746321,0.112595017,0.016651348,-249.84244,145.2637,-126.0956,8.031421,-30.95002,4.0614576,28.27857,-45.812794,19.15749,-2.9949114,-35.897415,14.692966,-21.064203,49.536224,19.163883,18.788301,5.783497,6.047874,4.0626903,6.423484,7.734546,5.041484,4.0284886,5.375727,4.153497,3.4665477,0.001524945,0.000821533,0.002194798,0.006260241,0.004004544,0.004181139,0.005185622,0.019741667,34.77433,58.64577,0.34109437,0.008082099,0.005603952,0.004568805,0.004097968,0.004286772,0.007055407,0.7818038,39.673347,14.551432,0.034541428,0.007734418,0.006108859,0.005486313,0.005549665,0.006756823,0.059115022,27.852863,100.24542,7.1877036,0.03786875,0.030152457,0.028947785,0.026789814,0.04580834,0.06804149,2.8291469,76.452736,94.52976,3.5925038,0.21327259,0.17274004,0.18504044,0.14362922,0.11358713,1.1202204,41.53067,72.31202,4.6981764,0.15455537,0.101056166,0.087895006,0.09487574,1.698916,19.159193,7.3857408,0.1340314,0.10501324,0.12370352,0.5162821,6.1557603,6.1940045,0.30759668,0.07916302,0.052300803,0.13109991,0.4472012,0.0840716,0.014781734,0.013333436,0.03687823,0.071262844,0.014497256,0.004456264,0.006486158,0.04654044,0.040328473,0.007481003,0.006700552,0.013979306,0.006031377,0.002219079,0.005249227,0.01727613,0.00582645,0.007456096,0.063607305,0.039194897,0.028449165,0.2530526,0.2667815,0.22721966,0.5063142,0.16867204,0.09080042,0.18568802,0.043546427,0.039167307,0.006830748,6.25E-06,8.60E-07,5.95E-07,4.46E-07,3.52E-07,2.88E-07,2.41E-07,2.05E-07,1.78E-07,1.56E-07,1.39E-07,1.24E-07,1.13E-07,1.03E-07,9.40E-08,8.68E-08,8.06E-08,7.53E-08,7.07E-08,6.67E-08,6.33E-08,6.04E-08,5.79E-08,5.58E-08,5.40E-08,5.26E-08,5.15E-08,5.07E-08,5.02E-08,0.003429824,0.003546181,0.004703187,0.008899685,0.008163648,0.010585709,0.018894404,0.055597376,9.645607,22.252861,0.3758258,0.02445824,0.013572207,0.012358682,0.00922528,0.010116422,0.019456856,1.0982366,17.474428,8.81339,0.08038855,0.020935714,0.018056722,0.018969098,0.01815693,0.028366148,0.19978516,20.332685,48.89428,6.9215546,0.06391618,0.044069357,0.034734797,0.024461025,0.03812672,0.084379606,6.5725217,41.42025,81.88342,7.5283594,0.16384593,0.14395215,0.19906619,0.12541927,0.07087295,3.2591803,30.360224,57.510708,10.64003,0.14641461,0.056321044,0.056369416,0.078991316,3.0279398,18.882002,9.379816,0.27811685,0.06918803,0.078051634,1.2739962,5.391908,5.4889607,0.61781144,0.05153369,0.031882748,0.22341214,0.41557306,0.08772727,0.009569839,0.007560084,0.0630204,0.06676221,0.02024984,0.002588219,0.009271592,0.027850036,0.03726813,0.005788693,0.006534301,0.012589696,0.004802944,0.00139301,0.004564773,0.013838299,0.005800629,0.005953827,0.069565475,0.040067356,0.021849463,0.1793173,0.18207239,0.13644685,0.3368777,0.11506435,0.061668247,0.13627645,0.030732166,0.03201143,0.005350813,1.96E-05,1.01E-05,7.01E-06,5.26E-06,4.15E-06,3.39E-06,2.84E-06,2.42E-06,2.10E-06,1.84E-06,1.64E-06,1.47E-06,1.33E-06,1.21E-06,1.11E-06,1.02E-06,9.49E-07,8.87E-07,8.32E-07,7.86E-07,7.46E-07,7.11E-07,6.82E-07,6.57E-07,6.36E-07,6.19E-07,6.06E-07,5.97E-07,5.91E-07,0.015252491,0.21069406,0.45496488,0.042104658,0.18135117,0.628266,0.08220294,0.069519594,0.082435966,0.3217059,0.9854711,0.15093265,0.05589149,0.13214725,0.123930484,0.06478132,0.12712844,0.21339163,0.068788,0.08091147,0.1079801,0.1955095,0.047289766,0.11201036,17.23238845,29.91664039,31.34463157,26.25475576,22.13612207,75.50937076,19.32285266,2.946215846,4.849669639,4.6920017,2.529799959,2.461303506,8.771501928,2.774818018,healthy 
voice198.wav,11.818399,0.13662218,0.069414587,0.023824551,-188.31892,154.40868,-120.95391,31.571133,-8.375468,-8.914615,28.51845,-40.51388,-3.6096888,2.8088226,-27.033884,-10.665964,-22.840767,52.375732,20.634115,18.290966,8.193681,4.6644807,5.4155197,5.673089,7.4860516,3.482177,3.4241989,4.729498,3.5897372,4.423294,0.002736066,0.00886994,0.011866138,0.026002815,0.03154953,0.1379397,0.7396466,10.541396,345.55634,90.085686,0.54537797,0.21473159,0.29395682,0.5357017,0.29483733,0.18003963,0.14992651,6.317086,5.729676,0.8806648,0.08738269,0.15478097,0.10940534,0.123689435,0.05992554,0.14156912,7.3487525,8.155079,1.3068794,0.37776455,0.13305545,0.12239638,0.1422941,0.16044955,0.4430839,17.92717,30.478985,8.915211,1.9010748,0.7052614,0.2436662,0.20904586,0.17050081,0.8435958,19.309319,23.958536,7.170913,1.5399307,0.7824546,0.46132988,0.531602,1.8538,13.983401,6.0419054,1.9566054,1.867647,2.1305132,2.423849,5.444281,4.1467032,1.125895,0.41035643,0.23583078,0.45679033,1.5564033,0.5794665,0.21278101,0.12045393,0.16811748,0.3274021,0.16747952,0.09381935,0.06761058,0.15477236,0.1412374,0.074861355,0.053270403,0.12779672,0.17589702,0.18581149,0.34312537,0.87857014,0.93576866,0.5127612,0.40008047,0.27071935,0.19772182,0.21216905,0.14202496,0.07622058,0.022917878,0.014220337,0.022609243,0.04106658,0.05971399,0.09023061,0.12612966,0.07868458,0.00676026,1.23E-05,4.92E-08,3.33E-08,2.44E-08,1.88E-08,1.49E-08,1.21E-08,9.93E-09,8.27E-09,6.94E-09,5.87E-09,5.00E-09,4.29E-09,3.69E-09,3.20E-09,2.78E-09,2.43E-09,2.13E-09,1.88E-09,1.66E-09,1.48E-09,1.32E-09,1.19E-09,1.08E-09,9.95E-10,9.24E-10,8.69E-10,8.30E-10,8.06E-10,0.012270634,0.014813114,0.026541417,0.047459617,0.06107181,0.25741565,1.1963782,16.053167,218.17737,62.347244,1.4542551,0.19620813,0.20594147,0.8544556,0.3253011,0.30763766,0.18485087,4.0306435,7.970765,2.4488678,0.13632093,0.32727435,0.23881568,0.41471177,0.072932266,0.21883234,5.445191,8.507692,3.0230358,1.3679612,0.17768598,0.08349117,0.10291555,0.14278223,0.84349537,15.263647,31.052536,30.115929,4.584408,3.0003734,0.28544483,0.18003123,0.13959298,1.893015,17.214209,23.285929,23.379318,3.5170765,2.295968,0.37276047,0.38935414,1.8203306,14.853172,9.26269,3.2864993,1.2384781,1.6639231,1.5167563,4.060206,3.6051946,1.8639956,0.3207616,0.1647271,0.3839008,1.5515819,0.91738635,0.2674609,0.09422474,0.1130614,0.28959855,0.20886302,0.113622725,0.040288426,0.13129014,0.21845248,0.14880098,0.028190639,0.10230071,0.25958416,0.23002833,0.17567034,0.7254696,1.3580482,0.44746143,0.2502688,0.2153879,0.15115526,0.123317696,0.10686721,0.07751995,0.023129046,0.007996161,0.011436333,0.01831178,0.029406942,0.046897933,0.06925469,0.044009864,0.004337167,9.36E-06,5.97E-07,4.03E-07,2.97E-07,2.28E-07,1.81E-07,1.47E-07,1.20E-07,1.00E-07,8.41E-08,7.12E-08,6.07E-08,5.20E-08,4.48E-08,3.88E-08,3.37E-08,2.94E-08,2.58E-08,2.28E-08,2.01E-08,1.79E-08,1.60E-08,1.45E-08,1.32E-08,1.21E-08,1.12E-08,1.05E-08,1.01E-08,9.77E-09,0.18760552,0.0735311,0.041351248,0.16844484,0.12516643,0.10852297,0.10948288,0.1984152,0.869745,0.5456442,0.10351892,0.053655554,0.110845886,0.08086304,0.052826572,0.08891915,0.107841626,0.16301116,0.143542,0.13940988,0.26076096,0.28606158,0.20027739,0.1043247,19.91500529,25.05058452,22.01514158,20.31929431,17.88990065,72.51866966,19.42433475,4.839284417,3.404211264,3.745415457,3.148142453,1.974103359,7.68756397,2.816891043,hyperkinetic dysphonia
voice199.wav,7.881476,0.21074557,0.101875924,0.017517076,-239.74023,151.07175,-85.99323,12.2356415,-42.23993,4.3494735,44.924046,-40.838078,0.24850453,0.8969828,-21.8371,10.385742,-21.56557,45.08818,19.442654,16.265951,9.016019,7.533707,4.1265717,6.683558,6.6992593,5.1628723,4.5218315,4.3319163,6.5531034,3.2993426,0.002038667,0.009311393,0.007371551,0.016527493,0.02194665,0.040601317,0.06294663,0.11455015,0.1414185,42.106556,156.6309,3.6804125,0.026720382,0.020984286,0.016098203,0.018772334,0.013031993,0.009854153,0.010937394,0.043852434,24.54344,46.168285,1.4766893,0.02392516,0.02631174,0.05242218,0.04927835,0.05859208,0.054380495,0.040423855,3.2803016,107.7519,106.91703,2.254412,0.072190054,0.063955024,0.0990032,0.09298897,0.067378975,0.08139078,0.50223815,38.547768,389.0753,203.06998,2.9033685,0.080016926,0.10423775,0.16621512,0.23842017,0.21929137,3.8550258,158.90263,123.13249,2.078296,0.023270955,0.015932433,0.012338366,0.026182368,0.38164428,3.184134,0.9262286,0.003828002,0.002927698,0.002039096,0.010737184,0.39601764,0.30638918,0.007613675,0.000922585,0.000901209,0.011011897,0.07810595,0.030463805,0.001138385,0.001318267,0.052832287,0.17637298,0.020561725,0.000748231,0.008398721,0.10873528,0.05021829,0.002072072,0.053171717,0.7675778,0.35545045,0.02092547,0.4018831,0.8526502,0.07474831,0.03112554,0.26570177,0.072548054,0.012273142,0.15400948,0.08203006,0.055958427,0.22025275,0.017913986,2.18E-06,7.01E-07,4.79E-07,3.54E-07,2.76E-07,2.23E-07,1.85E-07,1.56E-07,1.34E-07,1.16E-07,1.02E-07,9.04E-08,8.08E-08,7.28E-08,6.61E-08,6.03E-08,5.54E-08,5.13E-08,4.77E-08,4.46E-08,4.19E-08,3.96E-08,3.77E-08,3.61E-08,3.47E-08,3.36E-08,3.28E-08,3.22E-08,3.18E-08,0.001185077,0.007482062,0.006195758,0.012092391,0.012015126,0.025136061,0.04811976,0.0728593,0.11854444,22.669333,64.651955,2.722044,0.06296652,0.03740735,0.02320417,0.020135932,0.015331514,0.022628473,0.028911963,0.123441964,10.677906,24.099514,2.3581092,0.0654073,0.04210117,0.08061492,0.067610934,0.09153393,0.08613419,0.12282146,9.0544405,45.465137,69.77975,4.228969,0.09888012,0.076200895,0.13434795,0.13444927,0.12384678,0.15297113,3.0353184,60.363148,138.36787,169.91437,6.654448,0.13415562,0.110706575,0.18809032,0.35212657,0.38373902,12.653186,161.60687,123.298454,5.393675,0.026109131,0.025117287,0.01635437,0.12622242,0.65086895,1.8174558,1.0079378,0.005917966,0.004451634,0.003036169,0.030338284,0.3575593,0.24007857,0.018989291,0.000730061,0.001537984,0.014844606,0.06016787,0.049531575,0.000827063,0.002850509,0.062334493,0.14681736,0.03973476,0.000886463,0.02437553,0.12689263,0.07832282,0.003346857,0.15422085,1.0253714,0.67449903,0.026573325,0.37703425,0.57951266,0.13085279,0.035184793,0.17256846,0.08074981,0.015547864,0.073153,0.101202756,0.073249094,0.17208512,0.018210335,1.40E-05,8.26E-06,5.64E-06,4.18E-06,3.25E-06,2.63E-06,2.18E-06,1.84E-06,1.58E-06,1.37E-06,1.20E-06,1.07E-06,9.52E-07,8.58E-07,7.79E-07,7.11E-07,6.53E-07,6.04E-07,5.61E-07,5.25E-07,4.94E-07,4.67E-07,4.44E-07,4.25E-07,4.09E-07,3.96E-07,3.86E-07,3.79E-07,3.75E-07,0.27382916,0.014229331,0.09618804,0.40998653,0.05952149,0.043895654,0.2752054,0.09156925,0.01628076,0.02132351,0.14600301,0.9744548,0.13492146,0.06728726,0.10312121,0.28842074,0.06921203,0.08398191,0.105395585,0.11536778,0.099076584,0.12428991,0.14698201,0.08597201,16.73340223,28.13245212,30.58643901,32.40856462,26.67527146,73.83759214,21.29291941,3.434277011,4.068591451,3.912991997,2.906554296,2.107273982,8.270959793,2.873208432,hyperkinetic dysphonia
voice200.wav,25.910206,0.23538058,0.127618367,0.018434879,-170.42958,147.80238,-127.69872,28.84337,-76.26215,-22.284195,55.8171,-46.615223,4.0984135,6.0050087,-9.70499,22.465372,-28.299253,57.26291,20.760262,18.42543,7.446456,9.915551,3.726899,7.7430196,7.143497,1.9807526,2.6212928,3.1503217,3.4653811,4.4987473,0.000489877,0.001383804,0.00313941,3.4499152,5.094271,0.013660792,0.004364634,0.16579747,5.816617,1.2030599,0.004388461,0.00392968,3.050665,9.047747,0.23918384,0.003155265,0.049555227,7.9928446,5.726203,0.02678648,0.008854762,4.142683,20.030516,2.7989857,0.033314183,1.3597919,144.26709,181.99158,3.9842255,0.26739645,52.724842,365.23822,151.19955,1.1603287,0.27399653,9.843273,23.0636,4.066556,0.07701194,1.6637405,25.82531,20.228342,0.5782781,1.8783447,98.74561,253.09956,30.550037,4.245255,100.07497,120.31748,10.2139015,0.52155125,5.459187,2.5404425,0.108197644,0.9798945,0.83689135,0.066854715,0.27036428,0.45813617,0.045420114,0.12752014,0.13734534,0.03258868,0.14902215,0.07727163,0.05678085,0.12818573,0.02735461,0.08058954,0.03354209,0.06056616,0.050069943,0.08026652,0.09094643,0.10877039,0.13705577,0.22248502,0.30013403,0.70278233,1.1089488,4.3186364,3.8765254,3.9143848,1.0600517,0.648217,0.42531475,0.37847766,0.42879108,0.47199664,0.5751359,0.9492296,1.9860725,3.6957202,6.158366,6.082772,4.7028475,1.2886313,0.07950501,0.000204578,3.76E-07,2.36E-07,1.71E-07,1.35E-07,1.11E-07,9.42E-08,8.15E-08,7.18E-08,6.39E-08,5.74E-08,5.20E-08,4.74E-08,4.35E-08,4.01E-08,3.72E-08,3.46E-08,3.24E-08,3.05E-08,2.88E-08,2.74E-08,2.61E-08,2.51E-08,2.41E-08,2.34E-08,2.27E-08,2.22E-08,2.19E-08,2.17E-08,0.002385507,0.006325771,0.015795086,1.2547927,1.8385257,0.014577262,0.007471085,0.32342187,5.031778,0.5751401,0.006647667,0.008411542,2.5255213,3.025889,0.25835258,0.013514156,0.11543699,3.755072,3.3887098,0.0552368,0.008613407,5.8100142,7.720104,3.30047,0.060716342,4.154866,85.91281,95.580574,7.2981052,0.3294494,120.00342,128.3045,134.33604,3.564878,0.5871174,10.115613,11.49018,8.001499,0.067762844,3.3097155,15.833564,14.433298,1.0554048,5.1388793,75.53799,153.54318,43.58171,13.022754,102.87095,60.54856,21.300941,0.9485955,3.934339,1.5891095,0.22594354,0.9639919,0.44042927,0.16880852,0.26772332,0.25631455,0.07357039,0.122354336,0.09635273,0.0459401,0.08047817,0.0713853,0.048336945,0.06480098,0.025477545,0.046761055,0.032277446,0.03475814,0.03256023,0.05573052,0.058160156,0.06275406,0.07242996,0.1448273,0.18359107,0.31268677,0.67663306,2.002039,1.9753729,1.9037716,0.41422832,0.34395862,0.19494528,0.13539107,0.1503931,0.14395574,0.16992944,0.27547905,0.77635217,1.1282823,2.6718416,2.128753,2.0150144,0.61016643,0.055457607,0.00019522,4.56E-06,2.86E-06,2.08E-06,1.63E-06,1.35E-06,1.14E-06,9.89E-07,8.71E-07,7.75E-07,6.96E-07,6.30E-07,5.74E-07,5.27E-07,4.86E-07,4.51E-07,4.20E-07,3.94E-07,3.70E-07,3.50E-07,3.32E-07,3.17E-07,3.04E-07,2.93E-07,2.83E-07,2.76E-07,2.70E-07,2.66E-07,2.63E-07,0.17817672,0.784721,0.46662623,0.48596784,0.65606683,0.20174916,0.3917722,0.911256,0.1092345,0.15022872,0.11103734,0.10605643,0.091242835,0.20257743,0.22150624,0.21917722,0.25723413,0.08293175,0.26225626,0.1538356,0.07932147,0.079060294,0.07029015,0.056283165,32.81546473,27.34656236,32.01308456,32.1106267,26.58648687,78.95518501,17.79714697,5.023896983,4.734292993,4.139099424,3.447736298,2.830583071,8.21163956,3.006273669,hyperkinetic dysphonia
voice201.wav,33.73817,0.1645818,0.114018587,0.024553439,-187.21465,159.2733,-100.880005,13.355638,-32.561794,-5.8403935,36.677696,-34.758507,4.6637707,-2.2390919,-28.420748,9.782484,-18.862194,86.98404,28.229347,44.80626,21.41555,19.504824,9.734674,14.237201,13.424443,5.458312,5.862483,11.948926,5.349926,8.984381,0.002517091,0.020654729,0.024417957,0.08028171,0.2893769,5.309764,8.820082,29.027203,194.27156,42.212414,0.30346972,0.27266863,0.3989834,0.94959736,2.407411,5.2854056,17.44199,56.853733,31.848948,0.8671711,0.36070347,0.8486469,0.88588405,1.1812768,2.136242,6.7108955,7.9971685,17.795769,4.027836,1.9509023,3.2632315,5.1387324,8.162054,25.080727,36.443115,60.13055,97.63305,47.84564,36.609875,67.67525,30.17824,25.722012,46.12499,44.637554,72.10798,84.80675,35.877663,9.310581,6.991769,10.74458,18.148617,10.038149,11.693427,11.211713,5.627327,3.0649352,3.538215,1.6999675,1.97701,1.242136,0.54143006,0.48979273,0.53685886,0.3728863,0.41816086,0.3819948,0.17728359,0.19563086,0.1865252,0.19757321,0.17935082,0.116166465,0.107590936,0.10304877,0.12705943,0.08192357,0.07431005,0.07906103,0.095504016,0.058447696,0.0599339,0.10889855,0.13179322,0.1218202,0.1854295,0.2994329,0.32302314,0.6496437,1.808626,1.8971627,2.2171469,1.9400594,1.0708305,0.7181322,0.55685836,0.3647469,0.25971103,0.12068964,0.011520871,1.74E-05,1.07E-07,6.83E-08,4.77E-08,3.54E-08,2.74E-08,2.18E-08,1.78E-08,1.49E-08,1.26E-08,1.08E-08,9.36E-09,8.20E-09,7.26E-09,6.48E-09,5.83E-09,5.28E-09,4.82E-09,4.43E-09,4.10E-09,3.81E-09,3.57E-09,3.37E-09,3.20E-09,3.06E-09,2.95E-09,2.87E-09,2.81E-09,2.77E-09,0.00689975,0.023893874,0.043509133,0.123791024,0.9809321,20.182034,27.537457,45.976765,247.6235,72.00449,0.49910396,0.8615988,1.6369673,4.670372,11.471115,18.888414,38.21696,86.04008,58.50123,2.3125644,1.2073997,3.9275734,3.0119357,3.511559,4.9611616,13.839403,13.523302,42.3712,9.1427,5.350442,12.465579,15.060051,23.599813,57.583202,74.226776,112.61691,173.00523,106.380424,121.98746,250.28348,98.13649,61.267662,101.88493,97.747734,133.9231,153.23193,79.392654,18.488495,12.03014,19.870617,35.35969,17.525454,15.084094,15.144535,6.6635437,3.5589411,5.0938344,1.827651,3.1649113,1.7027531,0.76000136,0.7181862,0.8450758,0.55435133,0.5431455,0.80639255,0.2027131,0.2298027,0.22611977,0.24280651,0.2475073,0.12890452,0.12219394,0.10300772,0.15943228,0.08243845,0.080350205,0.10554404,0.1400988,0.055128515,0.06135032,0.13193901,0.16258237,0.1331323,0.22585073,0.49158356,0.43847463,0.97578824,3.233451,2.7962468,3.197275,2.7809296,1.6978104,0.7972363,0.6689542,0.4578155,0.3634674,0.19930066,0.026297148,2.87E-05,1.29E-06,8.28E-07,5.79E-07,4.29E-07,3.32E-07,2.65E-07,2.16E-07,1.80E-07,1.52E-07,1.31E-07,1.13E-07,9.95E-08,8.81E-08,7.86E-08,7.07E-08,6.40E-08,5.85E-08,5.37E-08,4.97E-08,4.63E-08,4.33E-08,4.09E-08,3.89E-08,3.72E-08,3.58E-08,3.48E-08,3.40E-08,3.36E-08,0.38699478,0.37434742,0.2871022,0.26934895,0.21103421,0.17228897,0.18846437,0.31868538,0.531682,0.59048593,0.4097699,0.35639063,0.23957475,0.27815878,0.29183516,0.23758985,0.1858313,0.21503106,0.23819612,0.30686802,0.33922753,0.36344266,0.35050046,0.32196027,23.18993668,21.50443167,20.57800898,19.42279449,16.88952798,74.83096495,18.34522527,5.877421699,6.086425653,5.542013094,3.823555339,2.646976412,8.723887675,2.570607756,hypokinetic dysphonia
voice202.wav,22.549171,0.18727839,0.078544463,0.032461457,-234.57425,147.34908,-91.38382,5.2207,-23.739323,-4.540078,27.766428,-33.540565,1.8593205,4.2331533,-23.966696,-0.10562874,-19.772247,103.932816,35.471565,44.768616,5.1559677,14.503599,5.387231,11.673833,15.639899,3.8670974,4.626109,9.558102,3.2791142,9.469429,0.001164992,0.004807115,0.006525524,0.017697899,0.028586365,0.05167378,0.30339473,1.2363689,588.2028,292.08542,0.18790385,0.061999276,0.04026087,0.043461468,0.062451568,0.0963508,0.103654295,11.514526,19.43347,0.29759917,0.054297652,0.030369509,0.06819076,0.07096948,0.069574445,0.2373935,16.40271,135.28139,17.060976,0.863408,0.2140196,0.11905107,0.16813472,0.2539879,0.4324242,5.679098,243.3539,126.35405,2.8783877,1.0363555,0.72546905,0.79983705,0.8298906,0.78776634,1.5625788,44.202267,31.678894,1.4298574,0.828559,0.84236217,0.729082,1.1138092,9.573125,47.648174,6.0818686,1.1545573,0.87137914,0.48996833,0.46610105,3.566176,1.9184376,0.18856975,0.080788046,0.08997392,0.17096312,0.39781782,0.06248272,0.02767509,0.026402637,0.08976628,0.1695382,0.036541227,0.023557654,0.03085095,0.0877832,0.053308684,0.028683342,0.02484614,0.038154766,0.033278715,0.027000286,0.03684226,0.06595065,0.10184746,0.10967175,0.1717381,0.13695982,0.12762786,0.20723173,0.18551922,0.16510423,0.21220802,0.093945004,0.04908052,0.041816697,0.029506108,0.048363406,0.023015665,0.002081692,8.48E-06,1.02E-08,7.73E-09,6.20E-09,5.13E-09,4.36E-09,3.76E-09,3.28E-09,2.91E-09,2.59E-09,2.33E-09,2.11E-09,1.92E-09,1.76E-09,1.62E-09,1.51E-09,1.40E-09,1.31E-09,1.24E-09,1.17E-09,1.11E-09,1.06E-09,1.02E-09,9.79E-10,9.47E-10,9.23E-10,9.03E-10,8.89E-10,8.80E-10,0.003101343,0.011562752,0.028394653,0.050034836,0.084751874,0.10501762,0.8262435,1.570719,435.79257,215.62672,0.2702612,0.09389417,0.05668914,0.050076935,0.099501565,0.13396707,0.10618936,11.007612,15.017918,0.279247,0.06274307,0.034654416,0.12165223,0.10109419,0.07370799,0.2453337,17.130331,122.23468,18.40581,1.1116741,0.22446674,0.119354956,0.21334514,0.23633577,0.4323549,7.5815454,195.10393,110.8317,5.647721,1.2165616,0.8076884,1.0102458,1.0191941,0.852018,1.9212044,35.41968,32.011208,2.5231137,0.9503233,1.0714377,0.76056236,1.3037994,10.082417,40.92276,7.7292714,1.0540961,0.9283836,0.54116243,0.5229629,3.6291404,2.0301309,0.22564141,0.078385316,0.09870065,0.18424329,0.47447872,0.09241717,0.027963584,0.024814485,0.103853114,0.20131774,0.043623492,0.020576073,0.031763807,0.09677854,0.052296437,0.028716883,0.026803354,0.038901556,0.035167303,0.028673315,0.04267605,0.07567499,0.11362227,0.10432118,0.15190205,0.117599316,0.11140819,0.2029133,0.18218589,0.15055394,0.22187132,0.11237706,0.051485546,0.03915164,0.028292278,0.049275737,0.02378699,0.002175136,1.01E-05,1.23E-07,9.38E-08,7.52E-08,6.23E-08,5.29E-08,4.56E-08,3.98E-08,3.52E-08,3.14E-08,2.82E-08,2.56E-08,2.33E-08,2.14E-08,1.97E-08,1.83E-08,1.70E-08,1.59E-08,1.50E-08,1.42E-08,1.35E-08,1.28E-08,1.23E-08,1.19E-08,1.15E-08,1.12E-08,1.10E-08,1.08E-08,1.07E-08,0.1823856,0.18766925,0.14050314,0.15437254,0.32400128,0.14584185,0.116402544,0.22094837,0.3555238,0.8589481,0.2806283,0.104474045,0.2985119,0.18154855,0.24657744,0.210597,0.16513255,0.16998877,0.20032969,0.3698819,0.23586142,0.2772196,0.14034756,0.18684562,21.11282162,25.55295879,23.33964189,22.08556415,16.84967757,70.95310066,19.06476852,4.03132718,8.438614312,6.447017267,3.808291153,2.035981299,8.732121196,3.599015338,hypokinetic dysphonia
voice203.wav,8.34927,0.16803601,0.101516621,0.016670367,-209.01778,162.84445,-112.691826,18.912338,-7.891985,-6.0133786,27.200867,-29.472708,15.480914,10.87602,-29.909554,3.105391,-12.547295,56.004772,24.530994,19.198027,5.9089413,7.0556836,3.3470519,5.4776917,7.8865027,5.430824,3.2776067,7.4567456,2.9209442,3.9743795,0.007586745,0.033106875,0.060189977,0.19822687,0.17002822,0.13364863,0.10082503,0.2625825,73.70982,53.14109,0.15848584,0.064091764,0.06470971,0.030671034,0.029821709,0.029881906,0.041580662,6.423947,42.100796,2.941045,0.02898268,0.0192393,0.017465048,0.020581089,0.031155387,0.036486566,1.8196129,105.97068,64.03453,0.4964598,0.097055,0.08978371,0.096808195,0.065224126,0.0874302,0.36546388,75.22655,336.65598,35.964252,0.40764615,0.1660095,0.10805827,0.08554708,0.05890686,0.11397729,10.608171,42.95866,5.3590164,0.22539859,0.15978879,0.14635104,0.13302772,0.57080233,24.702044,21.551794,0.50107896,0.33250612,0.45934016,0.5451818,5.8851085,16.257078,2.4303408,0.14637767,0.1030728,0.14540851,1.8608341,1.237082,0.084246844,0.054490715,0.07084,0.60879076,0.26931354,0.017526565,0.014362652,0.22510311,0.27435282,0.014244572,0.00716298,0.049212288,0.058749165,0.002912436,0.008781046,0.12122956,0.044865575,0.030511683,0.6744151,0.72289836,0.06366537,0.1932556,0.2172487,0.023710819,0.07286278,0.072425075,0.015109281,0.073430106,0.02416137,0.014337879,0.01586956,0.00031839,5.52E-07,6.47E-08,5.01E-08,4.02E-08,3.31E-08,2.79E-08,2.38E-08,2.06E-08,1.80E-08,1.59E-08,1.41E-08,1.27E-08,1.15E-08,1.04E-08,9.53E-09,8.76E-09,8.09E-09,7.52E-09,7.02E-09,6.59E-09,6.22E-09,5.90E-09,5.63E-09,5.40E-09,5.20E-09,5.05E-09,4.92E-09,4.84E-09,4.78E-09,0.007304695,0.029546345,0.04480177,0.1825395,0.120275006,0.111327656,0.09541046,0.40989646,52.063557,27.088564,0.34243983,0.12821133,0.08211175,0.0651489,0.07728868,0.09106932,0.18655962,2.9216042,19.559694,2.6906447,0.045129545,0.041645437,0.047289357,0.040339313,0.10665097,0.13227606,2.9607208,33.646904,35.20015,0.7343267,0.09878191,0.09144952,0.07429738,0.0591128,0.061081167,0.5214594,36.034645,203.57321,43.557056,0.39816096,0.123674534,0.093362466,0.08077942,0.07126794,0.15189172,9.189367,19.528162,6.4368877,0.20030554,0.14616296,0.12392287,0.11450872,0.9333317,18.273571,15.012525,0.79990077,0.24567789,0.32975605,0.38588205,6.501375,10.20003,4.5513215,0.15575013,0.1096739,0.14228562,1.1866813,0.8632294,0.07322599,0.046210133,0.08016728,0.46093577,0.29281685,0.012965041,0.009705357,0.22120672,0.20191115,0.016334038,0.006254318,0.04133712,0.047407154,0.002607364,0.010738489,0.08584192,0.035371933,0.026376843,0.51447296,0.65800154,0.09195257,0.24407952,0.25360343,0.04151667,0.06589457,0.07023919,0.019193362,0.05552012,0.02919613,0.01526115,0.01404034,0.000491015,1.34E-06,7.85E-07,6.08E-07,4.88E-07,4.01E-07,3.38E-07,2.89E-07,2.49E-07,2.18E-07,1.93E-07,1.72E-07,1.54E-07,1.39E-07,1.26E-07,1.16E-07,1.06E-07,9.82E-08,9.12E-08,8.52E-08,8.00E-08,7.55E-08,7.16E-08,6.83E-08,6.55E-08,6.31E-08,6.12E-08,5.97E-08,5.87E-08,5.80E-08,0.049633786,0.13009457,0.016534455,0.096709535,0.4476219,0.07636411,0.05629035,0.07290801,0.22216448,0.98501116,0.16492996,0.010992345,0.054575976,0.067223184,0.05723717,0.084776655,0.17120376,0.07182953,0.08754778,0.08525358,0.12465982,0.11646266,0.06648296,0.050952114,18.13383532,26.59423377,28.77168886,26.50697534,23.03509718,71.45115342,18.77891185,2.693810455,4.120386676,4.239886137,3.014385418,2.185970255,8.378271344,2.740347314,healthy 
voice204.wav,14.59503,0.13318366,0.100562998,0.019807303,-278.9426,148.08951,-68.089516,15.070687,-27.40139,6.4446545,39.685955,-33.837154,1.0291657,3.1106532,-21.343988,8.124692,-15.81735,60.029305,22.572657,22.711058,9.307363,11.781565,7.4235406,11.833128,11.898487,4.343583,3.8779745,6.809915,5.9898086,5.402575,0.003966176,0.03899522,0.024101444,0.02045793,0.025768831,0.046074882,0.0728711,0.1189446,0.22923476,20.212225,76.50927,2.2946596,0.01795029,0.022055732,0.012097613,0.011338116,0.01035501,0.00712262,0.006569256,0.034944184,12.397805,20.585814,0.8517098,0.013853588,0.009295916,0.009996622,0.011495972,0.017924253,0.021115651,0.019481659,1.3836904,42.387375,42.102245,2.1732242,0.0509517,0.02079218,0.018810362,0.023929141,0.01724543,0.03015379,0.43323994,20.89816,215.33746,126.42096,3.6908548,0.038992465,0.027003841,0.033003263,0.059718803,0.074473456,1.3358438,45.96584,38.969517,1.1053914,0.019162605,0.007733089,0.006159077,0.0309219,0.41317177,1.8661581,0.4257466,0.00820143,0.002088651,0.001438405,0.007084384,0.10274122,0.08784679,0.005949748,0.00107805,0.001073689,0.005511868,0.019006202,0.006672872,0.000881051,0.00079491,0.013262151,0.036580503,0.005128581,0.000806075,0.003053977,0.026328653,0.014865723,0.001400034,0.012991358,0.123650596,0.06473059,0.006816219,0.25675416,0.7014467,0.070463404,0.019997558,0.101274386,0.03370792,0.008592054,0.10266049,0.03555397,0.007656581,0.030443005,0.002610556,4.53E-07,2.11E-10,1.21E-10,7.96E-11,5.60E-11,4.15E-11,3.17E-11,2.50E-11,2.01E-11,1.65E-11,1.38E-11,1.16E-11,9.94E-12,8.59E-12,7.51E-12,6.63E-12,5.90E-12,5.31E-12,4.80E-12,4.39E-12,4.04E-12,3.75E-12,3.57E-12,3.76E-12,3.42E-12,3.04E-12,2.91E-12,2.86E-12,2.83E-12,0.003176266,0.043441918,0.035478882,0.025218427,0.029075643,0.044433217,0.06007554,0.082930796,0.54044783,14.101705,44.902184,2.6755233,0.013822812,0.021540232,0.009390052,0.008443993,0.007169138,0.006970167,0.005621197,0.12370569,9.903018,14.696834,2.019302,0.012963803,0.007200772,0.007457099,0.009429818,0.014626833,0.031931806,0.030518925,4.2816334,29.142662,38.034954,6.8306966,0.108427696,0.01828033,0.019566316,0.023587693,0.018819353,0.03824306,2.5659215,35.951935,149.67316,145.68877,13.348697,0.09530496,0.02331363,0.036827687,0.087656796,0.12670921,5.4619117,40.464626,32.294807,2.5140238,0.049084134,0.008067987,0.005991827,0.17111431,0.85334605,1.4479766,0.5568009,0.029520912,0.003529555,0.001572239,0.025856238,0.07974574,0.07641681,0.017122775,0.001514001,0.001414698,0.008885363,0.016933003,0.010056295,0.001127719,0.001138521,0.014023098,0.026454227,0.007991435,0.001025439,0.006554182,0.022297874,0.021561397,0.002680055,0.024856485,0.13471405,0.13363013,0.014824662,0.30022287,0.6414962,0.13420111,0.045964964,0.08394759,0.04464769,0.013289173,0.10407922,0.0462073,0.010274269,0.031614866,0.003635843,1.16E-06,2.40E-09,1.45E-09,9.60E-10,6.78E-10,5.02E-10,3.85E-10,3.02E-10,2.44E-10,2.00E-10,1.66E-10,1.41E-10,1.20E-10,1.04E-10,9.09E-11,8.02E-11,7.14E-11,6.41E-11,5.81E-11,5.30E-11,4.88E-11,4.52E-11,4.22E-11,3.98E-11,3.77E-11,3.62E-11,3.50E-11,3.41E-11,3.35E-11,0.39509523,0.07263821,0.10688024,0.28191197,0.12116327,0.1017914,0.24223067,0.14599133,0.07647106,0.061505076,0.17140824,0.9510478,0.2495496,0.17210044,0.17050987,0.16858733,0.23729242,0.23003227,0.1537357,0.2094572,0.19483395,0.16482769,0.17744654,0.15099983,16.19321553,25.44169707,26.84799385,29.41267188,23.74233906,73.47869622,21.56637594,3.517685011,5.992215725,7.000987771,6.735937906,5.015952789,7.355196528,3.312762669,healthy 
voice205.wav,10.405384,0.22668062,0.110069736,0.034541117,-179.76372,176.56345,-122.49756,-0.98191166,-28.724586,-11.541082,15.654657,-40.9879,3.7749531,-4.5299277,-14.057861,10.92961,-25.71937,52.823456,24.423199,17.39692,6.538323,5.0093946,5.737161,6.492228,7.3334537,4.0279884,4.0686703,4.269241,4.9620614,7.334995,0.001876367,0.008504456,0.007085146,0.022627594,0.031053994,0.06722119,0.09021813,0.20292486,62.143856,45.151764,0.14389619,0.054838374,0.19800314,0.7254315,0.2685138,0.12159237,0.24157438,52.7706,151.4172,7.3716583,0.15096627,0.146393,0.8408143,0.58437634,0.20525247,0.53138673,31.77007,420.60956,160.07184,3.7082,0.85354716,5.1993847,3.520883,0.7675958,0.4247256,2.2325816,49.542072,84.12036,10.380124,0.9606358,4.114237,4.0432096,2.4154336,1.1788875,5.5749235,165.79991,216.07687,28.308332,2.0919538,3.7515624,2.9767396,0.8946666,10.576188,75.133766,24.630217,1.9386429,1.919688,1.1192634,0.5058427,6.2534237,6.4813952,1.0597923,0.4234459,0.26899475,0.28960663,1.4273804,0.46887136,0.08895463,0.07694574,0.14310224,0.5847355,0.17308435,0.0494153,0.040334877,0.1808078,0.15109083,0.06892406,0.06709825,0.21276756,0.14606272,0.028416945,0.022357672,0.0365568,0.023170635,0.046404622,0.21595867,0.16700122,0.055474903,0.048568398,0.013429882,0.003626531,0.010793664,0.024436414,0.12763375,0.40590432,0.3380751,0.32518706,0.12027751,0.005186841,2.21E-05,5.08E-06,3.75E-06,2.94E-06,2.40E-06,2.02E-06,1.73E-06,1.50E-06,1.32E-06,1.17E-06,1.05E-06,9.55E-07,8.70E-07,7.98E-07,7.37E-07,6.84E-07,6.38E-07,5.98E-07,5.64E-07,5.34E-07,5.08E-07,4.85E-07,4.66E-07,4.50E-07,4.36E-07,4.25E-07,4.17E-07,4.11E-07,4.07E-07,0.003097639,0.009399327,0.023141516,0.038548265,0.03715092,0.063588895,0.084809214,0.34042057,16.841766,22.775345,0.15455206,0.08389494,0.56946653,1.6711047,0.4596583,0.1384146,0.20942222,40.545753,50.604958,9.045403,0.16017574,0.32714394,2.0819416,1.0440537,0.2322512,0.48791623,39.76231,195.17279,180.84943,7.6003556,2.125226,19.252728,7.0042706,1.1761774,0.3935418,4.392598,39.6108,90.06072,19.718447,1.7366863,19.988176,12.84865,7.1277843,1.2166221,12.070391,141.40753,114.78125,51.547825,3.4939864,7.5525618,5.277026,0.7966084,19.687086,70.91671,32.287983,2.5942485,3.1896048,1.7972732,0.6242094,6.9296217,4.3460054,1.7997911,0.74427503,0.5164641,0.28262463,0.94426566,0.43373013,0.09273125,0.10027269,0.13178952,0.4613319,0.18540612,0.0496494,0.02833167,0.14489488,0.11314406,0.078346685,0.052356333,0.19569221,0.1313685,0.033744927,0.024827544,0.03097746,0.035163954,0.0725503,0.23452622,0.18456917,0.038319897,0.05515136,0.015577317,0.002934106,0.014141835,0.031644706,0.096696496,0.32060114,0.18696071,0.19015932,0.08592031,0.00435783,0.000100813,6.17E-05,4.54E-05,3.57E-05,2.91E-05,2.45E-05,2.09E-05,1.82E-05,1.60E-05,1.43E-05,1.28E-05,1.16E-05,1.06E-05,9.68E-06,8.94E-06,8.29E-06,7.74E-06,7.26E-06,6.84E-06,6.47E-06,6.16E-06,5.89E-06,5.66E-06,5.46E-06,5.29E-06,5.16E-06,5.05E-06,4.98E-06,4.93E-06,0.15229566,0.6294542,0.11995678,0.15100865,0.9677555,0.29972458,0.04911868,0.056993414,0.10430404,0.5372268,0.18725249,0.039948966,0.1030703,0.18724252,0.08861844,0.11307497,0.13246828,0.21886909,0.11447098,0.12093961,0.124874964,0.19381273,0.14567547,0.111591585,18.78842959,24.79212665,27.22050995,24.3113151,21.3035536,73.72350972,18.6101223,3.211609476,4.166440803,4.026912233,2.805446853,2.252762744,8.65378002,2.707538188,hyperkinetic dysphonia
voice206.wav,6.646283,0.32566133,0.131114985,0.020102173,-213.54337,117.65643,-110.66697,11.088075,-29.767765,-3.9119914,38.801792,-39.5246,0.19013624,8.870409,-29.568865,-0.9426511,-18.021084,45.665386,19.023674,16.034227,9.115371,6.632387,4.639546,6.9682426,7.1842537,4.305396,3.631808,5.446581,4.398167,4.459693,0.003414584,0.013037637,0.011428269,0.017066672,0.026806496,0.06219673,0.05639898,0.10616271,0.1229322,0.048997525,0.074512415,0.040783055,0.016811272,0.03236629,33.386482,86.65278,3.0033078,0.022400118,0.01983565,0.02039042,0.0246394,0.016991273,0.020469476,0.021796364,0.025206652,0.056645624,0.03005997,0.02970547,0.038946226,5.3787465,286.3121,305.29556,18.37934,0.1154283,0.11040773,0.08491461,0.12191694,0.1963182,0.31204143,0.2013778,0.12532221,0.13809243,0.11627443,0.11462341,5.959327,330.30878,1275.7979,267.89957,3.6041481,0.17169702,0.08843424,0.09362565,0.120048255,0.068764694,0.06914829,0.0681929,0.7214761,96.56308,324.4148,44.2051,0.36824685,0.036062956,0.01713331,0.008234461,0.004480771,0.008168033,1.5386946,8.269282,1.9105395,0.06379753,0.003381728,0.003174567,0.00242004,0.021145685,1.0179306,2.146081,0.22330731,0.007843368,0.007184659,0.00616303,0.24466346,1.6377136,0.42549175,0.020201856,0.028569587,0.09808935,4.8355303,6.75718,0.58514166,0.08822285,0.064834505,0.81501096,0.7024269,0.041991837,0.021499412,0.09865135,0.2186417,0.026781397,0.000904667,1.17E-05,6.76E-06,5.21E-06,4.21E-06,3.50E-06,2.99E-06,2.59E-06,2.27E-06,2.01E-06,1.80E-06,1.62E-06,1.47E-06,1.34E-06,1.24E-06,1.14E-06,1.06E-06,9.89E-07,9.28E-07,8.74E-07,8.27E-07,7.87E-07,7.52E-07,7.22E-07,6.96E-07,6.75E-07,6.58E-07,6.44E-07,6.34E-07,6.28E-07,0.020931883,0.031054687,0.025953686,0.034382384,0.07082646,0.15501276,0.10258653,0.1621448,0.17704955,0.07127418,0.19921085,0.11926398,0.05784128,0.082036376,23.037422,32.19485,5.848198,0.034878857,0.037075017,0.044672452,0.064051114,0.033629086,0.03131246,0.022884408,0.03866716,0.14802277,0.06777782,0.051045205,0.09547198,14.775077,211.91469,200.5204,51.07576,0.11798956,0.09767072,0.075493015,0.10580076,0.14664693,0.35060665,0.24077368,0.12063391,0.18068224,0.18767633,0.27313262,22.053837,400.60785,509.6837,321.5554,18.390772,0.17673677,0.13129571,0.077768154,0.13870013,0.050351247,0.050036382,0.07384455,3.0534232,81.36314,132.72061,69.08161,1.8704077,0.06695448,0.02710952,0.016902927,0.011395299,0.014571105,2.7631443,4.608111,2.0221689,0.337063,0.00713221,0.005463358,0.002017549,0.07753938,0.7033443,1.1903697,0.54342735,0.02602538,0.007227312,0.005175196,0.39220068,0.8135782,0.44035646,0.037008345,0.018617403,0.20943955,4.120727,4.2461863,1.4021736,0.07445487,0.08868004,0.7146301,0.62944347,0.07552418,0.010170337,0.12959288,0.19137347,0.04641504,0.002665511,0.000119305,8.20E-05,6.32E-05,5.11E-05,4.25E-05,3.63E-05,3.14E-05,2.75E-05,2.44E-05,2.18E-05,1.97E-05,1.78E-05,1.63E-05,1.50E-05,1.38E-05,1.29E-05,1.20E-05,1.13E-05,1.06E-05,1.00E-05,9.55E-06,9.12E-06,8.76E-06,8.45E-06,8.18E-06,7.97E-06,7.81E-06,7.69E-06,7.62E-06,0.11396585,0.9649442,0.2521945,0.006327388,0.004403099,0.08758406,0.6563037,0.16163419,0.004631268,0.00385104,0.010796919,0.00352251,0.07973439,0.1347384,0.15108041,0.038737293,0.020513702,0.057483934,0.22188601,0.13060182,0.015893036,0.011063704,0.011624567,0.019968016,16.69001948,28.01862819,33.12573664,31.44708151,27.83577627,72.87366819,20.34965459,3.931810211,4.007059031,4.132499819,3.618465285,2.461519858,8.369684107,3.022967766,healthy 
voice207.wav,8.64729,0.20595282,0.084823301,0.011025359,-190.3292,176.9567,-89.05411,24.852772,-33.201523,-9.067727,31.39971,-43.744873,4.5385175,9.525361,-18.279549,5.616933,-21.53207,52.51389,24.36111,13.116183,9.320074,6.321044,5.728046,7.1659355,7.5792704,3.994793,3.845245,5.6400533,4.827528,4.3103895,0.016387094,0.05351835,0.033350132,1.0992153,1.02021,0.19433413,0.47506648,73.91624,29.765265,0.94256836,0.7346738,0.8445652,0.5196117,0.44468698,0.34498954,32.641235,43.832104,0.441874,0.30468905,1.6168747,2.4734824,1.00521,0.59057885,15.25641,85.52607,7.0503078,0.2430817,0.16906916,0.17802314,0.1757038,0.26638803,30.879608,620.0106,182.53737,0.7206662,0.16792654,0.18430479,0.15286133,0.11791099,1.5418371,73.73903,46.987617,0.605397,0.10540258,0.1474934,0.15454957,0.20868368,7.536005,50.744385,9.770729,0.28678086,0.19793715,0.20569548,0.59435725,49.689953,35.599644,0.33142745,0.075888395,0.05661313,0.5830861,2.3900445,0.20743366,0.017487464,0.026760582,0.08285332,0.30142146,0.029023308,0.014008366,0.028149467,0.2684536,0.079895675,0.011637403,0.008947177,0.082891785,0.02636192,0.008458043,0.03964958,0.09702588,0.019886747,0.03454596,0.08583349,0.031650443,0.037455816,0.25308403,0.14326236,0.17617877,0.540654,0.09214458,0.086861104,0.11894674,0.022450749,0.08146026,0.03907111,0.10634392,0.15582033,0.11484945,0.20874335,0.04144867,0.005128982,1.72E-05,2.30E-06,1.68E-06,1.30E-06,1.05E-06,8.73E-07,7.41E-07,6.39E-07,5.59E-07,4.94E-07,4.41E-07,3.97E-07,3.59E-07,3.28E-07,3.01E-07,2.78E-07,2.58E-07,2.41E-07,2.26E-07,2.13E-07,2.02E-07,1.92E-07,1.84E-07,1.77E-07,1.71E-07,1.67E-07,1.63E-07,1.61E-07,1.59E-07,0.036295135,0.068014935,0.055196118,1.1368145,1.5182697,0.2761994,0.62919736,32.82838,10.872381,3.0613596,2.5648053,0.8383641,0.5541999,1.3008448,1.0139055,12.187146,13.187396,0.8047224,0.76322395,4.3934665,4.0970426,1.8416035,1.2070062,7.960104,52.284344,10.054572,0.43058422,0.35459518,0.23502016,0.19886553,0.2693567,34.050583,174.64249,144.37245,2.2373397,0.1972279,0.19477515,0.29051623,0.16290934,2.6450179,46.23958,17.957561,1.9815948,0.16149446,0.17686142,0.18114251,0.2481272,8.369115,24.723183,14.681873,0.38904202,0.23872836,0.4128784,0.79985666,22.568632,20.137241,0.98253375,0.056090143,0.052960582,0.8140294,1.2587074,0.22917892,0.015907692,0.04664921,0.069013454,0.18991835,0.0321787,0.021012168,0.060084883,0.13997109,0.05451642,0.021833302,0.008754264,0.047469016,0.019694785,0.009540089,0.026471091,0.043139365,0.020381628,0.05928084,0.064965755,0.025804196,0.023074394,0.13918814,0.11052988,0.14700276,0.4437642,0.057546496,0.06357964,0.09758564,0.01319777,0.06530099,0.021223042,0.061889045,0.107257225,0.06462847,0.12921415,0.020819616,0.003664551,4.68E-05,2.80E-05,2.03E-05,1.58E-05,1.27E-05,1.06E-05,8.99E-06,7.75E-06,6.78E-06,5.99E-06,5.35E-06,4.81E-06,4.36E-06,3.98E-06,3.65E-06,3.37E-06,3.13E-06,2.92E-06,2.74E-06,2.59E-06,2.45E-06,2.33E-06,2.24E-06,2.15E-06,2.08E-06,2.02E-06,1.98E-06,1.95E-06,1.93E-06,0.025427531,0.03357402,0.19708991,0.055395875,0.05721162,0.12825607,0.15585586,0.995483,0.22427107,0.017430626,0.052531846,0.15562756,0.05764945,0.07299934,0.06845131,0.06571521,0.052814845,0.060486376,0.07990719,0.03915989,0.10795893,0.0943977,0.11643392,0.09454879,29.4953614,23.58558838,28.93524458,25.67850773,20.1257787,73.0037768,17.1631584,4.356069787,3.945743381,3.621859481,2.999066565,2.004116671,8.468583529,2.466568655,healthy 
voice208.wav,6.5737467,0.31621596,0.090758048,0.013658091,-187.07268,161.41446,-80.82515,29.254143,-38.20788,-17.472956,31.672728,-41.89278,-1.7985262,-2.868928,-31.23159,6.402066,-20.62846,49.738045,21.918875,12.999772,11.352427,7.1520324,8.185201,8.778947,7.60792,5.0686097,6.381989,5.863013,3.319984,5.4945335,0.010208211,0.02219602,0.021427933,0.48817962,0.5721711,0.31725347,0.27473405,1.4387805,22.50117,153.18056,8.869544,1.9295945,1.0614841,2.864244,1.2553668,0.77268696,1.7929257,1.4664965,40.28782,317.1287,22.434027,0.47465888,0.32260433,0.2628889,0.17310779,0.25188732,0.36107385,0.7708063,189.8631,956.0542,61.40845,0.25795573,0.214215,0.15513921,0.20745416,0.11106422,0.14695714,0.40099433,259.8898,1120.8446,85.56635,0.19756812,0.13352501,0.12053545,0.13364033,0.09166145,0.10945905,4.887904,77.514114,18.870438,0.104706064,0.11081616,0.15199514,0.095571674,0.10228799,10.835377,19.318342,0.22994083,0.06297593,0.035689585,0.03155017,0.13058817,1.3665999,0.27430812,0.02770234,0.04016752,0.039473232,0.24534447,0.36820358,0.024952311,0.03226557,0.032988638,0.15162732,0.15882967,0.054974407,0.04370286,0.10906967,0.32053673,0.054916088,0.03853981,0.06494269,0.19105457,0.012287365,0.009480775,0.5131237,0.39416084,0.017435992,1.7156484,5.129818,0.07480764,0.35222054,0.9772102,0.03519226,0.24463376,0.4587192,0.020467158,0.2202832,0.09934922,0.000867674,1.11E-05,4.84E-06,3.71E-06,3.00E-06,2.50E-06,2.13E-06,1.85E-06,1.62E-06,1.44E-06,1.29E-06,1.16E-06,1.06E-06,9.69E-07,8.93E-07,8.26E-07,7.69E-07,7.19E-07,6.76E-07,6.38E-07,6.05E-07,5.76E-07,5.51E-07,5.30E-07,5.12E-07,4.96E-07,4.84E-07,4.74E-07,4.68E-07,4.63E-07,0.089422956,0.054037813,0.11817749,0.5633319,0.65633315,0.7085272,0.8554566,3.0895147,19.209074,98.78107,3.9908268,5.473081,1.7736505,8.537741,3.010357,1.3858743,3.4366302,1.9711555,15.049082,99.854324,13.070621,1.2120625,0.7814122,0.7134686,0.52229124,1.064287,1.2284173,4.948341,166.24872,325.5036,36.940617,0.8874351,1.0576663,0.24336776,0.46150362,0.22825906,0.6040785,1.5973564,180.53085,258.3983,72.822426,0.30316243,0.2900305,0.16844936,0.19020908,0.10709465,0.18675098,7.42596,21.497532,16.353617,0.14452271,0.12680958,0.1898169,0.19520271,0.43813005,7.6670656,7.62451,0.43220696,0.25092894,0.08680452,0.061712082,0.19757101,0.44015184,0.27471825,0.062301833,0.102080524,0.10600297,0.1337608,0.20885229,0.041870285,0.09786422,0.069911495,0.07067592,0.081614755,0.12460649,0.08628146,0.1461237,0.20463738,0.13467936,0.096974745,0.046926614,0.07645902,0.011136892,0.011840904,0.23907818,0.23920298,0.018817073,1.2137783,2.1667764,0.10769488,0.37008923,0.40825495,0.04892657,0.16298302,0.19370402,0.040341564,0.14744042,0.050528374,0.000999357,9.06E-05,5.87E-05,4.51E-05,3.64E-05,3.03E-05,2.58E-05,2.24E-05,1.96E-05,1.75E-05,1.56E-05,1.41E-05,1.28E-05,1.18E-05,1.08E-05,1.00E-05,9.33E-06,8.72E-06,8.20E-06,7.74E-06,7.34E-06,6.99E-06,6.68E-06,6.43E-06,6.21E-06,6.02E-06,5.87E-06,5.75E-06,5.67E-06,5.62E-06,0.004283827,0.024638,0.06287428,0.007832105,0.1370934,0.6302379,0.081939265,0.009163613,0.01005308,0.23051909,0.980755,0.11620857,0.026082458,0.027730165,0.026755145,0.019485828,0.07461936,0.20544265,0.027686693,0.018562052,0.033429537,0.09496889,0.116496824,0.050039206,22.6464621,23.81400138,31.22970987,32.8358809,25.51744602,74.35311977,18.28566337,4.231401545,4.193327265,4.900054734,3.768044605,3.057859001,8.709299891,2.640695881,hyperkinetic dysphonia
